order_id,campagna,binario,importo,valuta,chain,chain_id,forwarder,criterio,conferme,tx_hash,blocco,tx_index,gas_usato,gas_prezzo_wei,costo_gas_nativo,l1_fee_wei,costo_totale_nativo,gas_approve,t0,t_invio,t1,t2,t3,t4,t5,latenza_conferma,latenza_riconcil,latenza_regolam,lat_attesa_invio,lat_inclusione,lat_profondita,lat_notifica,lat_riscatto,stato_ordine,esito,categoria_errore,stato_riscatto,riscatto_motivo,fattura_numero,fattura_uuid,fattura_stato,fattura_accettata,fattura_tentativi,sdi_verifiche,imponibile,imposta,anomalia_orologio
9,,stablecoin,49.90,EUR,basesepolia,,0xe7f1725e7734ce288f8367e1bb143e90bb3f0512,,,,,,,,,,,,,,,,,,,,,,,,,,,pending,in_attesa,,,,,,,0,,,49.90,0.00,0
10,,stablecoin,49.90,EUR,basesepolia,,0xe7f1725e7734ce288f8367e1bb143e90bb3f0512,,,,,,,,,,,,,,,,,,,,,,,,,,,pending,in_attesa,,,,,,,0,,,49.90,0.00,0
11,,stablecoin,49.90,EUR,basesepolia,,0xe7f1725e7734ce288f8367e1bb143e90bb3f0512,,,,,,,,,,,,,,,,,,,,,,,,,,,pending,in_attesa,,,,,,,0,,,49.90,0.00,0
12,,stablecoin,49.90,EUR,basesepolia,,0xe7f1725e7734ce288f8367e1bb143e90bb3f0512,,,0xf28cd54f9a3ff2fefc854a4f823e3d88ab5955f251943e5580dc53920ae91334,,,,,,,,,,,,,,,,,,,,,,,,completed,successo,,,,,,,0,,,49.90,0.00,0
14,,stablecoin,49.90,EUR,basesepolia,,0xe7f1725e7734ce288f8367e1bb143e90bb3f0512,,,0xf28cd54f9a3ff2fefc854a4f823e3d88ab5955f251943e5580dc53920ae91334,,,,,,,,,,,,,,,,,,,,,,,,completed,successo,,,,,,,0,,,49.90,0.00,0
15,,stablecoin,49.90,EUR,basesepolia,,0xe7f1725e7734ce288f8367e1bb143e90bb3f0512,,,0x28e1aac018b2c5d45f243f72eeda72dd465e8313114975810952e5f530a60511,,,,,,,,,,,,,,,,,,,,,,,,completed,successo,,,,,,,0,,,49.90,0.00,0
16,,stablecoin,49.90,EUR,basesepolia,,0xe7f1725e7734ce288f8367e1bb143e90bb3f0512,,,0x37fdabcde3d869240963fda116c714d64f41a84d66fefac28e2a5f4c459831fe,,,,,,,,,,,,,,,,,,,,,,,,completed,successo,,,,,,,0,,,49.90,0.00,0
17,,stablecoin,49.90,EUR,basesepolia,,0xe7f1725e7734ce288f8367e1bb143e90bb3f0512,,,0x43646ed2d006210b83c61709febec28dc67b90b4278c0cd3976288052a085e1b,,,,,,,,,,,,,,,,,,,,,,,,completed,successo,,,,,,,0,,,49.90,0.00,0
18,,stablecoin,49.90,EUR,basesepolia,,0xe7f1725e7734ce288f8367e1bb143e90bb3f0512,,,0xe82f91a52d9b2604b043a716f3a72eaf096e5327331efaa13235a4ff0fffa196,,,,,,,,,,,,,,,,,,,,,,,,completed,successo,,,,,,,0,,,49.90,0.00,0
19,,stablecoin,49.90,EUR,basesepolia,,0xe7f1725e7734ce288f8367e1bb143e90bb3f0512,,,0x7cb085337bceea97d8bd9e83eb9739112e45292f06e448482999969d740f641f,,,,,,,,,,,,,,,,,,,,,,,,completed,successo,,,,,,,0,,,49.90,0.00,0
20,,stablecoin,49.90,EUR,basesepolia,,0xa513e6e4b8f2a923d98304ec87f64353c4d5c853,,,0x3fba926789aadd9797abe81d544ab3b01aba22211837f9367ab83e492b40bbef,,,,,,,,,,,,,,,,,,,,,,,,completed,successo,,,,,,,0,,,49.90,0.00,0
21,,stablecoin,49.90,EUR,basesepolia,,0xa513e6e4b8f2a923d98304ec87f64353c4d5c853,,,0x4a5662893b83069e9d23fe0c1e0c81108f854191bd3b5af8a2ac78a4ae9afca8,,,,,,,,,,,,,,,,,,,,,,,,completed,successo,,,,,,,0,,,49.90,0.00,0
22,,stablecoin,49.90,EUR,basesepolia,,0xe7f1725e7734ce288f8367e1bb143e90bb3f0512,,,,,,,,,,,,,,,,,,,,,,,,,,,pending,in_attesa,,,,,,,0,,,49.90,0.00,0
23,,stablecoin,49.90,EUR,basesepolia,,0xe7f1725e7734ce288f8367e1bb143e90bb3f0512,,,,,,,,,,,,,,,,,,,,,,,,,,,pending,in_attesa,,,,,,,0,,,49.90,0.00,0
24,,stablecoin,49.90,EUR,basesepolia,,0xe7f1725e7734ce288f8367e1bb143e90bb3f0512,,,,,,,,,,,,,,,,,,,,,,,,,,,pending,in_attesa,,,,,,,0,,,49.90,0.00,0
25,,stablecoin,49.90,EUR,basesepolia,,0xcf7ed3acca5a467e9e704c703e8d87f634fb0fc9,,,,,,,,,,,,,,,,,,,,,,,,,,,pending,in_attesa,,,,,,,0,,,49.90,0.00,0
26,,stablecoin,49.90,EUR,basesepolia,,0xcf7ed3acca5a467e9e704c703e8d87f634fb0fc9,,,,,,,,,,,,,,,,,,,,,,,,,,,pending,in_attesa,,,,,,,0,,,49.90,0.00,0
27,,stablecoin,49.90,EUR,basesepolia,,0x5fc8d32690cc91d4c39d9d3abcbd16989f875707,,,0x1fd3bde730c38673e221786d2abaf0edac0d91995ca5df235ffdfe20a4c213c7,,,,,,,,,,,,,,,,,,,,,,,,completed,successo,,,,1,01a058fc-6014-7127-995d-2a7a54bcc26e,sent,0,2,13,49.90,0.00,0
28,,stablecoin,49.90,EUR,basesepolia,,0x5fc8d32690cc91d4c39d9d3abcbd16989f875707,,,0x0e0721c9718d70434c79b1e94f32be27cfe7ee896c54e0fe537b9c52afffe6d3,,,,,,,,,,,,,,,,,,,,,,,,completed,successo,,,,2,01a058fb-6ce2-79f8-8630-8b9085decf77,sent,0,2,13,49.90,0.00,0
29,,stablecoin,49.90,EUR,basesepolia,,0x2279b7a0a67db372996a5fab50d91eaa73d2ebe6,,,0x1b34f846c9e2969075132ee895c885e9abe43652925090a451a58690dd9ebf74,,,,,,,,,,,,,,,,,,,,,,,,completed,successo,,,,3,01a058fc-69f8-760d-9938-a3fe89048ba6,sent,0,1,13,49.90,0.00,0
30,,stablecoin,49.90,EUR,basesepolia,,0x2279b7a0a67db372996a5fab50d91eaa73d2ebe6,,,0xe8911cee9d68dbef6db368958b2c210994f73411487f95439b9bc3db93b88843,,,,,,,,,,,,,,,,,,,,,,,,completed,successo,,,,4,01a058fc-7449-713c-99d2-152685743207,sent,0,1,13,49.90,0.00,0
31,,stablecoin,49.90,EUR,basesepolia,,0xe7f1725e7734ce288f8367e1bb143e90bb3f0512,,,0x4fe11cdcc9227a4e554760b91b6b3821a9b2bf541f6d5f3a593b0ea34dba8a66,,,,,,,,,,,,,,,,,,,,,,,,completed,successo,,,,5,01a0590a-1ea9-7310-bb72-cc3c5bf14966,sent,0,1,13,49.90,0.00,0
32,,stablecoin,49.90,EUR,basesepolia,,0xe7f1725e7734ce288f8367e1bb143e90bb3f0512,,,0x512da036809f4670533f41222d447db5d2f5d105c44c660d6ba7192503c2f206,,,,,,,,,,,,,,,,,,,,,,,,completed,successo,,,,6,01a0590a-2765-7c18-8215-1275800ff6c2,sent,0,1,13,49.90,0.00,0
33,,stablecoin,49.90,EUR,basesepolia,,0xdc64a140aa3e981100a9beca4e685f962f0cf6c9,,,0xb660e26fe2f4eec77df759b3dd0b6ab4555c9e07f1c1e48478507f7304fac99f,,,,,,,,,,,,,,,,,,,,,,,,completed,successo,,,,7,01a0590b-a027-70f6-bfcd-96eb7d6156a5,sent,0,1,13,49.90,0.00,0
34,,stablecoin,49.90,EUR,basesepolia,,0xdc64a140aa3e981100a9beca4e685f962f0cf6c9,,,0xf5f8235ad4aab5549fba2801c2e37bce206be905b4fd1928eb4ee28c12f9c0ce,,,,,,,,,,,,,,,,,,,,,,,,completed,successo,,,,8,01a0590b-a977-7694-9b56-530317ff6cc8,sent,0,1,13,49.90,0.00,0
35,,stablecoin,12.20,EUR,basesepolia,,0xdc64a140aa3e981100a9beca4e685f962f0cf6c9,,,,,,,,,,,,,,,,,,,,,,,,,,,failed,scaduto,,,,,,,0,,,12.20,0.00,0
37,,stablecoin,49.90,EUR,basesepolia,,0xe7f1725e7734ce288f8367e1bb143e90bb3f0512,,,0x87c612185c72c5849865afb2e64bad9e11c3d81130a64449429b9b6654cd80da,,,46437,1592596749,0.000073955415233313,,,,2026-08-31T18:41:46.780Z,,2026-08-31T18:41:52.000Z,2026-08-31T18:41:52.000Z,2026-08-31T18:41:53.983Z,,,5.22,7.204,,,,0,1.983,,completed,successo,,,,10,01a05921-2a88-71ca-8058-6571d5dd24ec,sent,0,1,13,49.90,0.00,0
38,,stablecoin,49.90,EUR,basesepolia,,0xe7f1725e7734ce288f8367e1bb143e90bb3f0512,,,0xc93443b8971ad0b28f1ad8b0082642488782c2941dfd8af2caed093993893097,,,37160,1518751476,0.00005643680484816,,,,2026-08-31T18:41:48.490Z,,2026-08-31T18:41:52.000Z,2026-08-31T18:41:53.000Z,2026-08-31T18:41:58.251Z,,,4.51,9.761,,,,1,5.251,,completed,successo,,,,11,01a05921-3643-7e11-b6f0-dc7f60c96414,sent,0,1,13,49.90,0.00,0
39,,stablecoin,12.20,EUR,basesepolia,,0xe7f1725e7734ce288f8367e1bb143e90bb3f0512,,,,,,,,,,,,2026-08-31T18:42:42.649Z,,,,,,,,,,,,,,,failed,scaduto,,,,,,,0,,,12.20,0.00,0
41,,stablecoin,49.90,EUR,basesepolia,,0xdc64a140aa3e981100a9beca4e685f962f0cf6c9,,,0x0a7709971a52f77c02965a15ee66a9d82d624bb16a07217c764d7aace4213193,,,46449,1157729346,0.000053775370392354,,,,2026-08-31T18:45:36.213Z,,2026-08-31T18:45:41.000Z,2026-08-31T18:45:41.000Z,2026-08-31T18:45:42.596Z,,,4.787,6.383,,,,0,1.596,,completed,successo,,,,13,01a05924-86ba-752c-819b-9ab993d0dcb7,sent,0,1,13,49.90,0.00,0
42,,stablecoin,49.90,EUR,basesepolia,,0xdc64a140aa3e981100a9beca4e685f962f0cf6c9,,,0x7905634722a058a55be61b9d48455bc42b03ee3144f7cb3656555e8232241345,,,37160,1138074231,0.00004229083842396,,,,2026-08-31T18:45:37.829Z,,2026-08-31T18:45:41.000Z,2026-08-31T18:45:42.000Z,2026-08-31T18:45:46.819Z,,,4.171,8.99,,,,1,4.819,,completed,successo,,,,14,01a05924-90e7-7902-b7bc-9a1d285fdb9a,sent,0,1,13,49.90,0.00,0
43,,stablecoin,12.20,EUR,basesepolia,,0xdc64a140aa3e981100a9beca4e685f962f0cf6c9,,,,,,,,,,,,2026-08-31T18:46:22.361Z,,,,,,,,,,,,,,,failed,scaduto,,,,,,,0,,,12.20,0.00,0
45,,stablecoin,10.00,EUR,basesepolia,,0xe7f1725e7734ce288f8367e1bb143e90bb3f0512,,,,,,,,,,,,2026-08-31T19:05:57.199Z,,,,,,,,,,,,,,,failed,scaduto,,,,,,,0,,,10.00,0.00,0
46,,stablecoin,10.00,EUR,basesepolia,,0xe7f1725e7734ce288f8367e1bb143e90bb3f0512,,,,,,,,,,,,2026-08-31T19:05:57.268Z,,,,,,,,,,,,,,,failed,scaduto,,,,,,,0,,,10.00,0.00,0
47,,stablecoin,10.00,EUR,basesepolia,,0xe7f1725e7734ce288f8367e1bb143e90bb3f0512,,,,,,,,,,,,2026-08-31T19:05:57.339Z,,,,,,,,,,,,,,,failed,scaduto,,,,,,,0,,,10.00,0.00,0
48,,stablecoin,10.00,EUR,basesepolia,,0xe7f1725e7734ce288f8367e1bb143e90bb3f0512,,,,,,,,,,,,2026-08-31T19:05:57.424Z,,,,,,,,,,,,,,,failed,scaduto,,,,,,,0,,,10.00,0.00,0
49,,stablecoin,50.00,EUR,basesepolia,,0xe7f1725e7734ce288f8367e1bb143e90bb3f0512,,,,,,,,,,,,2026-08-31T19:05:57.492Z,,,,,,,,,,,,,,,failed,scaduto,,,,,,,0,,,50.00,0.00,0
50,,stablecoin,50.00,EUR,basesepolia,,0xe7f1725e7734ce288f8367e1bb143e90bb3f0512,,,,,,,,,,,,2026-08-31T19:05:57.560Z,,,,,,,,,,,,,,,failed,scaduto,,,,,,,0,,,50.00,0.00,0
51,,stablecoin,50.00,EUR,basesepolia,,0xe7f1725e7734ce288f8367e1bb143e90bb3f0512,,,,,,,,,,,,2026-08-31T19:05:57.637Z,,,,,,,,,,,,,,,failed,scaduto,,,,,,,0,,,50.00,0.00,0
52,,stablecoin,50.00,EUR,basesepolia,,0xe7f1725e7734ce288f8367e1bb143e90bb3f0512,,,,,,,,,,,,2026-08-31T19:05:57.705Z,,,,,,,,,,,,,,,failed,scaduto,,,,,,,0,,,50.00,0.00,0
53,,stablecoin,250.00,EUR,basesepolia,,0xe7f1725e7734ce288f8367e1bb143e90bb3f0512,,,,,,,,,,,,2026-08-31T19:05:57.777Z,,,,,,,,,,,,,,,failed,scaduto,,,,,,,0,,,250.00,0.00,0
54,,stablecoin,250.00,EUR,basesepolia,,0xe7f1725e7734ce288f8367e1bb143e90bb3f0512,,,,,,,,,,,,2026-08-31T19:05:57.848Z,,,,,,,,,,,,,,,failed,scaduto,,,,,,,0,,,250.00,0.00,0
55,,stablecoin,250.00,EUR,basesepolia,,0xe7f1725e7734ce288f8367e1bb143e90bb3f0512,,,,,,,,,,,,2026-08-31T19:05:57.913Z,,,,,,,,,,,,,,,failed,scaduto,,,,,,,0,,,250.00,0.00,0
56,,stablecoin,250.00,EUR,basesepolia,,0xe7f1725e7734ce288f8367e1bb143e90bb3f0512,,,,,,,,,,,,2026-08-31T19:05:57.983Z,,,,,,,,,,,,,,,failed,scaduto,,,,,,,0,,,250.00,0.00,0
57,,stablecoin,10.00,EUR,basesepolia,,0xe7f1725e7734ce288f8367e1bb143e90bb3f0512,,,,,,,,,,,,2026-08-31T19:06:28.970Z,,,,,,,,,,,,,,,failed,scaduto,,,,,,,0,,,10.00,0.00,0
58,,stablecoin,10.00,EUR,basesepolia,,0xe7f1725e7734ce288f8367e1bb143e90bb3f0512,,,,,,,,,,,,2026-08-31T19:06:29.044Z,,,,,,,,,,,,,,,failed,scaduto,,,,,,,0,,,10.00,0.00,0
59,,stablecoin,10.00,EUR,basesepolia,,0xe7f1725e7734ce288f8367e1bb143e90bb3f0512,,,,,,,,,,,,2026-08-31T19:06:29.115Z,,,,,,,,,,,,,,,failed,scaduto,,,,,,,0,,,10.00,0.00,0
60,,stablecoin,10.00,EUR,basesepolia,,0xe7f1725e7734ce288f8367e1bb143e90bb3f0512,,,,,,,,,,,,2026-08-31T19:06:29.188Z,,,,,,,,,,,,,,,failed,scaduto,,,,,,,0,,,10.00,0.00,0
61,,stablecoin,50.00,EUR,basesepolia,,0xe7f1725e7734ce288f8367e1bb143e90bb3f0512,,,,,,,,,,,,2026-08-31T19:06:29.265Z,,,,,,,,,,,,,,,failed,scaduto,,,,,,,0,,,50.00,0.00,0
62,,stablecoin,50.00,EUR,basesepolia,,0xe7f1725e7734ce288f8367e1bb143e90bb3f0512,,,,,,,,,,,,2026-08-31T19:06:29.340Z,,,,,,,,,,,,,,,failed,scaduto,,,,,,,0,,,50.00,0.00,0
63,,stablecoin,50.00,EUR,basesepolia,,0xe7f1725e7734ce288f8367e1bb143e90bb3f0512,,,,,,,,,,,,2026-08-31T19:06:29.414Z,,,,,,,,,,,,,,,failed,scaduto,,,,,,,0,,,50.00,0.00,0
64,,stablecoin,50.00,EUR,basesepolia,,0xe7f1725e7734ce288f8367e1bb143e90bb3f0512,,,,,,,,,,,,2026-08-31T19:06:29.493Z,,,,,,,,,,,,,,,failed,scaduto,,,,,,,0,,,50.00,0.00,0
65,,stablecoin,250.00,EUR,basesepolia,,0xe7f1725e7734ce288f8367e1bb143e90bb3f0512,,,,,,,,,,,,2026-08-31T19:06:29.562Z,,,,,,,,,,,,,,,failed,scaduto,,,,,,,0,,,250.00,0.00,0
66,,stablecoin,250.00,EUR,basesepolia,,0xe7f1725e7734ce288f8367e1bb143e90bb3f0512,,,,,,,,,,,,2026-08-31T19:06:29.638Z,,,,,,,,,,,,,,,failed,scaduto,,,,,,,0,,,250.00,0.00,0
67,,stablecoin,250.00,EUR,basesepolia,,0xe7f1725e7734ce288f8367e1bb143e90bb3f0512,,,,,,,,,,,,2026-08-31T19:06:29.722Z,,,,,,,,,,,,,,,failed,scaduto,,,,,,,0,,,250.00,0.00,0
68,,stablecoin,250.00,EUR,basesepolia,,0xe7f1725e7734ce288f8367e1bb143e90bb3f0512,,,,,,,,,,,,2026-08-31T19:06:29.792Z,,,,,,,,,,,,,,,failed,scaduto,,,,,,,0,,,250.00,0.00,0
69,,stablecoin,10.00,EUR,basesepolia,,0xe7f1725e7734ce288f8367e1bb143e90bb3f0512,,,0x05fb6226d1cfd93d296be74d7173ef4e2a83c28a9c149326ba1ecf8c39cdf1b0,,,46437,1453938817,0.000067516556845029,,,,2026-08-31T19:07:41.056Z,,2026-08-31T19:07:42.000Z,2026-08-31T19:07:42.000Z,2026-08-31T19:07:45.423Z,,,0.944,4.367,,,,0,3.423,,completed,successo,,,,16,01a05995-c4bb-7510-b351-d9a6e9f1b821,sent,0,1,13,10.00,0.00,0
70,,stablecoin,10.00,EUR,basesepolia,,0xe7f1725e7734ce288f8367e1bb143e90bb3f0512,,,0x1bcb7345318cadcf34415723cacaa6992378e12a6535f6a52bd19ee768fdc992,,,46437,1397372128,0.000064889769507936,,,,2026-08-31T19:07:41.137Z,,2026-08-31T19:07:42.000Z,2026-08-31T19:07:42.000Z,2026-08-31T19:07:45.652Z,,,0.863,4.515,,,,0,3.652,,completed,successo,,,,17,01a05995-d251-7412-9457-69aa227cad4a,sent,0,1,13,10.00,0.00,0
71,,stablecoin,10.00,EUR,basesepolia,,0xe7f1725e7734ce288f8367e1bb143e90bb3f0512,,,0xdc33c7be03978561e3fd7fb4b133492a716d9e15388ee66f264ac8bf373e3eab,,,46437,1347854386,0.000062590314122682,,,,2026-08-31T19:07:41.206Z,,2026-08-31T19:07:42.000Z,2026-08-31T19:07:42.000Z,2026-08-31T19:07:45.784Z,,,0.794,4.577,,,,0,3.784,,completed,successo,,,,18,01a05995-dd0e-7d14-a234-976e538319ca,sent,0,1,13,10.00,0.00,0
72,,stablecoin,10.00,EUR,basesepolia,,0xe7f1725e7734ce288f8367e1bb143e90bb3f0512,,,0xca263311f17eb18211927cb3f24af57002073982540ebd99c082e42c36db731b,,,46437,1304507199,0.000060577400799963,,,,2026-08-31T19:07:41.276Z,,2026-08-31T19:07:42.000Z,2026-08-31T19:07:42.000Z,2026-08-31T19:07:45.915Z,,,0.724,4.638,,,,0,3.915,,completed,successo,,,,19,01a05995-e75f-77c2-a382-558961ba1991,sent,0,1,13,10.00,0.00,0
73,,stablecoin,50.00,EUR,basesepolia,,0xe7f1725e7734ce288f8367e1bb143e90bb3f0512,,,0x6df8c0ce0a4f3f0370d1e8879e9addcd4d763f4aa8f01f0486996daf2db19e2a,,,46449,1266561636,0.000058830521430564,,,,2026-08-31T19:07:41.357Z,,2026-08-31T19:07:42.000Z,2026-08-31T19:07:42.000Z,2026-08-31T19:07:46.051Z,,,0.643,4.695,,,,0,4.051,,completed,successo,,,,20,01a05995-f1b2-76a4-87ef-b57ddb629cfe,sent,0,1,13,50.00,0.00,0
74,,stablecoin,50.00,EUR,basesepolia,,0xe7f1725e7734ce288f8367e1bb143e90bb3f0512,,,0x89bcf9378b64ce4a902e0536ddaaed7de8fc5a0af12b90d45c00afdba3b78437,,,46449,1233344611,0.000057287623836339,,,,2026-08-31T19:07:41.439Z,,2026-08-31T19:07:42.000Z,2026-08-31T19:07:42.000Z,2026-08-31T19:07:46.190Z,,,0.561,4.751,,,,0,4.19,,completed,successo,,,,21,01a05995-fc33-74ea-ba52-4d9181974c23,sent,0,1,13,50.00,0.00,0
75,,stablecoin,50.00,EUR,basesepolia,,0xe7f1725e7734ce288f8367e1bb143e90bb3f0512,,,0xed5a23b76a85e9ed1e5d92e67435bf935c17b9d478bf55ad0dde3237eb6c9748,,,46449,1204266857,0.000055936991240793,,,,2026-08-31T19:07:41.512Z,,2026-08-31T19:07:42.000Z,2026-08-31T19:07:42.000Z,2026-08-31T19:07:46.331Z,,,0.488,4.819,,,,0,4.331,,completed,successo,,,,22,01a05996-06e2-74b0-a6b6-04f7d0861a69,sent,0,1,13,50.00,0.00,0
76,,stablecoin,50.00,EUR,basesepolia,,0xe7f1725e7734ce288f8367e1bb143e90bb3f0512,,,0xd2c17bb6fb56fd4c855c55ee5604ad92908390e3c86bcab4f305fa5eb03893cc,,,46449,1178812567,0.000054754664924583,,,,2026-08-31T19:07:41.586Z,,2026-08-31T19:07:42.000Z,2026-08-31T19:07:42.000Z,2026-08-31T19:07:46.464Z,,,0.414,4.878,,,,0,4.464,,completed,successo,,,,23,01a05996-1fb9-7a34-b79c-1e7ce119c920,sent,0,1,13,50.00,0.00,0
77,,stablecoin,250.00,EUR,basesepolia,,0xe7f1725e7734ce288f8367e1bb143e90bb3f0512,,,0xd3d7a325a5985cd2bc1245e4b0d47c2384326a0c48d9563fc83c49fb90452f9c,,,46425,1156530210,0.00005369191499925,,,,2026-08-31T19:07:41.657Z,,2026-08-31T19:07:42.000Z,2026-08-31T19:07:42.000Z,2026-08-31T19:07:46.586Z,,,0.343,4.928,,,,0,4.586,,completed,successo,,,,24,01a05996-279a-7438-b48d-3c94241de2c2,sent,0,1,13,250.00,0.00,0
78,,stablecoin,250.00,EUR,basesepolia,,0xe7f1725e7734ce288f8367e1bb143e90bb3f0512,,,0x971a7485a143937c5b3a0469a7ddee3a64dd49372d4090e34a299614282200ff,,,46449,1137024492,0.000052813650628908,,,,2026-08-31T19:07:41.727Z,,2026-08-31T19:07:42.000Z,2026-08-31T19:07:42.000Z,2026-08-31T19:07:46.712Z,,,0.273,4.985,,,,0,4.712,,completed,successo,,,,25,01a05996-2e26-7dbe-ae09-52398c883352,sent,0,1,13,250.00,0.00,0
79,,stablecoin,250.00,EUR,basesepolia,,0xe7f1725e7734ce288f8367e1bb143e90bb3f0512,,,,,,,,,,,,2026-08-31T19:07:41.799Z,,,,,,,,,,,,,,,failed,scaduto,,,,,,,0,,,250.00,0.00,0
80,,stablecoin,250.00,EUR,basesepolia,,0xe7f1725e7734ce288f8367e1bb143e90bb3f0512,,,,,,,,,,,,2026-08-31T19:07:41.871Z,,,,,,,,,,,,,,,failed,scaduto,,,,,,,0,,,250.00,0.00,0
81,,stablecoin,10.00,EUR,basesepolia,,0xe7f1725e7734ce288f8367e1bb143e90bb3f0512,,,0x67910c59915c380ae15f2aa52d5836d799d10f1440a0e01f18c5fb192b429491,,,46437,1070434629,0.000049707772866873,,,,2026-08-31T19:11:10.356Z,,2026-08-31T19:11:12.000Z,2026-08-31T19:11:12.000Z,2026-08-31T19:11:14.174Z,,,1.644,3.818,,,,0,2.174,,completed,successo,,,,26,01a05996-3358-702d-b78e-512a3d2caaac,sent,0,1,13,10.00,0.00,0
82,,stablecoin,10.00,EUR,basesepolia,,0xe7f1725e7734ce288f8367e1bb143e90bb3f0512,,,0xbe0d13cf4b1be4d2b472a8ed0745f3a26b3da57b91921e2e8abab6d9c39af85f,,,46437,1061657557,0.000049300191974409,,,,2026-08-31T19:11:10.430Z,,2026-08-31T19:11:12.000Z,2026-08-31T19:11:12.000Z,2026-08-31T19:11:14.330Z,,,1.57,3.9,,,,0,2.33,,completed,successo,,,,27,01a05996-3bf7-70d7-aaae-3481edcaee74,sent,0,1,13,10.00,0.00,0
83,,stablecoin,10.00,EUR,basesepolia,,0xe7f1725e7734ce288f8367e1bb143e90bb3f0512,,,0x92f6e69f3409337701dd58476e3f164b2415bd47dd0da00beaacc5b25b43565f,,,46437,1053974223,0.000048943400993451,,,,2026-08-31T19:11:10.499Z,,2026-08-31T19:11:12.000Z,2026-08-31T19:11:12.000Z,2026-08-31T19:11:14.467Z,,,1.501,3.968,,,,0,2.467,,completed,successo,,,,28,01a05996-459a-7edd-a5c5-22641a8e02c7,sent,0,1,13,10.00,0.00,0
84,,stablecoin,10.00,EUR,basesepolia,,0xe7f1725e7734ce288f8367e1bb143e90bb3f0512,,,0xf113dfc8a19850a0617ec26e32ba1b2c1722720d0dc6659ffdb5cbba14eef053,,,46437,1047248332,0.000048631070793084,,,,2026-08-31T19:11:10.564Z,,2026-08-31T19:11:12.000Z,2026-08-31T19:11:12.000Z,2026-08-31T19:11:14.599Z,,,1.436,4.035,,,,0,2.599,,completed,successo,,,,29,01a05996-4fc2-7ab8-872c-4fb300610fae,sent,0,1,13,10.00,0.00,0
85,,stablecoin,10.00,EUR,basesepolia,,0xe7f1725e7734ce288f8367e1bb143e90bb3f0512,,,0xfe7e7de67c23654a4a9e4d444dba5a2d955750556523204d7f2c2b7f1b511513,,,46437,1041360575,0.000048357661021275,,,,2026-08-31T19:11:10.640Z,,2026-08-31T19:11:12.000Z,2026-08-31T19:11:12.000Z,2026-08-31T19:11:14.751Z,,,1.36,4.111,,,,0,2.751,,completed,successo,,,,30,01a05996-59bd-785e-ac80-3f4d3dcb1b7d,sent,0,1,13,10.00,0.00,0
86,,stablecoin,50.00,EUR,basesepolia,,0xe7f1725e7734ce288f8367e1bb143e90bb3f0512,,,0xf0f3c3d2bb7401829677164204c4186fc79278cfb6c59f489f9e33e1d131add9,,,46449,1036206509,0.000048130756136541,,,,2026-08-31T19:11:10.717Z,,2026-08-31T19:11:12.000Z,2026-08-31T19:11:12.000Z,2026-08-31T19:11:14.869Z,,,1.283,4.152,,,,0,2.869,,completed,successo,,,,31,01a05996-6287-72ea-83cc-e77fd7f0960f,sent,0,1,13,50.00,0.00,0
87,,stablecoin,50.00,EUR,basesepolia,,0xe7f1725e7734ce288f8367e1bb143e90bb3f0512,,,0x23c97608d66a68ff9a0d8e22e7fd2ce39267f27c866caa384bd91b4da616f20d,,,46449,1031694711,0.000047921187631239,,,,2026-08-31T19:11:10.783Z,,2026-08-31T19:11:12.000Z,2026-08-31T19:11:12.000Z,2026-08-31T19:11:14.984Z,,,1.217,4.202,,,,0,2.984,,completed,successo,,,,32,01a05996-6c3e-72cc-a2dc-58231e8b2664,sent,0,1,13,50.00,0.00,0
88,,stablecoin,50.00,EUR,basesepolia,,0xe7f1725e7734ce288f8367e1bb143e90bb3f0512,,,0xba8eb170bf767bedc9230ecbb20bf86741472b440159302a0789f98accc6d37d,,,46449,1027745141,0.000047737734054309,,,,2026-08-31T19:11:10.855Z,,2026-08-31T19:11:12.000Z,2026-08-31T19:11:12.000Z,2026-08-31T19:11:15.101Z,,,1.145,4.246,,,,0,3.101,,completed,successo,,,,33,01a05996-754a-78ed-9dcf-06651ce307c2,sent,0,1,13,50.00,0.00,0
89,,stablecoin,50.00,EUR,basesepolia,,0xe7f1725e7734ce288f8367e1bb143e90bb3f0512,,,0xe59312d2b4a7ac01e3aa0eb5739cecb3fa50ce53a3e36ad073b9337f928a66fe,,,46449,1024287738,0.000047577141142362,,,,2026-08-31T19:11:10.927Z,,2026-08-31T19:11:12.000Z,2026-08-31T19:11:12.000Z,2026-08-31T19:11:15.219Z,,,1.073,4.292,,,,0,3.219,,completed,successo,,,,34,01a05996-7ea5-7eec-b8cf-e5c9642166e9,sent,0,1,13,50.00,0.00,0
90,,stablecoin,50.00,EUR,basesepolia,,0xe7f1725e7734ce288f8367e1bb143e90bb3f0512,,,0x0f50247ef812ea92496b1b1db675f6605045adbb8c5106bc6582ba2cbf82e40f,,,46449,1021261172,0.000047436560178228,,,,2026-08-31T19:11:11.004Z,,2026-08-31T19:11:12.000Z,2026-08-31T19:11:12.000Z,2026-08-31T19:11:15.333Z,,,0.996,4.329,,,,0,3.333,,completed,successo,,,,35,01a05996-976e-7520-bb60-4b48e1241a8d,sent,0,1,13,50.00,0.00,0
91,,stablecoin,250.00,EUR,basesepolia,,0xe7f1725e7734ce288f8367e1bb143e90bb3f0512,,,0xdf224f74d19a73491294a467428f4422688b058d95f5f98ea02d0c2e37bf4199,,,46449,1018611756,0.000047313497454444,,,,2026-08-31T19:11:11.073Z,,2026-08-31T19:11:12.000Z,2026-08-31T19:11:12.000Z,2026-08-31T19:11:15.457Z,,,0.927,4.384,,,,0,3.457,,completed,successo,,,,36,01a05996-a12c-7da5-b066-546156548ff7,sent,0,1,13,250.00,0.00,0
92,,stablecoin,250.00,EUR,basesepolia,,0xe7f1725e7734ce288f8367e1bb143e90bb3f0512,,,0x73d346f187e3b44626231181390a6fe90edeaab6ec3ee45c2d6b0e62a32eea08,,,46425,1016292491,0.000047181378894675,,,,2026-08-31T19:11:11.139Z,,2026-08-31T19:11:12.000Z,2026-08-31T19:11:12.000Z,2026-08-31T19:11:15.572Z,,,0.861,4.433,,,,0,3.572,,completed,successo,,,,37,01a05996-aa7f-7d29-a67a-52b6d272e8a1,sent,0,1,13,250.00,0.00,0
93,,stablecoin,250.00,EUR,basesepolia,,0xe7f1725e7734ce288f8367e1bb143e90bb3f0512,,,0x5aa6d2b79be3d602c00c4702a6e3b3b7f33f4f450b6deef6899034a24276d008,,,46449,1014262233,0.000047111466460617,,,,2026-08-31T19:11:11.214Z,,2026-08-31T19:11:12.000Z,2026-08-31T19:11:12.000Z,2026-08-31T19:11:15.694Z,,,0.786,4.48,,,,0,3.694,,completed,successo,,,,38,01a05996-b49f-7c19-baee-12edae0e4874,sent,0,1,13,250.00,0.00,0
94,,stablecoin,250.00,EUR,basesepolia,,0xe7f1725e7734ce288f8367e1bb143e90bb3f0512,,,0x4a7781eb2d46b3bb0eb033b6ba9c7b8160f40fcc5987c0ca197d125daf21c624,,,46437,1012484975,0.000047016764784075,,,,2026-08-31T19:11:11.285Z,,2026-08-31T19:11:12.000Z,2026-08-31T19:11:12.000Z,2026-08-31T19:11:15.804Z,,,0.715,4.519,,,,0,3.804,,completed,successo,,,,39,01a05996-bebe-799a-bca5-fee49cf03c75,sent,0,1,13,250.00,0.00,0
95,,stablecoin,250.00,EUR,basesepolia,,0xe7f1725e7734ce288f8367e1bb143e90bb3f0512,,,0x4e51c63e25625e617325f98f8c99a956446fe06ea0836352bb86589efc545005,,,46449,1010929185,0.000046956649714065,,,,2026-08-31T19:11:11.355Z,,2026-08-31T19:11:12.000Z,2026-08-31T19:11:12.000Z,2026-08-31T19:11:15.918Z,,,0.645,4.564,,,,0,3.918,,completed,successo,,,,40,01a05996-c812-7665-b26c-dbdc547ad09f,sent,0,1,13,250.00,0.00,0
96,,stablecoin,1000.00,EUR,basesepolia,,0xe7f1725e7734ce288f8367e1bb143e90bb3f0512,,,0x9c23ac6b90796163ec5135c42aa1d39ea39bbbdf69aa2165a705294870a6a34a,,,46449,1009567268,0.000046893390031332,,,,2026-08-31T19:11:11.421Z,,2026-08-31T19:11:12.000Z,2026-08-31T19:11:12.000Z,2026-08-31T19:11:16.033Z,,,0.579,4.612,,,,0,4.033,,completed,successo,,,,41,01a05996-d186-7abc-9b8a-b52972ee1035,sent,0,1,13,1000.00,0.00,0
97,,stablecoin,1000.00,EUR,basesepolia,,0xe7f1725e7734ce288f8367e1bb143e90bb3f0512,,,0x52d9c4d90ab7d9ef6eafbda9e97664e46b927086a361115ba05f2ff2fc42b94a,,,46449,1008375063,0.000046838013301287,,,,2026-08-31T19:11:11.488Z,,2026-08-31T19:11:12.000Z,2026-08-31T19:11:12.000Z,2026-08-31T19:11:16.145Z,,,0.512,4.657,,,,0,4.145,,completed,successo,,,,42,01a05996-daf2-7f96-ae18-b238c4da728d,sent,0,1,13,1000.00,0.00,0
98,,stablecoin,1000.00,EUR,basesepolia,,0xe7f1725e7734ce288f8367e1bb143e90bb3f0512,,,0xa8fb146a260d6c577bd5c6fa82cb5138a0102050264bea1f8252e479004eb4cc,,,46437,1007331422,0.000046777449243414,,,,2026-08-31T19:11:11.563Z,,2026-08-31T19:11:12.000Z,2026-08-31T19:11:12.000Z,2026-08-31T19:11:16.259Z,,,0.437,4.696,,,,0,4.259,,completed,successo,,,,43,01a05996-e4f9-789d-926e-ba3ea19b77bd,sent,0,1,13,1000.00,0.00,0
99,,stablecoin,1000.00,EUR,basesepolia,,0xe7f1725e7734ce288f8367e1bb143e90bb3f0512,,,,,,,,,,,,2026-08-31T19:11:11.648Z,,,,,,,,,,,,,,,failed,scaduto,,,,,,,0,,,1000.00,0.00,0
100,,stablecoin,1000.00,EUR,basesepolia,,0xe7f1725e7734ce288f8367e1bb143e90bb3f0512,,,,,,,,,,,,2026-08-31T19:11:11.730Z,,,,,,,,,,,,,,,failed,scaduto,,,,,,,0,,,1000.00,0.00,0
101,,stablecoin,10.00,EUR,basesepolia,,0xe7f1725e7734ce288f8367e1bb143e90bb3f0512,,,0x3a4219b1e7d61665298e7a8f99aa00204d4eace1b9853268aceaa98ed21902c4,,,46437,1003768568,0.000046612000992216,,,,2026-08-31T19:14:35.961Z,,2026-08-31T19:14:37.000Z,2026-08-31T19:14:37.000Z,2026-08-31T19:14:39.794Z,,,1.039,3.833,,,,0,2.794,,completed,successo,,,,44,01a05996-ef28-72f7-ab44-4c0865389573,sent,0,1,13,10.00,0.00,0
102,,stablecoin,10.00,EUR,basesepolia,,0xe7f1725e7734ce288f8367e1bb143e90bb3f0512,,,0x7ef0f4b2a1568f24daf6b415af5b540cb9b8700163668bd663d5e5bf369be752,,,46437,1003298956,0.000046590193619772,,,,2026-08-31T19:14:36.036Z,,2026-08-31T19:14:37.000Z,2026-08-31T19:14:37.000Z,2026-08-31T19:14:39.959Z,,,0.964,3.924,,,,0,2.959,,completed,successo,,,,45,01a05996-fa2c-7b92-a194-d87297499188,sent,0,1,13,10.00,0.00,0
103,,stablecoin,10.00,EUR,basesepolia,,0xe7f1725e7734ce288f8367e1bb143e90bb3f0512,,,0x7ce726837ddd64dee9b04ec5b1705d14524565933c9ff5bc049885f4320933ba,,,46437,1002887864,0.000046571103740568,,,,2026-08-31T19:14:36.105Z,,2026-08-31T19:14:37.000Z,2026-08-31T19:14:37.000Z,2026-08-31T19:14:40.101Z,,,0.895,3.996,,,,0,3.101,,completed,successo,,,,46,01a05997-13de-77c8-bc7d-2fb0b7954483,sent,0,1,13,10.00,0.00,0
104,,stablecoin,10.00,EUR,basesepolia,,0xe7f1725e7734ce288f8367e1bb143e90bb3f0512,,,0x75d0fb587e28b6205c1a6b41e42de176ef4cab18bf26b2acb17b9e1129106e4d,,,46437,1002527999,0.000046554392689563,,,,2026-08-31T19:14:36.186Z,,2026-08-31T19:14:37.000Z,2026-08-31T19:14:37.000Z,2026-08-31T19:14:40.235Z,,,0.814,4.049,,,,0,3.235,,completed,successo,,,,47,01a05997-1dd2-7373-b492-78c85628dccb,sent,0,1,13,10.00,0.00,0
105,,stablecoin,10.00,EUR,basesepolia,,0xe7f1725e7734ce288f8367e1bb143e90bb3f0512,,,0x7726f90ebf600c4d86f6e8db7d612c916c8ee6c310a2bc499658f037dc2eb727,,,46437,1002212978,0.000046539764059386,,,,2026-08-31T19:14:36.257Z,,2026-08-31T19:14:37.000Z,2026-08-31T19:14:37.000Z,2026-08-31T19:14:40.362Z,,,0.743,4.105,,,,0,3.362,,completed,successo,,,,48,01a05997-28b4-71d6-bde5-c9b3bac8a211,sent,0,1,13,10.00,0.00,0
106,,stablecoin,50.00,EUR,basesepolia,,0xe7f1725e7734ce288f8367e1bb143e90bb3f0512,,,0x1c86dcb63784b42d5edb61042e60ad7a7107723fa122c6a5e53b425c781aeb8d,,,46449,1001937213,0.000046538981606637,,,,2026-08-31T19:14:36.327Z,,2026-08-31T19:14:37.000Z,2026-08-31T19:14:37.000Z,2026-08-31T19:14:40.477Z,,,0.673,4.15,,,,0,3.477,,completed,successo,,,,49,01a05997-330f-7d94-95a4-4f9eb099a8c7,sent,0,1,13,50.00,0.00,0
107,,stablecoin,50.00,EUR,basesepolia,,0xe7f1725e7734ce288f8367e1bb143e90bb3f0512,,,0xb0a4f16fa5969e91d4ab9abb27ecb5de2b2efa8bace771ff107082026fc5404d,,,46449,1001695812,0.000046527768771588,,,,2026-08-31T19:14:36.403Z,,2026-08-31T19:14:37.000Z,2026-08-31T19:14:37.000Z,2026-08-31T19:14:40.596Z,,,0.597,4.193,,,,0,3.596,,completed,successo,,,,50,01a05997-3dbf-7761-9fca-ff1c5e47a233,sent,0,1,13,50.00,0.00,0
108,,stablecoin,50.00,EUR,basesepolia,,0xe7f1725e7734ce288f8367e1bb143e90bb3f0512,,,0x0afb51b9b7a9b56e6d2fb937182160a7cc146c2c588ecd27d4416fee51ad3161,,,46449,1001484492,0.000046517953168908,,,,2026-08-31T19:14:36.479Z,,2026-08-31T19:14:37.000Z,2026-08-31T19:14:37.000Z,2026-08-31T19:14:40.710Z,,,0.521,4.231,,,,0,3.71,,completed,successo,,,,51,01a05997-47ce-7198-bf44-8af16ce59d8a,sent,0,1,13,50.00,0.00,0
109,,stablecoin,50.00,EUR,basesepolia,,0xe7f1725e7734ce288f8367e1bb143e90bb3f0512,,,0xf885bfff0fdf29874e49a96a9f2b6237208b57fc454b8192c0f4b5eca252198e,,,46449,1001299506,0.000046509360754194,,,,2026-08-31T19:14:36.549Z,,2026-08-31T19:14:37.000Z,2026-08-31T19:14:37.000Z,2026-08-31T19:14:40.835Z,,,0.451,4.287,,,,0,3.835,,completed,successo,,,,52,01a05997-5184-7ca8-9207-ae435d511d12,sent,0,1,13,50.00,0.00,0
110,,stablecoin,50.00,EUR,basesepolia,,0xe7f1725e7734ce288f8367e1bb143e90bb3f0512,,,0x6afadd0cb5ffd2aab4fb13a32c68bba25b9fde8a06f3fdfa1ae688a0c156ab4d,,,46449,1001137571,0.000046501839035379,,,,2026-08-31T19:14:36.626Z,,2026-08-31T19:14:37.000Z,2026-08-31T19:14:37.000Z,2026-08-31T19:14:40.956Z,,,0.374,4.329,,,,0,3.956,,completed,successo,,,,53,01a05997-5b52-78ac-92d7-66380e05a0ad,sent,0,1,13,50.00,0.00,0
111,,stablecoin,250.00,EUR,basesepolia,,0xe7f1725e7734ce288f8367e1bb143e90bb3f0512,,,0x53635afb1795e62109e606fca28ce242cebf37333c0179c4a331d3a7847d684d,,,46437,1000995815,0.000046483242661155,,,,2026-08-31T19:14:36.700Z,,2026-08-31T19:14:37.000Z,2026-08-31T19:14:37.000Z,2026-08-31T19:14:41.095Z,,,0.3,4.396,,,,0,4.095,,completed,successo,,,,54,01a05997-645b-79b3-b36d-ed2713b4e740,sent,0,1,13,250.00,0.00,0
112,,stablecoin,250.00,EUR,basesepolia,,0xe7f1725e7734ce288f8367e1bb143e90bb3f0512,,,0xc44b95f2084337aeb3b906b6e568e0e2b87167e34b1ccf3242b2784377f37abc,,,46449,1000871724,0.000046489490708076,,,,2026-08-31T19:14:36.772Z,,2026-08-31T19:14:37.000Z,2026-08-31T19:14:37.000Z,2026-08-31T19:14:41.228Z,,,0.228,4.455,,,,0,4.228,,completed,successo,,,,55,01a05997-6e90-7283-adae-f82344d44d05,sent,0,1,13,250.00,0.00,0
113,,stablecoin,250.00,EUR,basesepolia,,0xe7f1725e7734ce288f8367e1bb143e90bb3f0512,,,0xcda10d2296f530f92de66b26da1032b33339ecaa0043c193fc72b1aa325692fc,,,46449,1000763096,0.000046484445046104,,,,2026-08-31T19:14:36.854Z,,2026-08-31T19:14:37.000Z,2026-08-31T19:14:37.000Z,2026-08-31T19:14:41.345Z,,,0.146,4.491,,,,0,4.345,,completed,successo,,,,56,01a05997-8d25-7fed-9978-bb1cffb51c0e,sent,0,1,13,250.00,0.00,0
114,,stablecoin,250.00,EUR,basesepolia,,0xe7f1725e7734ce288f8367e1bb143e90bb3f0512,,,0x82146ff51dd82734973e7cb0522ee63c685d049dcbded226537c984e86243105,,,46449,1000668005,0.000046480028164245,,,,2026-08-31T19:14:36.927Z,,2026-08-31T19:14:37.000Z,2026-08-31T19:14:37.000Z,2026-08-31T19:14:41.460Z,,,0.073,4.533,,,,0,4.46,,completed,successo,,,,57,01a05997-96aa-7da0-bfd9-1d94fc5b87e6,sent,0,1,13,250.00,0.00,0
115,,stablecoin,250.00,EUR,basesepolia,,0xe7f1725e7734ce288f8367e1bb143e90bb3f0512,,,0xfbe801b6db9d17f184c1ee2a9b8a25720d2389e2d540e21f9e6949b499b4e7c5,,,46449,1000584763,0.000046476161656587,,,,2026-08-31T19:14:37.000Z,,2026-08-31T19:14:37.000Z,2026-08-31T19:14:37.000Z,2026-08-31T19:14:41.587Z,,,-0,4.587,,,,0,4.587,,completed,successo,,,,58,01a05997-a3b8-7fdc-8572-3e24ca264061,sent,0,1,13,250.00,0.00,0
116,,stablecoin,1000.00,EUR,basesepolia,,0xe7f1725e7734ce288f8367e1bb143e90bb3f0512,,,0x792fccff7eae7211049e0824073656497ed2efc77262d77d385790e05a544f70,,,46449,1000511894,0.000046472776964406,,,,2026-08-31T19:14:37.072Z,,2026-08-31T19:14:37.000Z,2026-08-31T19:14:37.000Z,2026-08-31T19:14:41.732Z,,,-0.072,4.659,,,,0,4.732,,completed,successo,,,,59,01a05997-acbc-7236-b112-b757e8b64dd6,sent,0,1,13,1000.00,0.00,1
117,,stablecoin,1000.00,EUR,basesepolia,,0xe7f1725e7734ce288f8367e1bb143e90bb3f0512,,,0x3587655f74ce299f8ddc3ad7fcccbd02c0bc451609b78c8c1d8e714b6f785153,,,46449,1000448106,0.000046469814075594,,,,2026-08-31T19:14:37.148Z,,2026-08-31T19:14:37.000Z,2026-08-31T19:14:37.000Z,2026-08-31T19:14:41.857Z,,,-0.148,4.709,,,,0,4.857,,completed,successo,,,,60,01a05997-b61f-7d61-b9f5-a053ccc8b4e0,sent,0,1,13,1000.00,0.00,1
118,,stablecoin,1000.00,EUR,basesepolia,,0xe7f1725e7734ce288f8367e1bb143e90bb3f0512,,,0xb0aef932f1c9ae7ab1206a60519db325063d85d3854ead3a46395bdd1b6f5264,,,46449,1000392267,0.000046467220409883,,,,2026-08-31T19:14:37.218Z,,2026-08-31T19:14:37.000Z,2026-08-31T19:14:37.000Z,2026-08-31T19:14:41.982Z,,,-0.218,4.764,,,,0,4.982,,completed,successo,,,,61,01a05997-c081-7c6e-9cca-388ee40d1b8a,sent,0,1,13,1000.00,0.00,1
119,,stablecoin,1000.00,EUR,basesepolia,,0xe7f1725e7734ce288f8367e1bb143e90bb3f0512,,,0x2064b7a947c0048b7670fb4842571fb47d41f59ef8d36b46c4ee6d1b1be13bfe,,,46449,1000343386,0.000046464949936314,,,,2026-08-31T19:14:37.290Z,,2026-08-31T19:14:37.000Z,2026-08-31T19:14:37.000Z,2026-08-31T19:14:42.122Z,,,-0.29,4.832,,,,0,5.122,,completed,successo,,,,62,01a05997-cc3a-77a1-96ff-a2cd0158ec85,sent,0,1,13,1000.00,0.00,1
120,,stablecoin,1000.00,EUR,basesepolia,,0xe7f1725e7734ce288f8367e1bb143e90bb3f0512,,,0x87207aefb08276a0f65aa35a0536e507458077af06fe84cb9e2fe89a7673fff7,,,37160,1000300596,0.00003717117014736,,,,2026-08-31T19:14:37.363Z,,2026-08-31T19:14:37.000Z,2026-08-31T19:14:38.000Z,2026-08-31T19:14:42.244Z,,,0.637,4.88,,,,1,4.244,,completed,successo,,,,63,01a05997-d755-796d-8ea0-dc368b5e85f7,sent,0,1,13,1000.00,0.00,0
121,,stablecoin,10.00,EUR,basesepolia,,0x91f7b2252256a112fe12ee79ba58e1cb290d21c3,,,,,,,,,,,,2026-08-31T20:42:49.870Z,,,,,,,,,,,,,,,failed,scaduto,,,,,,,0,,,10.00,0.00,0
122,,stablecoin,10.00,EUR,basesepolia,,0x91f7b2252256a112fe12ee79ba58e1cb290d21c3,,,,,,,,,,,,2026-08-31T20:42:49.943Z,,,,,,,,,,,,,,,failed,scaduto,,,,,,,0,,,10.00,0.00,0
123,,stablecoin,10.00,EUR,basesepolia,,0x91f7b2252256a112fe12ee79ba58e1cb290d21c3,,,0xe1c1f0ad2aadbd267ee0eb06c6fd45aab7fff18200e4295647c70deead8705f1,,,65376,6000000,0.000000392256,,,,2026-08-31T20:42:50.012Z,,2026-08-31T20:42:56.000Z,2026-08-31T20:43:02.000Z,2026-08-31T20:43:09.305Z,,,11.988,19.293,,,,6,7.305,,completed,successo,,,,64,01a05997-e60d-736f-83c5-3529698b81a0,sent,0,1,13,10.00,0.00,0
124,,stablecoin,25.00,EUR,basesepolia,,0x91f7b2252256a112fe12ee79ba58e1cb290d21c3,,,0x5e5767f6044fd8f0ea7d43807f1d4ee1e023dd0a61e96f6af2a13b18c820c63d,,,65388,6000000,0.000000392328,,,,2026-08-31T20:42:50.081Z,,2026-08-31T20:42:58.000Z,2026-08-31T20:43:04.000Z,2026-08-31T20:43:09.543Z,,,13.919,19.461,,,,6,5.543,,completed,successo,,,,65,01a05997-efd7-75b6-b43f-c932a017c85d,sent,0,1,13,25.00,0.00,0
125,,stablecoin,25.00,EUR,basesepolia,,0x91f7b2252256a112fe12ee79ba58e1cb290d21c3,,,0x9ba916878a16884c64f10f7b16679367b68bb8b341b4331a2641320a284f1de4,,,65388,6000000,0.000000392328,,,,2026-08-31T20:42:50.154Z,,2026-08-31T20:42:58.000Z,2026-08-31T20:43:04.000Z,2026-08-31T20:43:09.679Z,,,13.846,19.526,,,,6,5.679,,completed,successo,,,,66,01a05997-f95a-7073-a8e8-d92ba62d16ce,sent,0,1,13,25.00,0.00,0
126,,stablecoin,25.00,EUR,basesepolia,,0x91f7b2252256a112fe12ee79ba58e1cb290d21c3,,,0x5bb0f5dd7954f73639a41531f0766d18d9a7f40c8427eff964a380b76b7257f2,,,65388,6000000,0.000000392328,,,,2026-08-31T20:42:50.228Z,,2026-08-31T20:43:00.000Z,2026-08-31T20:43:06.000Z,2026-08-31T20:43:09.803Z,,,15.772,19.575,,,,6,3.803,,completed,successo,,,,67,01a05998-1191-79ab-b818-f86e652e059c,sent,0,1,13,25.00,0.00,0
127,,stablecoin,50.00,EUR,basesepolia,,0x91f7b2252256a112fe12ee79ba58e1cb290d21c3,,,0x326dfe8f04cb110bdd0e679a5cd0b3ae8502f260cacb59ba60471b8aa8b0cae2,,,65388,6000000,0.000000392328,,,,2026-08-31T20:42:50.297Z,,2026-08-31T20:43:00.000Z,2026-08-31T20:43:06.000Z,2026-08-31T20:43:09.923Z,,,15.703,19.626,,,,6,3.923,,completed,successo,,,,68,01a05998-1cbf-79af-b8ba-c96671071655,sent,0,1,13,50.00,0.00,0
128,,stablecoin,50.00,EUR,basesepolia,,0x91f7b2252256a112fe12ee79ba58e1cb290d21c3,,,0x9a6aa807f8a0520214b69ecaa8b4da525b3bd654e241dded2750fa879df00393,,,65388,6021435,0.00000039372959178,,,,2026-08-31T20:42:50.368Z,,2026-08-31T20:43:02.000Z,2026-08-31T20:43:08.000Z,2026-08-31T20:43:13.549Z,,,17.632,23.181,,,,6,5.549,,completed,successo,,,,69,01a05999-d38d-7f7b-86c8-c1ceea456c2d,sent,0,2,13,50.00,0.00,0
129,,stablecoin,50.00,EUR,basesepolia,,0x91f7b2252256a112fe12ee79ba58e1cb290d21c3,,,0xc908291d31f40020f8d9fbfd4167abfaafe706dbe44460ddd37702d6ff7035ea,,,65388,6050114,0.000000395604854232,,,,2026-08-31T20:42:50.442Z,,2026-08-31T20:43:04.000Z,2026-08-31T20:43:10.000Z,2026-08-31T20:43:13.831Z,,,19.558,23.389,,,,6,3.831,,completed,successo,,,,70,01a05998-9921-7a96-9c66-bb218c90c2f3,sent,0,1,13,50.00,0.00,0
130,,stablecoin,100.00,EUR,basesepolia,,0x91f7b2252256a112fe12ee79ba58e1cb290d21c3,,,,,,,,,,,,2026-08-31T20:42:50.516Z,,,,,,,,,,,,,,,failed,scaduto,,,,,,,0,,,100.00,0.00,0
131,,stablecoin,100.00,EUR,basesepolia,,0x91f7b2252256a112fe12ee79ba58e1cb290d21c3,,,0xbb0613a802fe5dbd8388524a9141bb13506fb9d8ba8fa1f5292d53516661f77b,,,65388,6086589,0.000000397989881532,,,,2026-08-31T20:42:50.594Z,,2026-08-31T20:43:06.000Z,2026-08-31T20:43:12.000Z,2026-08-31T20:43:14.090Z,,,21.406,23.496,,,,6,2.09,,completed,successo,,,,71,01a05998-a9fb-7105-830c-7fb7ad362812,sent,0,1,13,100.00,0.00,0
132,,stablecoin,100.00,EUR,basesepolia,,0x91f7b2252256a112fe12ee79ba58e1cb290d21c3,,,,,,,,,,,,2026-08-31T20:42:50.668Z,,,,,,,,,,,,,,,failed,scaduto,,,,,,,0,,,100.00,0.00,0
133,,stablecoin,10.00,EUR,basesepolia,84532,0x91f7b2252256a112fe12ee79ba58e1cb290d21c3,,,0xd833227ab6fdc45b2483d163950c9cef244445afe89e7df1b3e7240c71de43c1,,,65376,6000000,0.000000392256,,,,2026-08-31T20:46:02.067Z,,2026-08-31T20:46:06.000Z,2026-08-31T20:46:12.000Z,2026-08-31T20:46:16.429Z,,,9.933,14.362,,,,6,4.429,,completed,successo,,,,72,01a05998-b478-75b2-9060-2c3f4dee9f51,sent,0,1,13,10.00,0.00,0
134,,stablecoin,10.00,EUR,basesepolia,84532,0x91f7b2252256a112fe12ee79ba58e1cb290d21c3,,,0x2182967ea8e7f03fc07cf227dedf5ded5833316caffe1743789b6b52affd4fb2,,,65376,6000000,0.000000392256,,,,2026-08-31T20:46:02.157Z,,2026-08-31T20:46:08.000Z,2026-08-31T20:46:14.000Z,2026-08-31T20:46:16.600Z,,,11.843,14.443,,,,6,2.6,,completed,successo,,,,73,01a05998-bea8-775a-9f83-e222a78f4383,sent,0,1,13,10.00,0.00,0
135,,stablecoin,10.00,EUR,basesepolia,84532,0x91f7b2252256a112fe12ee79ba58e1cb290d21c3,,,0xae96cc46cb6391a7f734258f88ce40a31c46460369411b8cfe832ba6f597ad74,,,65376,6000000,0.000000392256,,,,2026-08-31T20:46:02.228Z,,2026-08-31T20:46:10.000Z,2026-08-31T20:46:16.000Z,2026-08-31T20:46:20.723Z,,,13.772,18.495,,,,6,4.723,,completed,successo,,,,74,01a05998-c794-7fb8-a167-3857e87af388,sent,0,1,13,10.00,0.00,0
136,,stablecoin,10.00,EUR,basesepolia,84532,0x91f7b2252256a112fe12ee79ba58e1cb290d21c3,,,0xe4a0511c3da2075f49eeafa23cc7218a746d962500b432b4167c86f321112b7a,,,65376,6000000,0.000000392256,,,,2026-08-31T20:46:02.298Z,,2026-08-31T20:46:10.000Z,2026-08-31T20:46:16.000Z,2026-08-31T20:46:20.902Z,,,13.702,18.604,,,,6,4.902,,completed,successo,,,,75,01a05998-d199-75f1-9d4c-5983b3bc73a8,sent,0,1,13,10.00,0.00,0
137,,stablecoin,25.00,EUR,basesepolia,84532,0x91f7b2252256a112fe12ee79ba58e1cb290d21c3,,,0x21b272f097b4f4c12a47e72ce7c3ccde3eb1e5b9bf7f9af35bcd08034b0ba210,,,65388,6000000,0.000000392328,,,,2026-08-31T20:46:02.371Z,,2026-08-31T20:46:14.000Z,2026-08-31T20:46:20.000Z,2026-08-31T20:46:28.959Z,,,17.629,26.588,,,,6,8.959,,completed,successo,,,,76,01a05998-da96-7773-8d1a-ba927016529e,sent,0,1,13,25.00,0.00,0
138,,stablecoin,25.00,EUR,basesepolia,84532,0x91f7b2252256a112fe12ee79ba58e1cb290d21c3,,,0x4b6306ecaaf2cccb31bf3c1789e88908b2acf06f525850a6543cfa74e6cdba7c,,,65376,6000000,0.000000392256,,,,2026-08-31T20:46:02.443Z,,2026-08-31T20:46:16.000Z,2026-08-31T20:46:22.000Z,2026-08-31T20:46:29.122Z,,,19.557,26.679,,,,6,7.122,,completed,successo,,,,77,01a05998-e343-7985-a060-cac33de5dbc2,sent,0,1,13,25.00,0.00,0
139,,stablecoin,25.00,EUR,basesepolia,84532,0x91f7b2252256a112fe12ee79ba58e1cb290d21c3,,,0x54506eaa79c1bba180a554c5f394e3fc604988e48b85d859ff1e3f4055ba785f,,,65388,6000000,0.000000392328,,,,2026-08-31T20:46:02.516Z,,2026-08-31T20:46:18.000Z,2026-08-31T20:46:24.000Z,2026-08-31T20:46:32.766Z,,,21.484,30.251,,,,6,8.766,,completed,successo,,,,78,01a05998-eb20-73a6-8173-aa5e60c83218,sent,0,1,13,25.00,0.00,0
140,,stablecoin,25.00,EUR,basesepolia,84532,0x91f7b2252256a112fe12ee79ba58e1cb290d21c3,,,0xa33d583e1c3fb0aecfbf9130dbcbff84afd1ae85a6acaaffe0cc6839e0d0edd1,,,65388,6000000,0.000000392328,,,,2026-08-31T20:46:02.594Z,,2026-08-31T20:46:20.000Z,2026-08-31T20:46:26.000Z,2026-08-31T20:46:33.045Z,,,23.406,30.451,,,,6,7.045,,completed,successo,,,,79,01a05998-f2d0-706a-8468-44e1619ec8b7,sent,0,1,13,25.00,0.00,0
141,,stablecoin,50.00,EUR,basesepolia,84532,0x91f7b2252256a112fe12ee79ba58e1cb290d21c3,,,0xafbbffe2b5e1e11c7b1c72babc3a6f6b53d27fc7a19aa486cd8865e77228ff4b,,,65376,6000000,0.000000392256,,,,2026-08-31T20:46:02.672Z,,2026-08-31T20:46:22.000Z,2026-08-31T20:46:28.000Z,2026-08-31T20:46:33.310Z,,,25.328,30.638,,,,6,5.31,,completed,successo,,,,80,01a05998-fd18-7d4f-94b4-d65b3543c864,sent,0,1,13,50.00,0.00,0
142,,stablecoin,50.00,EUR,basesepolia,84532,0x91f7b2252256a112fe12ee79ba58e1cb290d21c3,,,0xfd4305aed7014520361d8ef4be2257fea0c71fa55af8e6222cc1bca6a2e7486b,,,65388,6000000,0.000000392328,,,,2026-08-31T20:46:02.748Z,,2026-08-31T20:46:22.000Z,2026-08-31T20:46:28.000Z,2026-08-31T20:46:33.468Z,,,25.252,30.72,,,,6,5.468,,completed,successo,,,,81,01a05999-111a-7fe4-8e68-2664b476ba09,sent,0,1,13,50.00,0.00,0
143,,stablecoin,50.00,EUR,basesepolia,,0x91f7b2252256a112fe12ee79ba58e1cb290d21c3,,,,,,,,,,,,2026-08-31T20:46:02.827Z,,,,,,,,,,,,,,,failed,scaduto,,,,,,,0,,,50.00,0.00,0
144,,stablecoin,50.00,EUR,basesepolia,,0x91f7b2252256a112fe12ee79ba58e1cb290d21c3,,,,,,,,,,,,2026-08-31T20:46:02.905Z,,,,,,,,,,,,,,,failed,scaduto,,,,,,,0,,,50.00,0.00,0
145,,stablecoin,100.00,EUR,basesepolia,,0x91f7b2252256a112fe12ee79ba58e1cb290d21c3,,,,,,,,,,,,2026-08-31T20:46:02.978Z,,,,,,,,,,,,,,,failed,scaduto,,,,,,,0,,,100.00,0.00,0
146,,stablecoin,100.00,EUR,basesepolia,,0x91f7b2252256a112fe12ee79ba58e1cb290d21c3,,,,,,,,,,,,2026-08-31T20:46:03.059Z,,,,,,,,,,,,,,,failed,scaduto,,,,,,,0,,,100.00,0.00,0
147,,stablecoin,100.00,EUR,basesepolia,,0x91f7b2252256a112fe12ee79ba58e1cb290d21c3,,,,,,,,,,,,2026-08-31T20:46:03.134Z,,,,,,,,,,,,,,,failed,scaduto,,,,,,,0,,,100.00,0.00,0
148,,stablecoin,100.00,EUR,basesepolia,,0x91f7b2252256a112fe12ee79ba58e1cb290d21c3,,,,,,,,,,,,2026-08-31T20:46:03.209Z,,,,,,,,,,,,,,,failed,scaduto,,,,,,,0,,,100.00,0.00,0
149,,stablecoin,10.00,EUR,basesepolia,,0x91f7b2252256a112fe12ee79ba58e1cb290d21c3,,,,,,,,,,,,2026-08-31T20:47:46.088Z,,,,,,,,,,,,,,,failed,scaduto,,,,,,,0,,,10.00,0.00,0
150,,stablecoin,10.00,EUR,basesepolia,,0x91f7b2252256a112fe12ee79ba58e1cb290d21c3,,,,,,,,,,,,2026-08-31T20:47:46.160Z,,,,,,,,,,,,,,,failed,scaduto,,,,,,,0,,,10.00,0.00,0
151,,stablecoin,10.00,EUR,basesepolia,,0x91f7b2252256a112fe12ee79ba58e1cb290d21c3,,,,,,,,,,,,2026-08-31T20:47:46.236Z,,,,,,,,,,,,,,,failed,scaduto,,,,,,,0,,,10.00,0.00,0
152,,stablecoin,10.00,EUR,basesepolia,,0x91f7b2252256a112fe12ee79ba58e1cb290d21c3,,,,,,,,,,,,2026-08-31T20:47:46.318Z,,,,,,,,,,,,,,,failed,scaduto,,,,,,,0,,,10.00,0.00,0
153,,stablecoin,10.00,EUR,basesepolia,,0x91f7b2252256a112fe12ee79ba58e1cb290d21c3,,,,,,,,,,,,2026-08-31T20:47:46.396Z,,,,,,,,,,,,,,,failed,scaduto,,,,,,,0,,,10.00,0.00,0
154,,stablecoin,10.00,EUR,basesepolia,,0x91f7b2252256a112fe12ee79ba58e1cb290d21c3,,,,,,,,,,,,2026-08-31T20:47:46.468Z,,,,,,,,,,,,,,,failed,scaduto,,,,,,,0,,,10.00,0.00,0
155,,stablecoin,25.00,EUR,basesepolia,,0x91f7b2252256a112fe12ee79ba58e1cb290d21c3,,,,,,,,,,,,2026-08-31T20:47:46.538Z,,,,,,,,,,,,,,,failed,scaduto,,,,,,,0,,,25.00,0.00,0
156,,stablecoin,25.00,EUR,basesepolia,,0x91f7b2252256a112fe12ee79ba58e1cb290d21c3,,,,,,,,,,,,2026-08-31T20:47:46.608Z,,,,,,,,,,,,,,,failed,scaduto,,,,,,,0,,,25.00,0.00,0
157,,stablecoin,25.00,EUR,basesepolia,,0x91f7b2252256a112fe12ee79ba58e1cb290d21c3,,,,,,,,,,,,2026-08-31T20:47:46.689Z,,,,,,,,,,,,,,,failed,scaduto,,,,,,,0,,,25.00,0.00,0
158,,stablecoin,25.00,EUR,basesepolia,,0x91f7b2252256a112fe12ee79ba58e1cb290d21c3,,,,,,,,,,,,2026-08-31T20:47:46.759Z,,,,,,,,,,,,,,,failed,scaduto,,,,,,,0,,,25.00,0.00,0
159,,stablecoin,25.00,EUR,basesepolia,,0x91f7b2252256a112fe12ee79ba58e1cb290d21c3,,,,,,,,,,,,2026-08-31T20:47:46.828Z,,,,,,,,,,,,,,,failed,scaduto,,,,,,,0,,,25.00,0.00,0
160,,stablecoin,25.00,EUR,basesepolia,,0x91f7b2252256a112fe12ee79ba58e1cb290d21c3,,,,,,,,,,,,2026-08-31T20:47:46.901Z,,,,,,,,,,,,,,,failed,scaduto,,,,,,,0,,,25.00,0.00,0
161,,stablecoin,50.00,EUR,basesepolia,,0x91f7b2252256a112fe12ee79ba58e1cb290d21c3,,,,,,,,,,,,2026-08-31T20:47:46.974Z,,,,,,,,,,,,,,,failed,scaduto,,,,,,,0,,,50.00,0.00,0
162,,stablecoin,50.00,EUR,basesepolia,,0x91f7b2252256a112fe12ee79ba58e1cb290d21c3,,,,,,,,,,,,2026-08-31T20:47:47.058Z,,,,,,,,,,,,,,,failed,scaduto,,,,,,,0,,,50.00,0.00,0
163,,stablecoin,50.00,EUR,basesepolia,,0x91f7b2252256a112fe12ee79ba58e1cb290d21c3,,,,,,,,,,,,2026-08-31T20:47:47.138Z,,,,,,,,,,,,,,,failed,scaduto,,,,,,,0,,,50.00,0.00,0
164,,stablecoin,50.00,EUR,basesepolia,,0x91f7b2252256a112fe12ee79ba58e1cb290d21c3,,,,,,,,,,,,2026-08-31T20:47:47.210Z,,,,,,,,,,,,,,,failed,scaduto,,,,,,,0,,,50.00,0.00,0
165,,stablecoin,50.00,EUR,basesepolia,,0x91f7b2252256a112fe12ee79ba58e1cb290d21c3,,,,,,,,,,,,2026-08-31T20:47:47.280Z,,,,,,,,,,,,,,,failed,scaduto,,,,,,,0,,,50.00,0.00,0
166,,stablecoin,50.00,EUR,basesepolia,,0x91f7b2252256a112fe12ee79ba58e1cb290d21c3,,,,,,,,,,,,2026-08-31T20:47:47.365Z,,,,,,,,,,,,,,,failed,scaduto,,,,,,,0,,,50.00,0.00,0
167,,stablecoin,100.00,EUR,basesepolia,,0x91f7b2252256a112fe12ee79ba58e1cb290d21c3,,,,,,,,,,,,2026-08-31T20:47:47.434Z,,,,,,,,,,,,,,,failed,scaduto,,,,,,,0,,,100.00,0.00,0
168,,stablecoin,100.00,EUR,basesepolia,,0x91f7b2252256a112fe12ee79ba58e1cb290d21c3,,,,,,,,,,,,2026-08-31T20:47:47.502Z,,,,,,,,,,,,,,,failed,scaduto,,,,,,,0,,,100.00,0.00,0
169,,stablecoin,100.00,EUR,basesepolia,,0x91f7b2252256a112fe12ee79ba58e1cb290d21c3,,,,,,,,,,,,2026-08-31T20:47:47.572Z,,,,,,,,,,,,,,,failed,scaduto,,,,,,,0,,,100.00,0.00,0
170,,stablecoin,100.00,EUR,basesepolia,,0x91f7b2252256a112fe12ee79ba58e1cb290d21c3,,,,,,,,,,,,2026-08-31T20:47:47.640Z,,,,,,,,,,,,,,,failed,scaduto,,,,,,,0,,,100.00,0.00,0
171,,stablecoin,100.00,EUR,basesepolia,,0x91f7b2252256a112fe12ee79ba58e1cb290d21c3,,,,,,,,,,,,2026-08-31T20:47:47.711Z,,,,,,,,,,,,,,,failed,scaduto,,,,,,,0,,,100.00,0.00,0
172,,stablecoin,100.00,EUR,basesepolia,,0x91f7b2252256a112fe12ee79ba58e1cb290d21c3,,,,,,,,,,,,2026-08-31T20:47:47.786Z,,,,,,,,,,,,,,,failed,scaduto,,,,,,,0,,,100.00,0.00,0
173,,stablecoin,250.00,EUR,basesepolia,,0x91f7b2252256a112fe12ee79ba58e1cb290d21c3,,,,,,,,,,,,2026-08-31T20:47:47.863Z,,,,,,,,,,,,,,,failed,scaduto,,,,,,,0,,,250.00,0.00,0
174,,stablecoin,250.00,EUR,basesepolia,,0x91f7b2252256a112fe12ee79ba58e1cb290d21c3,,,,,,,,,,,,2026-08-31T20:47:47.933Z,,,,,,,,,,,,,,,failed,scaduto,,,,,,,0,,,250.00,0.00,0
175,,stablecoin,250.00,EUR,basesepolia,,0x91f7b2252256a112fe12ee79ba58e1cb290d21c3,,,,,,,,,,,,2026-08-31T20:47:48.013Z,,,,,,,,,,,,,,,failed,scaduto,,,,,,,0,,,250.00,0.00,0
176,,stablecoin,250.00,EUR,basesepolia,,0x91f7b2252256a112fe12ee79ba58e1cb290d21c3,,,,,,,,,,,,2026-08-31T20:47:48.088Z,,,,,,,,,,,,,,,failed,scaduto,,,,,,,0,,,250.00,0.00,0
177,,stablecoin,250.00,EUR,basesepolia,,0x91f7b2252256a112fe12ee79ba58e1cb290d21c3,,,,,,,,,,,,2026-08-31T20:47:48.159Z,,,,,,,,,,,,,,,failed,scaduto,,,,,,,0,,,250.00,0.00,0
178,,stablecoin,250.00,EUR,basesepolia,,0x91f7b2252256a112fe12ee79ba58e1cb290d21c3,,,,,,,,,,,,2026-08-31T20:47:48.234Z,,,,,,,,,,,,,,,failed,scaduto,,,,,,,0,,,250.00,0.00,0
179,,stablecoin,10.00,EUR,basesepolia,84532,0x91f7b2252256a112fe12ee79ba58e1cb290d21c3,,,0xcd4b3ca4b05e6f7086a40ea68598ece9da4685af04e39575de5065c83ec182a3,,,65376,6000000,0.000000392256,,,,2026-08-31T20:48:15.136Z,,2026-08-31T20:48:22.000Z,2026-08-31T20:48:28.000Z,2026-08-31T20:48:31.905Z,,,12.864,16.769,,,,6,3.905,,completed,successo,,,,82,01a05999-1b8d-7c6a-92c9-81d2ee0f41f8,sent,0,1,13,10.00,0.00,0
180,,stablecoin,10.00,EUR,basesepolia,84532,0x91f7b2252256a112fe12ee79ba58e1cb290d21c3,,,0xeb46f00334977813ffd72888e000a4a4002a08783282f776c0f472c8491d5631,,,65376,6000000,0.000000392256,,,,2026-08-31T20:48:15.205Z,,2026-08-31T20:48:22.000Z,2026-08-31T20:48:28.000Z,2026-08-31T20:48:32.056Z,,,12.795,16.851,,,,6,4.056,,completed,successo,,,,83,01a05999-24f8-7ae1-b585-fa5f895a5ec5,sent,0,1,13,10.00,0.00,0
181,,stablecoin,10.00,EUR,basesepolia,84532,0x91f7b2252256a112fe12ee79ba58e1cb290d21c3,,,0x7fc044c44d180ca0b49c0c5266001749de9c47df3e55d3317d2bf37a07a91a7f,,,65376,6000000,0.000000392256,,,,2026-08-31T20:48:15.274Z,,2026-08-31T20:48:24.000Z,2026-08-31T20:48:30.000Z,2026-08-31T20:48:32.190Z,,,14.726,16.916,,,,6,2.19,,completed,successo,,,,84,01a05999-31f2-7541-8839-793a7f5c1abf,sent,0,1,13,10.00,0.00,0
182,,stablecoin,10.00,EUR,basesepolia,84532,0x91f7b2252256a112fe12ee79ba58e1cb290d21c3,,,0xed311c223faf20c2af4dcbaeb6e3a7de3dbe96e49b33d23f5931f2c436d76c27,,,65364,6000000,0.000000392184,,,,2026-08-31T20:48:15.342Z,,2026-08-31T20:48:24.000Z,2026-08-31T20:48:30.000Z,2026-08-31T20:48:32.315Z,,,14.658,16.973,,,,6,2.315,,completed,successo,,,,85,01a05999-3bd1-7fb8-bb75-2f5dc68d254f,sent,0,1,13,10.00,0.00,0
183,,stablecoin,25.00,EUR,basesepolia,84532,0x91f7b2252256a112fe12ee79ba58e1cb290d21c3,,,0x7d72b224f323865bd334574da363dc269282bc11d80ea3d509cff3157f52018e,,,65388,6000000,0.000000392328,,,,2026-08-31T20:48:15.411Z,,2026-08-31T20:48:26.000Z,2026-08-31T20:48:32.000Z,2026-08-31T20:48:37.006Z,,,16.589,21.595,,,,6,5.006,,completed,successo,,,,86,01a05999-5382-7835-bf7e-54f4dcd0c0e4,sent,0,1,13,25.00,0.00,0
184,,stablecoin,25.00,EUR,basesepolia,84532,0x91f7b2252256a112fe12ee79ba58e1cb290d21c3,,,0xd40f558e69a9432fb8f143ae9b5709bee58e8df00ebfb5390550856ec53c66a9,,,65388,6000000,0.000000392328,,,,2026-08-31T20:48:15.481Z,,2026-08-31T20:48:26.000Z,2026-08-31T20:48:32.000Z,2026-08-31T20:48:37.167Z,,,16.519,21.687,,,,6,5.167,,completed,successo,,,,87,01a05999-5d9b-79c6-a6e7-f6d43880f287,sent,0,1,13,25.00,0.00,0
185,,stablecoin,25.00,EUR,basesepolia,84532,0x91f7b2252256a112fe12ee79ba58e1cb290d21c3,,,0x58b2e81cb49b9bc6c8c7840a8008a1c9b581b297d8e385e96458f50d4e0793ff,,,65388,6000000,0.000000392328,,,,2026-08-31T20:48:15.552Z,,2026-08-31T20:48:28.000Z,2026-08-31T20:48:34.000Z,2026-08-31T20:48:37.314Z,,,18.448,21.762,,,,6,3.314,,completed,successo,,,,88,01a05999-67e6-701b-94a7-aa2812e1171e,sent,0,1,13,25.00,0.00,0
186,,stablecoin,25.00,EUR,basesepolia,84532,0x91f7b2252256a112fe12ee79ba58e1cb290d21c3,,,0x1694b345dae272e69883bf0728fb427450f061c07089f7b0c4e26d1b3c062e98,,,65388,6000000,0.000000392328,,,,2026-08-31T20:48:15.627Z,,2026-08-31T20:48:28.000Z,2026-08-31T20:48:34.000Z,2026-08-31T20:48:37.437Z,,,18.373,21.809,,,,6,3.437,,completed,successo,,,,89,01a05999-705f-74de-8228-4dc7db5b82e6,sent,0,1,13,25.00,0.00,0
187,,stablecoin,50.00,EUR,basesepolia,84532,0x91f7b2252256a112fe12ee79ba58e1cb290d21c3,,,0xf7926a0a6f97000e6b423464ea00ad9c0b38954e26698f5400e71a8576329842,,,65388,6000000,0.000000392328,,,,2026-08-31T20:48:15.693Z,,2026-08-31T20:48:30.000Z,2026-08-31T20:48:36.000Z,2026-08-31T20:48:42.997Z,,,20.307,27.305,,,,6,6.997,,completed,successo,,,,90,01a05999-79ce-7126-9222-993288becd78,sent,0,1,13,50.00,0.00,0
188,,stablecoin,50.00,EUR,basesepolia,84532,0x91f7b2252256a112fe12ee79ba58e1cb290d21c3,,,0xf8e53dad8355dcd8b0c4b08495946ca166c915f473066bbe72035abf124cea94,,,65388,6000000,0.000000392328,,,,2026-08-31T20:48:15.758Z,,2026-08-31T20:48:30.000Z,2026-08-31T20:48:36.000Z,2026-08-31T20:48:43.155Z,,,20.242,27.397,,,,6,7.155,,completed,successo,,,,91,01a05999-889d-7b3d-a705-9796d95869c9,sent,0,1,13,50.00,0.00,0
189,,stablecoin,50.00,EUR,basesepolia,84532,0x91f7b2252256a112fe12ee79ba58e1cb290d21c3,,,0x53c720898fe6bbc3501164cf694577f9d293f6a0e39442a638a5778f867f37f4,,,65388,6000000,0.000000392328,,,,2026-08-31T20:48:15.825Z,,2026-08-31T20:48:32.000Z,2026-08-31T20:48:38.000Z,2026-08-31T20:48:43.285Z,,,22.175,27.46,,,,6,5.285,,completed,successo,,,,92,01a05999-938b-7617-8fe0-9962c2628733,sent,0,1,13,50.00,0.00,0
190,,stablecoin,50.00,EUR,basesepolia,84532,0x91f7b2252256a112fe12ee79ba58e1cb290d21c3,,,0xdec598f084f684fc927b18e53490ceabe3f52e9b133a8210434915995ee9b018,,,65388,6000000,0.000000392328,,,,2026-08-31T20:48:15.896Z,,2026-08-31T20:48:32.000Z,2026-08-31T20:48:38.000Z,2026-08-31T20:48:43.415Z,,,22.104,27.519,,,,6,5.415,,completed,successo,,,,93,01a05999-9d46-7bd6-8dfd-de63ea58270c,sent,0,1,13,50.00,0.00,0
191,,stablecoin,100.00,EUR,basesepolia,84532,0x91f7b2252256a112fe12ee79ba58e1cb290d21c3,,,0x0bb658b539a01985d8dd5c51a6ba76cc04cc34a51026b0e9f4b30d604f426400,,,65388,6000000,0.000000392328,,,,2026-08-31T20:48:15.968Z,,2026-08-31T20:48:34.000Z,2026-08-31T20:48:40.000Z,2026-08-31T20:48:43.678Z,,,24.032,27.71,,,,6,3.678,,completed,successo,,,,94,01a05999-a873-7870-9c3e-3e4aee403883,sent,0,1,13,100.00,0.00,0
192,,stablecoin,100.00,EUR,basesepolia,84532,0x91f7b2252256a112fe12ee79ba58e1cb290d21c3,,,0x959bb6d7a1d2c9ac333c030d1eac1df7db9972da5dbca437c7a33e6689efe905,,,65388,6000000,0.000000392328,,,,2026-08-31T20:48:16.036Z,,2026-08-31T20:48:34.000Z,2026-08-31T20:48:40.000Z,2026-08-31T20:48:43.824Z,,,23.964,27.788,,,,6,3.824,,completed,successo,,,,95,01a05999-b25e-7b60-a5b9-c499271d455c,sent,0,1,13,100.00,0.00,0
193,,stablecoin,100.00,EUR,basesepolia,84532,0x91f7b2252256a112fe12ee79ba58e1cb290d21c3,,,0xccc0136fa64e36cc2dda8957bf390f23e28e12da67919cfb05c377fa1c8aa05c,,,65388,6000000,0.000000392328,,,,2026-08-31T20:48:16.112Z,,2026-08-31T20:48:38.000Z,2026-08-31T20:48:44.000Z,2026-08-31T20:48:47.570Z,,,27.888,31.459,,,,6,3.57,,completed,successo,,,,96,01a05999-bc55-70b5-9074-ea77346842f2,sent,0,1,13,100.00,0.00,0
194,,stablecoin,100.00,EUR,basesepolia,84532,0x91f7b2252256a112fe12ee79ba58e1cb290d21c3,,,0xaa870ef2e3fa036adb46b3109e89f46efa1e132975c905a1c53a98f0901ddd1f,,,60588,6000000,0.000000363528,,,,2026-08-31T20:48:16.189Z,,2026-08-31T20:48:38.000Z,2026-08-31T20:48:44.000Z,2026-08-31T20:48:47.719Z,,,27.811,31.53,,,,6,3.719,,completed,successo,,,,97,01a05999-c58a-729a-b725-f4a69802c384,sent,0,1,13,100.00,0.00,0
195,,stablecoin,10.00,EUR,basesepolia,84532,0x91f7b2252256a112fe12ee79ba58e1cb290d21c3,,,0x8fb9b32b6d0c3215f72e092d89b37be297c728945dfed4e8fc53e2799956c1eb,,,65376,6000000,0.000000392256,,,,2026-08-31T21:29:30.184Z,,2026-08-31T21:29:38.000Z,2026-08-31T21:30:02.000Z,2026-08-31T21:30:06.494Z,,,31.816,36.31,,,,24,4.494,,completed,successo,,,,98,01a059d4-670e-73e0-94df-d65a20a1765f,sent,0,1,13,10.00,0.00,0
196,,stablecoin,10.00,EUR,basesepolia,84532,0x91f7b2252256a112fe12ee79ba58e1cb290d21c3,,,0x01a58e98d3894975e047cfbbe6b8f9714e547d0cef8653677ac7af8520d6e236,,,65376,6000000,0.000000392256,,,,2026-08-31T21:29:30.261Z,,2026-08-31T21:29:38.000Z,2026-08-31T21:30:02.000Z,2026-08-31T21:30:08.047Z,,,31.739,37.786,,,,24,6.047,,completed,successo,,,,99,01a059d4-704e-74ec-a4f9-bf6165d0e002,sent,0,1,13,10.00,0.00,0
197,,stablecoin,25.00,EUR,basesepolia,84532,0x91f7b2252256a112fe12ee79ba58e1cb290d21c3,,,0x63b1128c9cc19a6be1eb8cf51bfdaf8c4f48f609cfa3f874c78632356ceaa995,,,65388,6000000,0.000000392328,,,,2026-08-31T21:29:30.337Z,,2026-08-31T21:29:40.000Z,2026-08-31T21:30:04.000Z,2026-08-31T21:30:08.475Z,,,33.663,38.137,,,,24,4.475,,completed,successo,,,,100,01a059d4-7978-7358-b769-76e6d2b13887,sent,0,1,13,25.00,0.00,0
198,,stablecoin,25.00,EUR,basesepolia,84532,0x91f7b2252256a112fe12ee79ba58e1cb290d21c3,,,0x936aaa9606dc07e1ce94688624d37dac2840573b64459403b24e5b162b29bb00,,,65388,6000000,0.000000392328,,,,2026-08-31T21:29:30.404Z,,2026-08-31T21:29:40.000Z,2026-08-31T21:30:04.000Z,2026-08-31T21:30:08.768Z,,,33.596,38.364,,,,24,4.768,,completed,successo,,,,101,01a059d4-83a0-7f30-b1c3-ccb6bb005b98,sent,0,1,13,25.00,0.00,0
199,,stablecoin,50.00,EUR,basesepolia,84532,0x91f7b2252256a112fe12ee79ba58e1cb290d21c3,,,0xc87584ef0e8acc114488092b2bb86a22c15ab4f7ce03f95e2e6fb2f63cfb6fc2,,,65376,6000000,0.000000392256,,,,2026-08-31T21:29:30.471Z,,2026-08-31T21:29:42.000Z,2026-08-31T21:30:06.000Z,2026-08-31T21:30:14.577Z,,,35.529,44.106,,,,24,8.577,,completed,successo,,,,102,01a059d4-8cbe-772a-bbbf-641526dae059,sent,0,1,13,50.00,0.00,0
200,,stablecoin,50.00,EUR,basesepolia,84532,0x91f7b2252256a112fe12ee79ba58e1cb290d21c3,,,0xf9c31e032cb05b81be6291eb6fe23050344a2b8d4a6d7c1f7d9afc314f0bd2e9,,,60588,6000000,0.000000363528,,,,2026-08-31T21:29:30.546Z,,2026-08-31T21:29:42.000Z,2026-08-31T21:30:06.000Z,2026-08-31T21:30:14.914Z,,,35.454,44.368,,,,24,8.914,,completed,successo,,,,103,01a059d4-95b0-7a71-b060-d615830e58c3,sent,0,1,13,50.00,0.00,0
201,,stablecoin,10.00,EUR,basesepolia,84532,0x91f7b2252256a112fe12ee79ba58e1cb290d21c3,,,0x84d3c9e7635ea86850d9940228d171728c27be11d705a2f290a7029d7253c1eb,,,65364,6000000,0.000000392184,,,,2026-08-31T21:33:21.029Z,,2026-08-31T21:33:28.000Z,2026-08-31T21:33:52.000Z,2026-08-31T21:33:54.409Z,2026-08-31T21:33:54.488Z,2026-08-31T21:33:58.142Z,30.971,33.38,37.113,,,24,2.409,3.733,completed,successo,,processed,,104,01a059d4-a9b9-745d-8153-72560442f189,sent,0,1,13,10.00,0.00,0
202,,stablecoin,10.00,EUR,basesepolia,84532,0x91f7b2252256a112fe12ee79ba58e1cb290d21c3,,,0xa38ccd7e7417d44ca3e1066dd1575b6825efc7139b938e4ca946f03bd97f5c96,,,65376,6000000,0.000000392256,,,,2026-08-31T21:33:21.100Z,,2026-08-31T21:33:30.000Z,2026-08-31T21:33:54.000Z,2026-08-31T21:34:01.596Z,2026-08-31T21:34:01.680Z,2026-08-31T21:34:04.332Z,32.9,40.495,43.232,,,24,7.596,2.736,completed,successo,,processed,,105,01a059d4-b2da-7853-90b8-c94671d4f9d4,sent,0,1,13,10.00,0.00,0
203,,stablecoin,25.00,EUR,basesepolia,84532,0x91f7b2252256a112fe12ee79ba58e1cb290d21c3,,,0xcb44d1fa05359cc520c12fa6903341457089ff0d9517456e1e4f2918c3921b1f,,,65388,6000000,0.000000392328,,,,2026-08-31T21:33:21.170Z,,2026-08-31T21:33:30.000Z,2026-08-31T21:33:54.000Z,2026-08-31T21:34:02.178Z,2026-08-31T21:34:02.261Z,2026-08-31T21:34:04.194Z,32.83,41.008,43.024,,,24,8.178,2.016,completed,successo,,processed,,106,01a059d4-bb54-78fe-9e1d-bbd2077bf8d6,sent,0,1,13,25.00,0.00,0
204,,stablecoin,25.00,EUR,basesepolia,84532,0x91f7b2252256a112fe12ee79ba58e1cb290d21c3,,,0x423770cecdc8833b2c8c1fe621e8b66ca9db26d053ca493e07102077a7395aea,,,65388,6000000,0.000000392328,,,,2026-08-31T21:33:21.247Z,,2026-08-31T21:33:32.000Z,2026-08-31T21:33:56.000Z,2026-08-31T21:34:02.837Z,,,34.753,41.59,,,,24,6.837,,completed,successo,,,,107,01a059d4-c2e8-7f1c-bef6-77cde1a09c65,sent,0,1,13,25.00,0.00,0
205,,stablecoin,50.00,EUR,basesepolia,84532,0x91f7b2252256a112fe12ee79ba58e1cb290d21c3,,,0x0d0923911d28bd7e992df1051eeff5dc8057d8a2574e6f41ef451dd94e7603ec,,,65388,6000000,0.000000392328,,,,2026-08-31T21:33:21.318Z,,2026-08-31T21:33:34.000Z,2026-08-31T21:33:58.000Z,2026-08-31T21:34:03.377Z,2026-08-31T21:34:03.454Z,2026-08-31T21:34:06.190Z,36.682,42.06,44.872,,,24,5.377,2.813,completed,successo,,processed,,108,01a059d4-cc60-7529-95b6-479421ef4c39,sent,0,1,13,50.00,0.00,0
206,,stablecoin,50.00,EUR,basesepolia,84532,0x91f7b2252256a112fe12ee79ba58e1cb290d21c3,,,0x891f3cedc2a7222e6a1e9a74095ac0e208ee9f9d7e524d3f35bb0f86143203c4,,,60588,6000000,0.000000363528,,,,2026-08-31T21:33:21.390Z,,2026-08-31T21:33:36.000Z,2026-08-31T21:34:00.000Z,2026-08-31T21:34:04.030Z,,,38.61,42.64,,,,24,4.03,,completed,successo,,,,109,01a059d4-d662-7118-952f-0a32e1eae2ea,sent,0,1,13,50.00,0.00,0
207,,stablecoin,10.00,EUR,basesepolia,84532,0x91f7b2252256a112fe12ee79ba58e1cb290d21c3,,,0xd3809b9cba755dd3ee2bdbc67edce627f5f6e5c86fa57ff6eae8b56f07aee5b6,,,65376,6000000,0.000000392256,,,,2026-08-31T21:36:13.229Z,,2026-08-31T21:36:24.000Z,2026-08-31T21:36:48.000Z,2026-08-31T21:36:50.186Z,2026-08-31T21:36:50.261Z,2026-08-31T21:36:52.209Z,34.771,36.958,38.98,,,24,2.186,2.023,completed,successo,,processed,,110,01a059d4-dfca-7fff-9026-d372029576e0,sent,0,1,13,10.00,0.00,0
208,,stablecoin,10.00,EUR,basesepolia,84532,0x91f7b2252256a112fe12ee79ba58e1cb290d21c3,,,0xfb2d0c3050a4e2d95ec47766f767998ea7b3f8af76fbf101c73af5d7eca25fa1,,,65376,6000000,0.000000392256,,,,2026-08-31T21:36:13.314Z,,2026-08-31T21:36:24.000Z,2026-08-31T21:36:48.000Z,2026-08-31T21:36:51.422Z,2026-08-31T21:36:51.481Z,2026-08-31T21:36:54.124Z,34.686,38.109,40.81,,,24,3.422,2.702,completed,successo,,processed,,111,01a059d4-ed12-7dba-a365-39ea1e5557c8,sent,0,1,13,10.00,0.00,0
209,,stablecoin,25.00,EUR,basesepolia,84532,0x91f7b2252256a112fe12ee79ba58e1cb290d21c3,,,0x005ee83eb7f4755837ee5899369baca5cacac3d1c8e98a27c38a6703fe92eb6d,,,65376,6000000,0.000000392256,,,,2026-08-31T21:36:13.392Z,,2026-08-31T21:36:26.000Z,2026-08-31T21:36:50.000Z,2026-08-31T21:36:57.396Z,2026-08-31T21:36:57.486Z,2026-08-31T21:37:00.211Z,36.608,44.004,46.819,,,24,7.396,2.815,completed,successo,,processed,,112,01a059d4-f548-7c66-abb7-1712e74c095e,sent,0,1,13,25.00,0.00,0
210,,stablecoin,25.00,EUR,basesepolia,84532,0x91f7b2252256a112fe12ee79ba58e1cb290d21c3,,,0x1a80644e24cfd04aa3f15ec2f4594c3e59b0ef74874ac45c199f85cc975bc65b,,,65388,6000000,0.000000392328,,,,2026-08-31T21:36:13.459Z,,2026-08-31T21:36:26.000Z,2026-08-31T21:36:50.000Z,2026-08-31T21:36:57.910Z,2026-08-31T21:36:58.017Z,2026-08-31T21:37:00.259Z,36.541,44.451,46.8,,,24,7.91,2.349,completed,successo,,processed,,113,01a059d4-fe4b-7978-a8fc-8b17a851f6ca,sent,0,1,13,25.00,0.00,0
211,,stablecoin,50.00,EUR,basesepolia,84532,0x91f7b2252256a112fe12ee79ba58e1cb290d21c3,,,0xe54e24c833fdf843c3bd50c1818e7acc3ca0f7d990656b0fc79da31ccd49881c,,,65388,6000000,0.000000392328,,,,2026-08-31T21:36:13.529Z,,2026-08-31T21:36:28.000Z,2026-08-31T21:36:52.000Z,2026-08-31T21:36:58.553Z,2026-08-31T21:36:58.651Z,2026-08-31T21:37:00.411Z,38.471,45.023,46.882,,,24,6.553,1.858,completed,successo,,processed,,114,01a059d5-07d0-7d64-b7e8-7bbb2b7ad6ce,sent,0,1,13,50.00,0.00,0
212,,stablecoin,50.00,EUR,basesepolia,84532,0x91f7b2252256a112fe12ee79ba58e1cb290d21c3,,,0x1382410fa957546259a0e1af91d3a28001ab95604eabb5347113e1728022dde9,,,60564,6000000,0.000000363384,,,,2026-08-31T21:36:13.596Z,,2026-08-31T21:36:30.000Z,2026-08-31T21:36:54.000Z,2026-08-31T21:36:59.261Z,2026-08-31T21:36:59.365Z,2026-08-31T21:37:02.232Z,40.404,45.665,48.636,,,24,5.261,2.971,completed,successo,,processed,,115,01a059d5-1163-7b9b-a9b2-43a8c4fd9917,sent,0,1,13,50.00,0.00,0
213,,stablecoin,10.00,EUR,basesepolia,84532,0x91f7b2252256a112fe12ee79ba58e1cb290d21c3,,12,0x3170695347ca5963b8b289c487367524226dd8050f6aef853a9ac9e8db50085f,,,65376,6000000,0.000000392256,,,,2026-08-31T21:39:14.425Z,,2026-08-31T21:39:24.000Z,2026-08-31T21:39:48.000Z,2026-08-31T21:39:52.175Z,2026-08-31T21:39:52.224Z,2026-08-31T21:39:54.116Z,33.575,37.75,39.691,,,24,4.175,1.941,completed,successo,,processed,,116,01a059d5-1b7e-797c-b0bd-8255534908ba,sent,0,1,13,10.00,0.00,0
214,,stablecoin,25.00,EUR,basesepolia,84532,0x91f7b2252256a112fe12ee79ba58e1cb290d21c3,,12,0xeb926767053f694660eb1b5bad733e1d1bee2775694ca8edb0e0b545ae2c9019,,,60588,6000000,0.000000363528,,,,2026-08-31T21:39:14.498Z,,2026-08-31T21:39:26.000Z,2026-08-31T21:39:50.000Z,2026-08-31T21:39:53.510Z,2026-08-31T21:39:53.567Z,2026-08-31T21:39:56.244Z,35.502,39.012,41.746,,,24,3.51,2.734,completed,successo,,processed,,117,01a059d5-23fe-72fc-9c53-8bb7561f89cf,sent,0,1,13,25.00,0.00,0
215,,stablecoin,10.00,EUR,basesepolia,84532,0x91f7b2252256a112fe12ee79ba58e1cb290d21c3,,12,0x311c3bb4939eccd57014273aa24d37832421b904a0c7ea501755bdca706fbe4a,,,65376,6000000,0.000000392256,,,,2026-08-31T21:51:15.989Z,,2026-08-31T21:51:22.000Z,2026-08-31T21:51:46.000Z,2026-08-31T21:51:50.298Z,2026-08-31T21:51:50.379Z,2026-08-31T21:51:52.196Z,30.011,34.309,36.207,,,24,4.298,1.898,completed,successo,,processed,,118,01a059d5-2de7-7bd5-87ca-f46329588adf,sent,0,1,13,10.00,0.00,0
216,,stablecoin,25.00,EUR,basesepolia,84532,0x91f7b2252256a112fe12ee79ba58e1cb290d21c3,,12,0xe9301dd9aa5f8239d95b67a49ac6fe26c93daaf85ffd8c715a905fbf42def7f2,,,65388,6000000,0.000000392328,,,,2026-08-31T21:51:16.058Z,,2026-08-31T21:51:24.000Z,2026-08-31T21:51:48.000Z,2026-08-31T21:51:56.695Z,2026-08-31T21:51:56.788Z,2026-08-31T21:51:58.337Z,31.942,40.637,42.279,,,24,8.695,1.642,completed,successo,,processed,,119,01a059d5-362a-7c17-9c98-b2cadb4e5ef1,sent,0,1,13,25.00,0.00,0
217,,stablecoin,50.00,EUR,basesepolia,84532,0x91f7b2252256a112fe12ee79ba58e1cb290d21c3,,12,0xe0e6c2dbd8cce2b06bbac9a57cad7d7fd674b5aba987e297b9d57d2dadac24fe,,,65388,6000000,0.000000392328,,,,2026-08-31T21:51:16.128Z,,2026-08-31T21:51:24.000Z,2026-08-31T21:51:48.000Z,2026-08-31T21:51:57.247Z,2026-08-31T21:51:57.342Z,2026-08-31T21:51:58.355Z,31.872,41.119,42.227,,,24,9.247,1.108,completed,successo,,processed,,120,01a059d5-4694-7cea-a7d9-e1a624423f2d,sent,0,1,13,50.00,0.00,0
218,,stablecoin,100.00,EUR,basesepolia,84532,0x91f7b2252256a112fe12ee79ba58e1cb290d21c3,,12,0x7a1717c2e28d2f4b9634416df89594f8aa09c6315015118463b54e6cf082e43e,,,65388,6000000,0.000000392328,,,,2026-08-31T21:51:16.197Z,,2026-08-31T21:51:26.000Z,2026-08-31T21:51:50.000Z,2026-08-31T21:51:58.201Z,2026-08-31T21:51:58.285Z,2026-08-31T21:52:00.468Z,33.803,42.004,44.271,,,24,8.201,2.267,completed,successo,,processed,,121,01a059d5-4e65-78cc-baf5-f6a5fa2d3a7e,sent,0,1,13,100.00,0.00,0
219,,stablecoin,250.00,EUR,basesepolia,84532,0x91f7b2252256a112fe12ee79ba58e1cb290d21c3,,12,0xe9567fd94bba79791fe292c0d072eabc2cd15e8dc0212708917acae7f92ff717,,,65388,6000000,0.000000392328,,,,2026-08-31T21:51:16.263Z,,2026-08-31T21:51:26.000Z,2026-08-31T21:51:50.000Z,2026-08-31T21:51:58.730Z,2026-08-31T21:51:58.833Z,2026-08-31T21:52:00.470Z,33.737,42.466,44.207,,,24,8.73,1.74,completed,successo,,processed,,122,01a059d5-56da-768a-b1e7-dd1dd3d85430,sent,0,1,13,250.00,0.00,0
220,,stablecoin,500.00,EUR,basesepolia,84532,0x91f7b2252256a112fe12ee79ba58e1cb290d21c3,,12,0xe9bc0a886383b548117fd37463f0aa66f47f4d3a0c738ea0423df4f7a9c305cb,,,65388,6000000,0.000000392328,,,,2026-08-31T21:51:16.337Z,,2026-08-31T21:51:28.000Z,2026-08-31T21:51:52.000Z,2026-08-31T21:51:59.402Z,2026-08-31T21:51:59.492Z,2026-08-31T21:52:02.474Z,35.663,43.065,46.137,,,24,7.402,3.072,completed,successo,,processed,,123,01a059d5-5f93-7474-96a7-2f638d02d03a,sent,0,1,13,500.00,0.00,0
221,,stablecoin,1000.00,EUR,basesepolia,84532,0x91f7b2252256a112fe12ee79ba58e1cb290d21c3,,12,0x842dc5df0e17de4fff373b1488aef1dffb93f9db4ebf7ff67c42ca58d8301379,,,65388,6000000,0.000000392328,,,,2026-08-31T21:51:16.422Z,,2026-08-31T21:51:28.000Z,2026-08-31T21:51:52.000Z,2026-08-31T21:51:59.931Z,2026-08-31T21:52:00.035Z,2026-08-31T21:52:02.580Z,35.578,43.509,46.158,,,24,7.931,2.649,completed,successo,,processed,,124,01a059d5-6dd7-71b4-a566-d1c3acde0a7e,sent,0,1,13,1000.00,0.00,0
222,,stablecoin,2500.00,EUR,basesepolia,84532,0x91f7b2252256a112fe12ee79ba58e1cb290d21c3,,12,0xe391d79ec63566066c1c8ffbb8baf475a5a7114dd3d06821835b9199fb12a9f0,,,60588,6000000,0.000000363528,,,,2026-08-31T21:51:16.488Z,,2026-08-31T21:51:30.000Z,2026-08-31T21:51:54.000Z,2026-08-31T21:52:00.776Z,2026-08-31T21:52:00.866Z,2026-08-31T21:52:02.292Z,37.512,44.287,45.804,,,24,6.776,1.516,completed,successo,,processed,,125,01a059d5-769f-7e89-9849-03d29cc60db1,sent,0,1,13,2500.00,0.00,0
223,,stablecoin,10.00,EUR,basesepolia,84532,0x91f7b2252256a112fe12ee79ba58e1cb290d21c3,,12,0x60f648dc3f8d1acd16998ae2979b2274eb3284258a9bcd1377b2b65197aefa93,,,65376,6000000,0.000000392256,,,,2026-08-31T21:52:06.198Z,,2026-08-31T21:52:20.000Z,2026-08-31T21:52:44.000Z,2026-08-31T21:52:47.979Z,2026-08-31T21:52:48.062Z,2026-08-31T21:52:50.238Z,37.802,41.781,44.04,,,24,3.979,2.259,completed,successo,,processed,,126,01a059d5-83bd-7871-b659-86e86850d06e,sent,0,1,13,10.00,0.00,0
224,,stablecoin,25.00,EUR,basesepolia,84532,0x91f7b2252256a112fe12ee79ba58e1cb290d21c3,,12,0x9941f3739b30daf13d04c2d999694c8ab24c8944ae23bece2ccc9ca5e72cd6ce,,,65388,6000000,0.000000392328,,,,2026-08-31T21:52:06.276Z,,2026-08-31T21:52:20.000Z,2026-08-31T21:52:44.000Z,2026-08-31T21:52:48.577Z,2026-08-31T21:52:48.653Z,2026-08-31T21:52:50.257Z,37.724,42.301,43.981,,,24,4.577,1.68,completed,successo,,processed,,127,01a059d5-8c89-7043-8eb2-a9e054984d3f,sent,0,1,13,25.00,0.00,0
225,,stablecoin,50.00,EUR,basesepolia,84532,0x91f7b2252256a112fe12ee79ba58e1cb290d21c3,,12,0xd23b0f76ab01b6d2008943da3cf849e6ea7b7c344119d9c6e6f22c50f6cf702e,,,65388,6000000,0.000000392328,,,,2026-08-31T21:52:06.353Z,,2026-08-31T21:52:22.000Z,2026-08-31T21:52:46.000Z,2026-08-31T21:52:49.199Z,2026-08-31T21:52:49.282Z,2026-08-31T21:52:52.232Z,39.647,42.846,45.879,,,24,3.199,3.033,completed,successo,,processed,,128,01a059d5-9708-7700-a7dc-ce65e2638c3f,sent,0,1,13,50.00,0.00,0
226,,stablecoin,100.00,EUR,basesepolia,84532,0x91f7b2252256a112fe12ee79ba58e1cb290d21c3,,12,0x6ec2200b5332f0a6a65822172fda7bc1ad959109302141c71f399c5057252e3e,,,65388,6000000,0.000000392328,,,,2026-08-31T21:52:06.434Z,,2026-08-31T21:52:24.000Z,2026-08-31T21:52:48.000Z,2026-08-31T21:52:55.165Z,2026-08-31T21:52:55.255Z,2026-08-31T21:52:58.315Z,41.566,48.731,51.881,,,24,7.165,3.15,completed,successo,,processed,,129,01a059d5-a006-7c6d-9be2-9b50b928c245,sent,0,1,13,100.00,0.00,0
227,,stablecoin,250.00,EUR,basesepolia,84532,0x91f7b2252256a112fe12ee79ba58e1cb290d21c3,,12,0x0ef5d760b6af87320896e88ff3f658bc6a5e2d627882c0589b2158c84544f755,,,65388,6000000,0.000000392328,,,,2026-08-31T21:52:06.520Z,,2026-08-31T21:52:24.000Z,2026-08-31T21:52:48.000Z,2026-08-31T21:52:55.770Z,2026-08-31T21:52:55.866Z,2026-08-31T21:52:58.345Z,41.48,49.25,51.825,,,24,7.77,2.575,completed,successo,,processed,,130,01a059d5-a91e-72ef-ba51-056080fafb74,sent,0,1,13,250.00,0.00,0
228,,stablecoin,500.00,EUR,basesepolia,84532,0x91f7b2252256a112fe12ee79ba58e1cb290d21c3,,12,0xbbfbb38bc95db26211e4d454d563e4fb37719269dd4af86e0e6f1e4d836e7c78,,,65388,6000000,0.000000392328,,,,2026-08-31T21:52:06.596Z,,2026-08-31T21:52:26.000Z,2026-08-31T21:52:50.000Z,2026-08-31T21:52:56.410Z,2026-08-31T21:52:56.497Z,2026-08-31T21:52:58.519Z,43.404,49.814,51.923,,,24,6.41,2.109,completed,successo,,processed,,131,01a059d5-b266-7079-9edb-24f170c93baa,sent,0,1,13,500.00,0.00,0
229,,stablecoin,1000.00,EUR,basesepolia,84532,0x91f7b2252256a112fe12ee79ba58e1cb290d21c3,,12,0x3eeb195420e2917018e3face8dbb0b46d2557ce8aacc6150feae6d0a2d0c922c,,,65388,6000000,0.000000392328,,,,2026-08-31T21:52:06.681Z,,2026-08-31T21:52:26.000Z,2026-08-31T21:52:50.000Z,2026-08-31T21:52:56.898Z,2026-08-31T21:52:56.968Z,2026-08-31T21:52:58.569Z,43.319,50.216,51.888,,,24,6.898,1.671,completed,successo,,processed,,132,01a059d5-bbb8-7fde-b7a3-29f083b8d653,sent,0,1,13,1000.00,0.00,0
230,,stablecoin,2500.00,EUR,basesepolia,84532,0x91f7b2252256a112fe12ee79ba58e1cb290d21c3,,12,0x49148c574759f3c188863e94df5f0125d584b34d8264f1ca6c4fb7b9e5ae2c02,,,60588,6000000,0.000000363528,,,,2026-08-31T21:52:06.768Z,,2026-08-31T21:52:28.000Z,2026-08-31T21:52:52.000Z,2026-08-31T21:52:57.555Z,2026-08-31T21:52:57.643Z,2026-08-31T21:53:00.255Z,45.232,50.786,53.487,,,24,5.555,2.7,completed,successo,,processed,,133,01a059d5-c544-7885-989e-05af85b9a49f,sent,0,1,13,2500.00,0.00,0
231,,stablecoin,10.00,EUR,basesepolia,84532,0x91f7b2252256a112fe12ee79ba58e1cb290d21c3,,12,0xa064e86101a68bf73631a5c9cd97857cea78a8d7de2498cd69d37000d026fe67,,,65376,6000000,0.000000392256,,,,2026-08-31T21:53:05.198Z,,2026-08-31T21:53:10.000Z,2026-08-31T21:53:34.000Z,2026-08-31T21:53:37.267Z,2026-08-31T21:53:37.355Z,2026-08-31T21:53:40.515Z,28.802,32.069,35.317,,,24,3.267,3.248,completed,successo,,processed,,134,01a059d5-cee5-7f4e-960b-58368b823d8d,sent,0,1,13,10.00,0.00,0
232,,stablecoin,25.00,EUR,basesepolia,84532,0x91f7b2252256a112fe12ee79ba58e1cb290d21c3,,12,0x5a32af7cbefb8a397dd6e1b789fb61ea72308bb14ffcd3af1d602456fa1aa5b0,,,65388,6000000,0.000000392328,,,,2026-08-31T21:53:05.276Z,,2026-08-31T21:53:12.000Z,2026-08-31T21:53:36.000Z,2026-08-31T21:53:37.942Z,2026-08-31T21:53:38.029Z,2026-08-31T21:53:40.316Z,30.724,32.665,35.04,,,24,1.942,2.374,completed,successo,,processed,,135,01a059d5-d804-7465-88b2-51fa71587ed4,sent,0,1,13,25.00,0.00,0
233,,stablecoin,50.00,EUR,basesepolia,84532,0x91f7b2252256a112fe12ee79ba58e1cb290d21c3,,12,0xbab1f84833bdccfda7f654b26c036435d526fd9cdec34fa36684e10b8e9a595d,,,65388,6000000,0.000000392328,,,,2026-08-31T21:53:05.347Z,,2026-08-31T21:53:12.000Z,2026-08-31T21:53:36.000Z,2026-08-31T21:53:38.458Z,2026-08-31T21:53:38.529Z,2026-08-31T21:53:40.328Z,30.653,33.112,34.981,,,24,2.458,1.87,completed,successo,,processed,,136,01a059d5-e13b-7cd6-8263-1a87b1a07c4d,sent,0,1,13,50.00,0.00,0
234,,stablecoin,100.00,EUR,basesepolia,84532,0x91f7b2252256a112fe12ee79ba58e1cb290d21c3,,12,0x52673973c8de159fe16bca8b0c0b65960a3bbcfd78530de7ef00910ec7d47afe,,,65388,6000000,0.000000392328,,,,2026-08-31T21:53:05.428Z,,2026-08-31T21:53:14.000Z,2026-08-31T21:53:38.000Z,2026-08-31T21:53:44.447Z,2026-08-31T21:53:44.536Z,2026-08-31T21:53:46.205Z,32.572,39.019,40.777,,,24,6.447,1.758,completed,successo,,processed,,137,01a059d5-e9df-75fa-a9a7-ed7b7325fff0,sent,0,1,13,100.00,0.00,0
235,,stablecoin,250.00,EUR,basesepolia,84532,0x91f7b2252256a112fe12ee79ba58e1cb290d21c3,,12,0x600cde06baf0a8f309c852ae1ce6a31cf2b6e39195d8581a480f3a00ab6c9755,,,65376,6000000,0.000000392256,,,,2026-08-31T21:53:05.499Z,,2026-08-31T21:53:14.000Z,2026-08-31T21:53:38.000Z,2026-08-31T21:53:44.971Z,2026-08-31T21:53:45.057Z,2026-08-31T21:53:46.215Z,32.501,39.472,40.716,,,24,6.971,1.244,completed,successo,,processed,,138,01a059d5-f2e2-7918-b875-cd80fd75db72,sent,0,1,13,250.00,0.00,0
236,,stablecoin,500.00,EUR,basesepolia,84532,0x91f7b2252256a112fe12ee79ba58e1cb290d21c3,,12,0x3a52c09d96295fd942838420d8b099bdf950b4c079e5775278fb3c27ab1ddd2a,,,65388,6000000,0.000000392328,,,,2026-08-31T21:53:05.571Z,,2026-08-31T21:53:16.000Z,2026-08-31T21:53:40.000Z,2026-08-31T21:53:45.651Z,2026-08-31T21:53:45.738Z,2026-08-31T21:53:48.177Z,34.429,40.08,42.606,,,24,5.651,2.526,completed,successo,,processed,,139,01a059d5-fbc6-70f2-9422-c576100a173d,sent,0,1,13,500.00,0.00,0
237,,stablecoin,1000.00,EUR,basesepolia,84532,0x91f7b2252256a112fe12ee79ba58e1cb290d21c3,,12,0x17a4953cf7520ba2fdb1e07f4489a6eaa61f7d3f0ca3cd18bf53cb997cbe14bd,,,65388,6000000,0.000000392328,,,,2026-08-31T21:53:05.643Z,,2026-08-31T21:53:16.000Z,2026-08-31T21:53:40.000Z,2026-08-31T21:53:46.184Z,2026-08-31T21:53:46.253Z,2026-08-31T21:53:48.430Z,34.357,40.541,42.787,,,24,6.184,2.246,completed,successo,,processed,,140,01a059d6-0468-7f26-8b2c-af39239dd832,sent,0,1,13,1000.00,0.00,0
238,,stablecoin,2500.00,EUR,basesepolia,84532,0x91f7b2252256a112fe12ee79ba58e1cb290d21c3,,12,0x82ec440a8f67ea7b56534ca5cbe2afc0960c65153ded8c7d62473cfb74e0af6a,,,60588,6000000,0.000000363528,,,,2026-08-31T21:53:05.711Z,,2026-08-31T21:53:18.000Z,2026-08-31T21:53:42.000Z,2026-08-31T21:53:46.803Z,2026-08-31T21:53:46.877Z,2026-08-31T21:53:48.183Z,36.289,41.092,42.472,,,24,4.803,1.38,completed,successo,,processed,,141,01a059d6-0db1-718f-a9ef-4623eb4a3c88,sent,0,1,13,2500.00,0.00,0
239,,stablecoin,10.00,EUR,basesepolia,84532,0x91f7b2252256a112fe12ee79ba58e1cb290d21c3,,12,0xf7a2e8707603ccded7a078b54ad4026f33474b75269625d8b9124dd36bc2f7bf,,,65376,6000000,0.000000392256,,,,2026-08-31T21:53:54.385Z,,2026-08-31T21:54:04.000Z,2026-08-31T21:54:28.000Z,2026-08-31T21:54:32.035Z,2026-08-31T21:54:32.123Z,2026-08-31T21:54:34.256Z,33.615,37.65,39.871,,,24,4.035,2.221,completed,successo,,processed,,142,01a059d6-1726-73fc-9491-fd55fe40dce5,sent,0,1,13,10.00,0.00,0
240,,stablecoin,25.00,EUR,basesepolia,84532,0x91f7b2252256a112fe12ee79ba58e1cb290d21c3,,12,0x76cfb8669e522172813444de330881b176eb7388c4f917cc7e2250681aa3545a,,,65388,6000000,0.000000392328,,,,2026-08-31T21:53:54.477Z,,2026-08-31T21:54:06.000Z,2026-08-31T21:54:30.000Z,2026-08-31T21:54:33.243Z,2026-08-31T21:54:33.317Z,2026-08-31T21:54:36.334Z,35.523,38.766,41.857,,,24,3.243,3.091,completed,successo,,processed,,143,01a059d6-1fde-70ab-bdc5-e21c4c4f10aa,sent,0,1,13,25.00,0.00,0
241,,stablecoin,50.00,EUR,basesepolia,84532,0x91f7b2252256a112fe12ee79ba58e1cb290d21c3,,12,0x500b0b71e9ed2935295f36071534cec3249f1719912dc9410ed9ffb3478534e4,,,65388,6000000,0.000000392328,,,,2026-08-31T21:53:54.552Z,,2026-08-31T21:54:06.000Z,2026-08-31T21:54:30.000Z,2026-08-31T21:54:33.742Z,2026-08-31T21:54:33.823Z,2026-08-31T21:54:36.316Z,35.448,39.189,41.764,,,24,3.742,2.574,completed,successo,,processed,,144,01a059d6-2864-7f3f-a3f1-14cb267d9510,sent,0,1,13,50.00,0.00,0
242,,stablecoin,100.00,EUR,basesepolia,84532,0x91f7b2252256a112fe12ee79ba58e1cb290d21c3,,12,0x5549e3536deef40ce0344f627fbd3429ceca02e941b4d35268a6536190eed9b4,,,65388,6000000,0.000000392328,,,,2026-08-31T21:53:54.632Z,,2026-08-31T21:54:08.000Z,2026-08-31T21:54:32.000Z,2026-08-31T21:54:41.658Z,2026-08-31T21:54:41.744Z,2026-08-31T21:54:44.446Z,37.368,47.026,49.814,,,24,9.658,2.788,completed,successo,,processed,,145,01a059d6-35ac-78b3-bf7e-8ada96cea6d6,sent,0,1,13,100.00,0.00,0
243,,stablecoin,250.00,EUR,basesepolia,84532,0x91f7b2252256a112fe12ee79ba58e1cb290d21c3,,12,0x08f5e2edb1d0fd6897d94d3a67b2d0933088cfcd9fbe4bb2eaa1296d4f80460d,,,65388,6000000,0.000000392328,,,,2026-08-31T21:53:54.701Z,,2026-08-31T21:54:10.000Z,2026-08-31T21:54:34.000Z,2026-08-31T21:54:42.298Z,2026-08-31T21:54:42.384Z,2026-08-31T21:54:44.467Z,39.299,47.597,49.766,,,24,8.298,2.169,completed,successo,,processed,,146,01a059d6-3ee1-73a7-8b0d-7303e5c137ff,sent,0,1,13,250.00,0.00,0
244,,stablecoin,500.00,EUR,basesepolia,84532,0x91f7b2252256a112fe12ee79ba58e1cb290d21c3,,12,0x6b4d739c19e9061f9fa6aacdd728477f24fc912d4a37685c76fd13aa5e985755,,,65388,6000000,0.000000392328,,,,2026-08-31T21:53:54.773Z,,2026-08-31T21:54:12.000Z,2026-08-31T21:54:36.000Z,2026-08-31T21:54:42.928Z,2026-08-31T21:54:43.034Z,2026-08-31T21:54:46.467Z,41.227,48.155,51.694,,,24,6.928,3.539,completed,successo,,processed,,147,01a059d6-46e1-778a-9613-18ef80da8064,sent,0,1,13,500.00,0.00,0
245,,stablecoin,1000.00,EUR,basesepolia,84532,0x91f7b2252256a112fe12ee79ba58e1cb290d21c3,,12,0xa089d5dcdcdaded828badaffd742facc16f110ee1fb82f46fde4be71e60e0436,,,65388,6000000,0.000000392328,,,,2026-08-31T21:53:54.848Z,,2026-08-31T21:54:12.000Z,2026-08-31T21:54:36.000Z,2026-08-31T21:54:44.192Z,2026-08-31T21:54:44.262Z,2026-08-31T21:54:46.277Z,41.152,49.344,51.429,,,24,8.192,2.085,completed,successo,,processed,,148,01a059d6-4f6b-7bf3-b187-eea73c8c4036,sent,0,1,13,1000.00,0.00,0
246,,stablecoin,2500.00,EUR,basesepolia,84532,0x91f7b2252256a112fe12ee79ba58e1cb290d21c3,,12,0x398cafad77907ccb87667ff244d43560ecedcc536901b1547f39d2821c7cab2d,,,60588,6000000,0.000000363528,,,,2026-08-31T21:53:54.926Z,,2026-08-31T21:54:14.000Z,2026-08-31T21:54:38.000Z,2026-08-31T21:54:44.929Z,2026-08-31T21:54:45.020Z,2026-08-31T21:54:46.211Z,43.074,50.002,51.285,,,24,6.929,1.282,completed,successo,,processed,,149,01a059d6-5930-7f2c-b745-accc7082cacb,sent,0,1,13,2500.00,0.00,0
247,,stablecoin,10.00,EUR,basesepolia,84532,0x91f7b2252256a112fe12ee79ba58e1cb290d21c3,,12,0xe818389fa34d4b7fbd4ec987aa3b131c7e0ce439bc77fdc1208f07fcaad95f3f,,,65376,6000000,0.000000392256,,,,2026-08-31T21:54:50.144Z,,2026-08-31T21:54:56.000Z,2026-08-31T21:55:20.000Z,2026-08-31T21:55:24.741Z,2026-08-31T21:55:24.805Z,2026-08-31T21:55:26.258Z,29.856,34.597,36.114,,,24,4.741,1.517,completed,successo,,processed,,150,01a059d6-6450-7039-a595-fb66d43d7b70,sent,0,1,13,10.00,0.00,0
248,,stablecoin,25.00,EUR,basesepolia,84532,0x91f7b2252256a112fe12ee79ba58e1cb290d21c3,,12,0x044990946f35ed4cc14bd1e3961c58c0a9292a4b4b4997f4f8c7a9688b2bff2a,,,65388,6000000,0.000000392328,,,,2026-08-31T21:54:50.220Z,,2026-08-31T21:54:58.000Z,2026-08-31T21:55:22.000Z,2026-08-31T21:55:25.573Z,2026-08-31T21:55:25.656Z,2026-08-31T21:55:28.309Z,31.78,35.353,38.089,,,24,3.573,2.736,completed,successo,,processed,,151,01a059d6-6e77-78d3-9cd2-23d18b93be9f,sent,0,1,13,25.00,0.00,0
249,,stablecoin,50.00,EUR,basesepolia,84532,0x91f7b2252256a112fe12ee79ba58e1cb290d21c3,,12,0xf4356245c14684a5730156e23e7317de224c3e73ff65d86dc398833c99931479,,,65388,6000000,0.000000392328,,,,2026-08-31T21:54:50.289Z,,2026-08-31T21:54:58.000Z,2026-08-31T21:55:22.000Z,2026-08-31T21:55:26.135Z,2026-08-31T21:55:26.214Z,2026-08-31T21:55:28.313Z,31.711,35.846,38.024,,,24,4.135,2.178,completed,successo,,processed,,152,01a059d6-773e-757e-bde2-3ff693833e07,sent,0,1,13,50.00,0.00,0
250,,stablecoin,100.00,EUR,basesepolia,84532,0x91f7b2252256a112fe12ee79ba58e1cb290d21c3,,12,0x7248e3a124072e6572088af016e827f836533b7d8dffa5e6654eabfd1556ff2d,,,65388,6000000,0.000000392328,,,,2026-08-31T21:54:50.359Z,,2026-08-31T21:55:00.000Z,2026-08-31T21:55:24.000Z,2026-08-31T21:55:27.779Z,2026-08-31T21:55:27.857Z,2026-08-31T21:55:30.292Z,33.641,37.42,39.933,,,24,3.779,2.513,completed,successo,,processed,,153,01a059d6-84a4-7814-bc0c-0e01279e8ca0,sent,0,1,13,100.00,0.00,0
251,,stablecoin,250.00,EUR,basesepolia,84532,0x91f7b2252256a112fe12ee79ba58e1cb290d21c3,,12,0x1d3293bc713387939ece5fa7503bfbd4ae99c6e671b72ba309901942a37f7e02,,,65388,6000000,0.000000392328,,,,2026-08-31T21:54:50.432Z,,2026-08-31T21:55:00.000Z,2026-08-31T21:55:24.000Z,2026-08-31T21:55:28.325Z,2026-08-31T21:55:28.404Z,2026-08-31T21:55:30.394Z,33.568,37.892,39.962,,,24,4.325,2.069,completed,successo,,processed,,154,01a059d6-8d92-7af4-9ae9-7424ba67b1f0,sent,0,1,13,250.00,0.00,0
252,,stablecoin,500.00,EUR,basesepolia,84532,0x91f7b2252256a112fe12ee79ba58e1cb290d21c3,,12,0x197f14966b86c4723622bf6fc6bc2eb80f1e0cbc9ae2a3b942d8f7f1d9ee31d6,,,65388,6000000,0.000000392328,,,,2026-08-31T21:54:50.523Z,,2026-08-31T21:55:02.000Z,2026-08-31T21:55:26.000Z,2026-08-31T21:55:34.255Z,2026-08-31T21:55:34.349Z,2026-08-31T21:55:36.301Z,35.477,43.732,45.778,,,24,8.255,2.046,completed,successo,,processed,,155,01a059d6-965a-7711-aa31-09ecb0996538,sent,0,1,13,500.00,0.00,0
253,,stablecoin,1000.00,EUR,basesepolia,84532,0x91f7b2252256a112fe12ee79ba58e1cb290d21c3,,12,0x8690d63c31e79a1da289ff496ff01fc008868b4bc680922d6c209fb2b4f7c1e3,,,65388,6000000,0.000000392328,,,,2026-08-31T21:54:50.611Z,,2026-08-31T21:55:04.000Z,2026-08-31T21:55:28.000Z,2026-08-31T21:55:34.885Z,2026-08-31T21:55:34.976Z,2026-08-31T21:55:36.358Z,37.389,44.274,45.747,,,24,6.885,1.473,completed,successo,,processed,,156,01a059d6-9f26-796a-a066-52914881ab74,sent,0,1,13,1000.00,0.00,0
254,,stablecoin,2500.00,EUR,basesepolia,84532,0x91f7b2252256a112fe12ee79ba58e1cb290d21c3,,12,0x5da308691f3191872e7fae6d131ef7f5c14f389b9c89b113be85fdc4f6fa46a6,,,60588,6000000,0.000000363528,,,,2026-08-31T21:54:50.685Z,,2026-08-31T21:55:04.000Z,2026-08-31T21:55:28.000Z,2026-08-31T21:55:35.491Z,2026-08-31T21:55:35.577Z,2026-08-31T21:55:36.524Z,37.315,44.806,45.839,,,24,7.491,1.033,completed,successo,,processed,,157,01a059d6-a880-7438-bba9-9e20a7c456f3,sent,0,1,13,2500.00,0.00,0
255,,stablecoin,10.00,EUR,basesepolia,84532,0x91f7b2252256a112fe12ee79ba58e1cb290d21c3,,12,0x6b233186cc533f956cbfeb7680275b5008cb65af852f3c68cf7c38c436c63af8,,,65376,6000000,0.000000392256,,,,2026-08-31T21:55:41.754Z,,2026-08-31T21:55:48.000Z,2026-08-31T21:56:12.000Z,2026-08-31T21:56:16.848Z,2026-08-31T21:56:16.940Z,2026-08-31T21:56:18.284Z,30.246,35.095,36.53,,,24,4.848,1.436,completed,successo,,processed,,158,01a059d6-b340-75ea-9ae2-5ae8fe2592d8,sent,0,1,13,10.00,0.00,0
256,,stablecoin,25.00,EUR,basesepolia,84532,0x91f7b2252256a112fe12ee79ba58e1cb290d21c3,,12,0xc46cbe634e973bbc7e0f94c1618e16a4cfa85eb7abba00744c445b251ffffb6d,,,65388,6000000,0.000000392328,,,,2026-08-31T21:55:41.821Z,,2026-08-31T21:55:48.000Z,2026-08-31T21:56:12.000Z,2026-08-31T21:56:17.451Z,2026-08-31T21:56:17.521Z,2026-08-31T21:56:20.436Z,30.179,35.63,38.615,,,24,5.451,2.985,completed,successo,,processed,,159,01a059d6-bdb7-775d-9404-2b5417d1677a,sent,0,1,13,25.00,0.00,0
257,,stablecoin,50.00,EUR,basesepolia,84532,0x91f7b2252256a112fe12ee79ba58e1cb290d21c3,,12,0x20fc545a2335a4c9fde5df3b5c3fd70c669280eb385dc239f3fa49e8d98cfcd8,,,65388,6000000,0.000000392328,,,,2026-08-31T21:55:41.892Z,,2026-08-31T21:55:50.000Z,2026-08-31T21:56:14.000Z,2026-08-31T21:56:18.128Z,2026-08-31T21:56:18.214Z,2026-08-31T21:56:20.385Z,32.108,36.236,38.493,,,24,4.128,2.257,completed,successo,,processed,,160,01a059d6-c6f7-7f6b-8287-920463273e97,sent,0,1,13,50.00,0.00,0
258,,stablecoin,100.00,EUR,basesepolia,84532,0x91f7b2252256a112fe12ee79ba58e1cb290d21c3,,12,0xe06544813e3c0f40a7c6052d016e4981487679b842e03d339ed26beed6937ee7,,,65388,6000000,0.000000392328,,,,2026-08-31T21:55:41.959Z,,2026-08-31T21:55:50.000Z,2026-08-31T21:56:14.000Z,2026-08-31T21:56:18.723Z,2026-08-31T21:56:18.787Z,2026-08-31T21:56:20.669Z,32.041,36.764,38.71,,,24,4.723,1.946,completed,successo,,processed,,161,01a059d7-1b8b-7607-b497-6fc6b0258542,sent,0,1,13,100.00,0.00,0
259,,stablecoin,250.00,EUR,basesepolia,84532,0x91f7b2252256a112fe12ee79ba58e1cb290d21c3,,12,0x70ac1048447d7e4122d0b6330d8965a10a8969d3ee12d155796001260b1566a9,,,65388,6000000,0.000000392328,,,,2026-08-31T21:55:42.042Z,,2026-08-31T21:55:52.000Z,2026-08-31T21:56:16.000Z,2026-08-31T21:56:19.390Z,2026-08-31T21:56:19.477Z,2026-08-31T21:56:20.714Z,33.958,37.348,38.672,,,24,3.39,1.324,completed,successo,,processed,,162,01a059d7-3483-795d-ab04-bd836528fd71,sent,0,1,13,250.00,0.00,0
260,,stablecoin,500.00,EUR,basesepolia,84532,0x91f7b2252256a112fe12ee79ba58e1cb290d21c3,,12,0xc9e271c26bb175d73bb9f9748e539e5fa4ade02b5f1b48d12d7152fb48eb326b,,,65388,6000000,0.000000392328,,,,2026-08-31T21:55:42.120Z,,2026-08-31T21:55:52.000Z,2026-08-31T21:56:16.000Z,2026-08-31T21:56:20.043Z,2026-08-31T21:56:20.106Z,2026-08-31T21:56:22.309Z,33.88,37.923,40.189,,,24,4.043,2.266,completed,successo,,processed,,163,01a059d7-3e3d-7309-aa93-4a62a51fe18e,sent,0,1,13,500.00,0.00,0
261,,stablecoin,1000.00,EUR,basesepolia,84532,0x91f7b2252256a112fe12ee79ba58e1cb290d21c3,,12,0x3589e6e88e6abb40e77fbcf6adab81b6929d71019a2d1d4c87c3db3ccaa2f85d,,,65388,6000000,0.000000392328,,,,2026-08-31T21:55:42.188Z,,2026-08-31T21:55:54.000Z,2026-08-31T21:56:18.000Z,2026-08-31T21:56:26.103Z,2026-08-31T21:56:26.194Z,2026-08-31T21:56:28.274Z,35.812,43.915,46.086,,,24,8.103,2.171,completed,successo,,processed,,164,01a059d7-47d2-7375-a8d8-c86a3e1f9d36,sent,0,1,13,1000.00,0.00,0
262,,stablecoin,2500.00,EUR,basesepolia,84532,0x91f7b2252256a112fe12ee79ba58e1cb290d21c3,,12,0x5446f3dd22d140e01f4bf9afed2cbe57e514f0049a7f77bbadeb76a5f93d622b,,,60588,6000000,0.000000363528,,,,2026-08-31T21:55:42.268Z,,2026-08-31T21:55:54.000Z,2026-08-31T21:56:18.000Z,2026-08-31T21:56:26.603Z,2026-08-31T21:56:26.694Z,2026-08-31T21:56:28.313Z,35.732,44.335,46.045,,,24,8.603,1.71,completed,successo,,processed,,165,01a059d7-50af-710c-903a-569e404c5c76,sent,0,1,13,2500.00,0.00,0
263,,stablecoin,10.00,EUR,basesepolia,84532,0x91f7b2252256a112fe12ee79ba58e1cb290d21c3,,12,0x09994ed53e9282e0875354159d8d37ef5d7eb7007a5942668d77fd48c9083150,,,65376,6000000,0.000000392256,,,,2026-08-31T21:56:47.508Z,,2026-08-31T21:56:52.000Z,2026-08-31T21:57:16.000Z,2026-08-31T21:57:19.429Z,2026-08-31T21:57:19.510Z,2026-08-31T21:57:22.239Z,28.492,31.921,34.731,,,24,3.429,2.81,completed,successo,,processed,,166,01a059d7-5b57-7dc0-a92a-571f09cc70ea,sent,0,1,13,10.00,0.00,0
264,,stablecoin,25.00,EUR,basesepolia,84532,0x91f7b2252256a112fe12ee79ba58e1cb290d21c3,,12,0x6f818ad3fa26061aabf5ee175c762c462224963a5176aefaf647bc979b819527,,,65388,6000000,0.000000392328,,,,2026-08-31T21:56:47.586Z,,2026-08-31T21:56:54.000Z,2026-08-31T21:57:18.000Z,2026-08-31T21:57:20.104Z,2026-08-31T21:57:20.186Z,2026-08-31T21:57:22.239Z,30.414,32.517,34.653,,,24,2.104,2.135,completed,successo,,processed,,167,01a059d7-6404-7f7c-90f2-0c59d82382a1,sent,0,1,13,25.00,0.00,0
265,,stablecoin,50.00,EUR,basesepolia,84532,0x91f7b2252256a112fe12ee79ba58e1cb290d21c3,,12,0xe425f289f492c41da62d9feaf0bb7e26228a90211cf4fecb652ae290faca8953,,,65388,6000000,0.000000392328,,,,2026-08-31T21:56:47.658Z,,2026-08-31T21:56:56.000Z,2026-08-31T21:57:20.000Z,2026-08-31T21:57:26.045Z,2026-08-31T21:57:26.141Z,2026-08-31T21:57:28.233Z,32.342,38.387,40.575,,,24,6.045,2.188,completed,successo,,processed,,168,01a059d7-6c8b-7819-97a4-6726fd0fec68,sent,0,1,13,50.00,0.00,0
266,,stablecoin,100.00,EUR,basesepolia,84532,0x91f7b2252256a112fe12ee79ba58e1cb290d21c3,,12,0x67b892dd48d92bc1e24d7932bd206efd00f968a5de28755aa184460c384e92e3,,,65388,6000000,0.000000392328,,,,2026-08-31T21:56:47.737Z,,2026-08-31T21:56:58.000Z,2026-08-31T21:57:22.000Z,2026-08-31T21:57:26.689Z,2026-08-31T21:57:26.792Z,2026-08-31T21:57:28.167Z,34.263,38.953,40.43,,,24,4.689,1.478,completed,successo,,processed,,169,01a059d7-757e-7a8f-8a6c-912b24461133,sent,0,1,13,100.00,0.00,0
267,,stablecoin,250.00,EUR,basesepolia,84532,0x91f7b2252256a112fe12ee79ba58e1cb290d21c3,,12,0x3a85aabe5931f688322f0443c99d5efecc0bb97d73e0b99650b01f9e2cddf0a0,,,65388,6000000,0.000000392328,,,,2026-08-31T21:56:47.812Z,,2026-08-31T21:57:00.000Z,2026-08-31T21:57:24.000Z,2026-08-31T21:57:27.347Z,2026-08-31T21:57:27.430Z,2026-08-31T21:57:30.247Z,36.188,39.535,42.435,,,24,3.347,2.9,completed,successo,,processed,,170,01a059d7-7e2d-75b7-9bd1-3938b0911a4b,sent,0,1,13,250.00,0.00,0
268,,stablecoin,500.00,EUR,basesepolia,84532,0x91f7b2252256a112fe12ee79ba58e1cb290d21c3,,12,0xd4f38e1dfe089046e091ed7968fcb58432636722892fbb1cf53300ea15ab6923,,,65376,6000000,0.000000392256,,,,2026-08-31T21:56:47.887Z,,2026-08-31T21:57:00.000Z,2026-08-31T21:57:24.000Z,2026-08-31T21:57:27.839Z,2026-08-31T21:57:27.912Z,2026-08-31T21:57:30.276Z,36.113,39.952,42.389,,,24,3.839,2.437,completed,successo,,processed,,171,01a059d7-88d7-734c-8734-ab0ac434c7d2,sent,0,1,13,500.00,0.00,0
269,,stablecoin,1000.00,EUR,basesepolia,84532,0x91f7b2252256a112fe12ee79ba58e1cb290d21c3,,12,0x2aa2a0656b239a937c6c1fbb7a47a547a19370dc3802975704ff96a2db6383ac,,,65388,6000000,0.000000392328,,,,2026-08-31T21:56:47.969Z,,2026-08-31T21:57:02.000Z,2026-08-31T21:57:26.000Z,2026-08-31T21:57:34.182Z,2026-08-31T21:57:34.259Z,2026-08-31T21:57:36.155Z,38.031,46.213,48.186,,,24,8.182,1.973,completed,successo,,processed,,172,01a059d7-9370-73e1-a7b9-22422944039f,sent,0,1,13,1000.00,0.00,0
270,,stablecoin,2500.00,EUR,basesepolia,84532,0x91f7b2252256a112fe12ee79ba58e1cb290d21c3,,12,0x7ec288739de4b5198cb90322aaa61857118f0360f4bcffd580470017d6f99134,,,60588,6000000,0.000000363528,,,,2026-08-31T21:56:48.042Z,,2026-08-31T21:57:02.000Z,2026-08-31T21:57:26.000Z,2026-08-31T21:57:34.669Z,2026-08-31T21:57:34.742Z,2026-08-31T21:57:36.161Z,37.958,46.627,48.119,,,24,8.669,1.492,completed,successo,,processed,,173,01a059d7-9c84-70e2-b62a-76c5f169c4c1,sent,0,1,13,2500.00,0.00,0
271,,stablecoin,10.00,EUR,basesepolia,84532,0x91f7b2252256a112fe12ee79ba58e1cb290d21c3,,12,0x9f1f4d926719f81715e0aac9a933f993d4321888215957836fd2718daea44758,,,65376,6000000,0.000000392256,,,,2026-08-31T21:57:53.828Z,,2026-08-31T21:58:04.000Z,2026-08-31T21:58:28.000Z,2026-08-31T21:58:32.712Z,2026-08-31T21:58:32.797Z,2026-08-31T21:58:34.292Z,34.172,38.884,40.464,,,24,4.712,1.58,completed,successo,,processed,,174,01a059d7-ad08-7c7d-9285-4f3f6891772e,sent,0,1,13,10.00,0.00,0
272,,stablecoin,25.00,EUR,basesepolia,84532,0x91f7b2252256a112fe12ee79ba58e1cb290d21c3,,12,0xdfd9188b6619371a405a4985e4ae13dad30cab79cec3b7db2fbe29caa6641faf,,,65376,6000000,0.000000392256,,,,2026-08-31T21:57:53.905Z,,2026-08-31T21:58:06.000Z,2026-08-31T21:58:30.000Z,2026-08-31T21:58:33.375Z,2026-08-31T21:58:33.464Z,2026-08-31T21:58:36.286Z,36.095,39.47,42.381,,,24,3.375,2.911,completed,successo,,processed,,175,01a059d7-b695-775e-94f7-81accf69d315,sent,0,1,13,25.00,0.00,0
273,,stablecoin,50.00,EUR,basesepolia,84532,0x91f7b2252256a112fe12ee79ba58e1cb290d21c3,,12,0xff4f03f0560b46f9b247bdd42523b93ccb3b4e6be6d40ef01399c36ccd3e9292,,,65388,6000000,0.000000392328,,,,2026-08-31T21:57:53.983Z,,2026-08-31T21:58:06.000Z,2026-08-31T21:58:30.000Z,2026-08-31T21:58:33.904Z,2026-08-31T21:58:33.985Z,2026-08-31T21:58:36.347Z,36.017,39.921,42.364,,,24,3.904,2.443,completed,successo,,processed,,176,01a059d7-c00f-79ee-8ce9-025bfed446c5,sent,0,1,13,50.00,0.00,0
274,,stablecoin,100.00,EUR,basesepolia,84532,0x91f7b2252256a112fe12ee79ba58e1cb290d21c3,,12,0xbe0a0da597bf818304d61ec5daea9d64559d3d064a5c1741fa3bd9df680cbedd,,,65388,6000000,0.000000392328,,,,2026-08-31T21:57:54.056Z,,2026-08-31T21:58:08.000Z,2026-08-31T21:58:32.000Z,2026-08-31T21:58:34.620Z,2026-08-31T21:58:34.718Z,2026-08-31T21:58:36.542Z,37.944,40.564,42.486,,,24,2.62,1.922,completed,successo,,processed,,177,01a059d7-c860-730e-baaa-7efec7b76067,sent,0,1,13,100.00,0.00,0
275,,stablecoin,250.00,EUR,basesepolia,84532,0x91f7b2252256a112fe12ee79ba58e1cb290d21c3,,12,0x3e0790129821211b69dd2af9182057a7c9b6b48a34e79bc3c94ef42375f3c6c5,,,65388,6000000,0.000000392328,,,,2026-08-31T21:57:54.127Z,,2026-08-31T21:58:08.000Z,2026-08-31T21:58:32.000Z,2026-08-31T21:58:35.148Z,2026-08-31T21:58:35.229Z,2026-08-31T21:58:36.579Z,37.873,41.021,42.452,,,24,3.148,1.431,completed,successo,,processed,,178,01a059d7-cfc2-7154-a163-5445a35afb9f,sent,0,1,13,250.00,0.00,0
276,,stablecoin,500.00,EUR,basesepolia,84532,0x91f7b2252256a112fe12ee79ba58e1cb290d21c3,,12,0x1689677a17e7e9f49180fea09b69d803f8668fe0d6d7e34948f81e6d7e060f16,,,65388,6000000,0.000000392328,,,,2026-08-31T21:57:54.207Z,,2026-08-31T21:58:10.000Z,2026-08-31T21:58:34.000Z,2026-08-31T21:58:43.083Z,2026-08-31T21:58:43.160Z,2026-08-31T21:58:44.328Z,39.793,48.876,50.121,,,24,9.083,1.245,completed,successo,,processed,,179,01a059d7-d7fa-7562-9eb4-b06c22c186f2,sent,0,1,13,500.00,0.00,0
277,,stablecoin,1000.00,EUR,basesepolia,84532,0x91f7b2252256a112fe12ee79ba58e1cb290d21c3,,12,0x3aa0240fc96d641fe7b35747472aa8739b84f81ffc56cff13e655d97cb391709,,,65388,6000000,0.000000392328,,,,2026-08-31T21:57:54.279Z,,2026-08-31T21:58:10.000Z,2026-08-31T21:58:34.000Z,2026-08-31T21:58:43.605Z,2026-08-31T21:58:43.695Z,2026-08-31T21:58:46.281Z,39.721,49.327,52.002,,,24,9.605,2.676,completed,successo,,processed,,180,01a059d7-e1b2-766a-8493-56b20e1070ac,sent,0,1,13,1000.00,0.00,0
278,,stablecoin,2500.00,EUR,basesepolia,84532,0x91f7b2252256a112fe12ee79ba58e1cb290d21c3,,12,0x22a61731c45a383ba79e72f6a20143b3ff4b346925bd3ae4421e4322d2be7e8b,,,60588,6000000,0.000000363528,,,,2026-08-31T21:57:54.353Z,,2026-08-31T21:58:12.000Z,2026-08-31T21:58:36.000Z,2026-08-31T21:58:44.255Z,2026-08-31T21:58:44.357Z,2026-08-31T21:58:46.353Z,41.647,49.902,52,,,24,8.255,2.098,completed,successo,,processed,,181,01a059d7-eb12-7341-afc3-27847a474b4a,sent,0,1,13,2500.00,0.00,0
279,,stablecoin,10.00,EUR,basesepolia,84532,0x91f7b2252256a112fe12ee79ba58e1cb290d21c3,,12,0x615dd36c8494890ab73107348ad06706473e204a11fb17a639adaf28c968602a,,,65376,6000000,0.000000392256,,,,2026-08-31T21:59:03.331Z,,2026-08-31T21:59:08.000Z,2026-08-31T21:59:32.000Z,2026-08-31T21:59:35.658Z,2026-08-31T21:59:35.748Z,2026-08-31T21:59:38.113Z,28.669,32.327,34.782,,,24,3.658,2.455,completed,successo,,processed,,182,01a059d7-f59f-79a3-b684-5e4e351a60d8,sent,0,1,13,10.00,0.00,0
280,,stablecoin,25.00,EUR,basesepolia,84532,0x91f7b2252256a112fe12ee79ba58e1cb290d21c3,,12,0x1b8a7f8e2665386e69f061fc2ea687fd06aba950691d01300b1471fc1337b34e,,,65388,6000000,0.000000392328,,,,2026-08-31T21:59:03.408Z,,2026-08-31T21:59:10.000Z,2026-08-31T21:59:34.000Z,2026-08-31T21:59:36.349Z,2026-08-31T21:59:36.429Z,2026-08-31T21:59:38.227Z,30.592,32.941,34.819,,,24,2.349,1.878,completed,successo,,processed,,183,01a059d7-fe11-7b2d-8a32-b8b809a15e6b,sent,0,1,13,25.00,0.00,0
281,,stablecoin,50.00,EUR,basesepolia,84532,0x91f7b2252256a112fe12ee79ba58e1cb290d21c3,,12,0xc83e0c4f1202decc1023c38f7825b56df74a541729f87b778e93fe6764f8bb80,,,65388,6000000,0.000000392328,,,,2026-08-31T21:59:03.484Z,,2026-08-31T21:59:10.000Z,2026-08-31T21:59:34.000Z,2026-08-31T21:59:36.848Z,2026-08-31T21:59:36.930Z,2026-08-31T21:59:38.356Z,30.516,33.363,34.872,,,24,2.848,1.508,completed,successo,,processed,,184,01a059d8-0739-72d2-b19f-e5ec28b8b41e,sent,0,1,13,50.00,0.00,0
282,,stablecoin,100.00,EUR,basesepolia,84532,0x91f7b2252256a112fe12ee79ba58e1cb290d21c3,,12,0x91fa7bcf80f78e7c2ea079869f060382b181ed87afc57d40c96c18994e240cc2,,,65388,6000000,0.000000392328,,,,2026-08-31T21:59:03.554Z,,2026-08-31T21:59:12.000Z,2026-08-31T21:59:36.000Z,2026-08-31T21:59:42.868Z,2026-08-31T21:59:42.961Z,2026-08-31T21:59:44.269Z,32.446,39.314,40.715,,,24,6.868,1.401,completed,successo,,processed,,185,01a059d8-1045-7494-b499-eb9d9f3fcb8c,sent,0,1,13,100.00,0.00,0
283,,stablecoin,250.00,EUR,basesepolia,84532,0x91f7b2252256a112fe12ee79ba58e1cb290d21c3,,12,0x380284c17e5f92d9f3df7a93987798197db3533d287c5369f7b87a76dfe5ac93,,,65388,6000000,0.000000392328,,,,2026-08-31T21:59:03.627Z,,2026-08-31T21:59:14.000Z,2026-08-31T21:59:38.000Z,2026-08-31T21:59:43.530Z,2026-08-31T21:59:43.628Z,2026-08-31T21:59:46.346Z,34.373,39.903,42.719,,,24,5.53,2.816,completed,successo,,processed,,186,01a059d8-1936-7ef8-b76e-d6bc5e439d1d,sent,0,1,13,250.00,0.00,0
284,,stablecoin,500.00,EUR,basesepolia,84532,0x91f7b2252256a112fe12ee79ba58e1cb290d21c3,,12,0x72eb7c980b1181156c508cff2e7ae0ccb55e0bbd0138c34568d5b673ca1670d6,,,65376,6000000,0.000000392256,,,,2026-08-31T21:59:03.699Z,,2026-08-31T21:59:14.000Z,2026-08-31T21:59:38.000Z,2026-08-31T21:59:44.085Z,2026-08-31T21:59:44.166Z,2026-08-31T21:59:46.156Z,34.301,40.386,42.457,,,24,6.085,2.071,completed,successo,,processed,,187,01a059d8-2226-735d-9365-aab47dbae76a,sent,0,1,13,500.00,0.00,0
285,,stablecoin,1000.00,EUR,basesepolia,84532,0x91f7b2252256a112fe12ee79ba58e1cb290d21c3,,12,0xb029e0cf896eb4d0ebaea07f8ddac4712e4da9b8f2146e1d492d4a5962ec2c86,,,65388,6000000,0.000000392328,,,,2026-08-31T21:59:03.773Z,,2026-08-31T21:59:14.000Z,2026-08-31T21:59:38.000Z,2026-08-31T21:59:44.620Z,2026-08-31T21:59:44.702Z,2026-08-31T21:59:46.168Z,34.227,40.846,42.395,,,24,6.62,1.548,completed,successo,,processed,,188,01a059d8-2bc2-72db-9f06-0a2cc191944f,sent,0,1,13,1000.00,0.00,0
286,,stablecoin,2500.00,EUR,basesepolia,84532,0x91f7b2252256a112fe12ee79ba58e1cb290d21c3,,12,0xe324c836f5b5626393d4734a298250929200a539b665e7e5ed96654b18a4ca7e,,,60588,6000000,0.000000363528,,,,2026-08-31T21:59:03.851Z,,2026-08-31T21:59:16.000Z,2026-08-31T21:59:40.000Z,2026-08-31T21:59:45.273Z,2026-08-31T21:59:45.360Z,2026-08-31T21:59:48.229Z,36.149,41.422,44.378,,,24,5.273,2.956,completed,successo,,processed,,189,01a059d8-34f2-7cea-9da7-aa7133b44908,sent,0,1,13,2500.00,0.00,0
287,,stablecoin,10.00,EUR,basesepolia,84532,0x91f7b2252256a112fe12ee79ba58e1cb290d21c3,,12,0x29fa5898f5acf4516786994d52fe9b5fb0c939df012c7da22c853b4b9fd3d576,,,65364,6000000,0.000000392184,,,,2026-08-31T21:59:52.569Z,,2026-08-31T22:00:02.000Z,2026-08-31T22:00:26.000Z,2026-08-31T22:00:31.132Z,2026-08-31T22:00:31.225Z,2026-08-31T22:00:34.201Z,33.431,38.564,41.632,,,24,5.132,3.069,completed,successo,,processed,,190,01a059d8-3fcc-75b1-804b-d3c159f36652,sent,0,1,13,10.00,0.00,0
288,,stablecoin,25.00,EUR,basesepolia,84532,0x91f7b2252256a112fe12ee79ba58e1cb290d21c3,,12,0x5e8fdc6633970334b2e45777cda26ef4bfa05d5e89a54a1db71e9993c2c5b1f9,,,65388,6000000,0.000000392328,,,,2026-08-31T21:59:52.643Z,,2026-08-31T22:00:04.000Z,2026-08-31T22:00:28.000Z,2026-08-31T22:00:31.809Z,2026-08-31T22:00:31.894Z,2026-08-31T22:00:34.245Z,35.357,39.166,41.602,,,24,3.809,2.436,completed,successo,,processed,,191,01a059d8-496f-7989-8da9-4beb424e7e6b,sent,0,1,13,25.00,0.00,0
289,,stablecoin,50.00,EUR,basesepolia,84532,0x91f7b2252256a112fe12ee79ba58e1cb290d21c3,,12,0x85f7cf29dc7bb70db420ad31335254cee1714499ed08c123313dc7e5cf22aded,,,65376,6000000,0.000000392256,,,,2026-08-31T21:59:52.713Z,,2026-08-31T22:00:04.000Z,2026-08-31T22:00:28.000Z,2026-08-31T22:00:32.410Z,2026-08-31T22:00:32.502Z,2026-08-31T22:00:34.382Z,35.287,39.697,41.669,,,24,4.41,1.972,completed,successo,,processed,,192,01a059d8-5111-7984-8c04-b78432455792,sent,0,1,13,50.00,0.00,0
290,,stablecoin,100.00,EUR,basesepolia,84532,0x91f7b2252256a112fe12ee79ba58e1cb290d21c3,,12,0xb9fa107a6157edd3a6e0ac774130b4e654566d3d43afa148b4739447f6e978d5,,,65388,6000000,0.000000392328,,,,2026-08-31T21:59:52.786Z,,2026-08-31T22:00:06.000Z,2026-08-31T22:00:30.000Z,2026-08-31T22:00:33.105Z,2026-08-31T22:00:33.218Z,2026-08-31T22:00:36.205Z,37.214,40.318,43.419,,,24,3.105,3.1,completed,successo,,processed,,193,01a059d8-5912-7929-b1f1-a3d309a6e6e4,sent,0,1,13,100.00,0.00,0
291,,stablecoin,250.00,EUR,basesepolia,84532,0x91f7b2252256a112fe12ee79ba58e1cb290d21c3,,12,0xbda2bea6bd22821b65b4f0d1d551e70043b7f1d9cb899172a2662f4641a56924,,,65376,6000000,0.000000392256,,,,2026-08-31T21:59:52.854Z,,2026-08-31T22:00:06.000Z,2026-08-31T22:00:30.000Z,2026-08-31T22:00:33.639Z,2026-08-31T22:00:33.730Z,2026-08-31T22:00:36.314Z,37.146,40.785,43.46,,,24,3.639,2.675,completed,successo,,processed,,194,01a059d8-60c6-718e-ab8f-14a6c7e7daf4,sent,0,1,13,250.00,0.00,0
292,,stablecoin,500.00,EUR,basesepolia,84532,0x91f7b2252256a112fe12ee79ba58e1cb290d21c3,,12,0xc67c414c9148b2d3bdfa1af29f61ad1595353446a4f0ddb28624c1cbbcc3d836,,,65388,6000000,0.000000392328,,,,2026-08-31T21:59:52.925Z,,2026-08-31T22:00:08.000Z,2026-08-31T22:00:32.000Z,2026-08-31T22:00:39.617Z,2026-08-31T22:00:39.714Z,2026-08-31T22:00:42.302Z,39.075,46.692,49.377,,,24,7.617,2.685,completed,successo,,processed,,195,01a059d8-6a05-7cb4-a5ec-4f450cdc78cb,sent,0,1,13,500.00,0.00,0
293,,stablecoin,1000.00,EUR,basesepolia,84532,0x91f7b2252256a112fe12ee79ba58e1cb290d21c3,,12,0x5ee5d623c922ebb595e1843f4d1127243eca1b51eb928d6f403403fd153563f5,,,65388,6000000,0.000000392328,,,,2026-08-31T21:59:52.996Z,,2026-08-31T22:00:10.000Z,2026-08-31T22:00:34.000Z,2026-08-31T22:00:40.281Z,2026-08-31T22:00:40.357Z,2026-08-31T22:00:42.424Z,41.004,47.285,49.428,,,24,6.281,2.143,completed,successo,,processed,,196,01a059d8-72f7-7a85-a408-6c33726ec519,sent,0,1,13,1000.00,0.00,0
294,,stablecoin,2500.00,EUR,basesepolia,84532,0x91f7b2252256a112fe12ee79ba58e1cb290d21c3,,12,0xbb82e74f0f3a4babf785e97d96f80a9102881c79b5f1963a902271899fb0e532,,,60588,6000000,0.000000363528,,,,2026-08-31T21:59:53.071Z,,2026-08-31T22:00:10.000Z,2026-08-31T22:00:34.000Z,2026-08-31T22:00:40.786Z,2026-08-31T22:00:40.880Z,2026-08-31T22:00:42.246Z,40.929,47.715,49.175,,,24,6.786,1.46,completed,successo,,processed,,197,01a059d8-7c95-7795-a206-8e0a6a9ddd83,sent,0,1,13,2500.00,0.00,0
295,,stablecoin,10.00,EUR,basesepolia,84532,0x91f7b2252256a112fe12ee79ba58e1cb290d21c3,,12,0xaa9ef50dd2829767543d0abcd0eafb3f6f7b91af590a800922e2c850d241eb1b,,,65364,6000000,0.000000392184,,,,2026-08-31T22:01:10.824Z,,2026-08-31T22:01:18.000Z,2026-08-31T22:01:42.000Z,2026-08-31T22:01:45.960Z,2026-08-31T22:01:46.037Z,2026-08-31T22:01:48.263Z,31.176,35.136,37.439,,,24,3.96,2.303,completed,successo,,processed,,198,01a059d8-8845-7d5d-bb3e-f051d4052f88,sent,0,1,13,10.00,0.00,0
296,,stablecoin,25.00,EUR,basesepolia,84532,0x91f7b2252256a112fe12ee79ba58e1cb290d21c3,,12,0x33c5c53036321cedd355d50fc7a823774983961deae07ab1b361f3bb6035c3ac,,,65388,6000000,0.000000392328,,,,2026-08-31T22:01:10.932Z,,2026-08-31T22:01:20.000Z,2026-08-31T22:01:44.000Z,2026-08-31T22:01:46.683Z,2026-08-31T22:01:46.766Z,2026-08-31T22:01:48.274Z,33.068,35.751,37.342,,,24,2.683,1.591,completed,successo,,processed,,199,01a059d8-910d-733e-ad8a-472d038f423c,sent,0,1,13,25.00,0.00,0
297,,stablecoin,50.00,EUR,basesepolia,84532,0x91f7b2252256a112fe12ee79ba58e1cb290d21c3,,12,0xa4edd765fe69d256cbb5036bec1acad0088686a99541d94c7880bf88aa96c9b1,,,65388,6000000,0.000000392328,,,,2026-08-31T22:01:11.029Z,,2026-08-31T22:01:20.000Z,2026-08-31T22:01:44.000Z,2026-08-31T22:01:47.224Z,2026-08-31T22:01:47.319Z,2026-08-31T22:01:50.391Z,32.971,36.196,39.362,,,24,3.224,3.167,completed,successo,,processed,,200,01a059d8-99b7-77d1-86ba-443fcdb4be07,sent,0,1,13,50.00,0.00,0
298,,stablecoin,100.00,EUR,basesepolia,84532,0x91f7b2252256a112fe12ee79ba58e1cb290d21c3,,12,0xf985d1218d2454d19f9a5df771588c70ca75fce5063efbb6a7b87cd122c20009,,,65376,6000000,0.000000392256,,,,2026-08-31T22:01:11.118Z,,2026-08-31T22:01:22.000Z,2026-08-31T22:01:46.000Z,2026-08-31T22:01:53.216Z,2026-08-31T22:01:53.293Z,2026-08-31T22:01:56.241Z,34.882,42.098,45.123,,,24,7.216,3.025,completed,successo,,processed,,201,01a059d8-a8bd-7789-9092-7a5290cf9435,sent,0,1,13,100.00,0.00,0
299,,stablecoin,250.00,EUR,basesepolia,84532,0x91f7b2252256a112fe12ee79ba58e1cb290d21c3,,12,0x77c782dd1f13071184e221c2b814f838d2c9f315962ee983bff2140324246c34,,,65388,6000000,0.000000392328,,,,2026-08-31T22:01:11.204Z,,2026-08-31T22:01:24.000Z,2026-08-31T22:01:48.000Z,2026-08-31T22:01:53.852Z,2026-08-31T22:01:53.937Z,2026-08-31T22:01:56.266Z,36.796,42.648,45.062,,,24,5.852,2.414,completed,successo,,processed,,202,01a059d8-b53b-714b-bc45-edb06835907e,sent,0,1,13,250.00,0.00,0
300,,stablecoin,500.00,EUR,basesepolia,84532,0x91f7b2252256a112fe12ee79ba58e1cb290d21c3,,12,0xb316352d736ae7d8d03a25f6fd9e50dcac78f27af8cc9ac6a8e23690bc3ca610,,,65388,6000000,0.000000392328,,,,2026-08-31T22:01:11.301Z,,2026-08-31T22:01:24.000Z,2026-08-31T22:01:48.000Z,2026-08-31T22:01:54.393Z,2026-08-31T22:01:54.461Z,2026-08-31T22:01:56.474Z,36.699,43.092,45.173,,,24,6.393,2.081,completed,successo,,processed,,203,01a059d8-bf61-7158-89b6-ead06d4da63d,sent,0,1,13,500.00,0.00,0
301,,stablecoin,1000.00,EUR,basesepolia,84532,0x91f7b2252256a112fe12ee79ba58e1cb290d21c3,,12,0x0f952049b66c40c8a2a35a3fedb4de161380d6bb00c02c3e663563a74977da9c,,,65388,6000000,0.000000392328,,,,2026-08-31T22:01:11.384Z,,2026-08-31T22:01:26.000Z,2026-08-31T22:01:50.000Z,2026-08-31T22:01:55.017Z,2026-08-31T22:01:55.119Z,2026-08-31T22:01:58.163Z,38.616,43.633,46.779,,,24,5.017,3.146,completed,successo,,processed,,204,01a059d8-c883-7415-9a05-8a8a737bdc71,sent,0,1,13,1000.00,0.00,0
302,,stablecoin,2500.00,EUR,basesepolia,84532,0x91f7b2252256a112fe12ee79ba58e1cb290d21c3,,12,0xea4995299dbe606759d16a137ae382c8b95a3ed7a931b70aabe3a48cc9e38320,,,60588,6000000,0.000000363528,,,,2026-08-31T22:01:11.458Z,,2026-08-31T22:01:28.000Z,2026-08-31T22:01:52.000Z,2026-08-31T22:01:55.806Z,2026-08-31T22:01:55.897Z,2026-08-31T22:01:58.363Z,40.542,44.348,46.905,,,24,3.806,2.557,completed,successo,,processed,,205,01a059d8-d131-7ecc-9a86-23a5e5f96e25,sent,0,1,13,2500.00,0.00,0
303,,stablecoin,10.00,EUR,basesepolia,84532,0x91f7b2252256a112fe12ee79ba58e1cb290d21c3,,12,0x2fa4041b98841709695c6ee93b0917d09a230c7926642e127cc5767a475301a1,,,65376,6000000,0.000000392256,,,,2026-08-31T22:02:05.169Z,,2026-08-31T22:02:10.000Z,2026-08-31T22:02:34.000Z,2026-08-31T22:02:38.413Z,2026-08-31T22:02:38.493Z,2026-08-31T22:02:40.388Z,28.831,33.244,35.219,,,24,4.413,1.975,completed,successo,,processed,,206,01a059d8-db90-779e-9192-8a01d6923780,sent,0,1,13,10.00,0.00,0
304,,stablecoin,25.00,EUR,basesepolia,84532,0x91f7b2252256a112fe12ee79ba58e1cb290d21c3,,12,0xfeaa6be64dcec056f4a195d5942fda24c9aea3850da42d2cb97bbb369f98a9e8,,,65388,6000000,0.000000392328,,,,2026-08-31T22:02:05.255Z,,2026-08-31T22:02:12.000Z,2026-08-31T22:02:36.000Z,2026-08-31T22:02:39.119Z,2026-08-31T22:02:39.192Z,2026-08-31T22:02:40.407Z,30.745,33.864,35.152,,,24,3.119,1.288,completed,successo,,processed,,207,01a059d8-e3f6-7655-8a28-298a1e6605ce,sent,0,1,13,25.00,0.00,0
305,,stablecoin,50.00,EUR,basesepolia,84532,0x91f7b2252256a112fe12ee79ba58e1cb290d21c3,,12,0xf82b39fd4219a7b392e43f8d9cc384b63a823d343ea8273de27a73306d494dc8,,,65388,6000000,0.000000392328,,,,2026-08-31T22:02:05.347Z,,2026-08-31T22:02:14.000Z,2026-08-31T22:02:38.000Z,2026-08-31T22:02:45.054Z,2026-08-31T22:02:45.158Z,2026-08-31T22:02:48.231Z,32.653,39.707,42.884,,,24,7.054,3.177,completed,successo,,processed,,208,01a059d8-f6bc-7b6c-979f-4ecd0591c46f,sent,0,1,13,50.00,0.00,0
306,,stablecoin,100.00,EUR,basesepolia,84532,0x91f7b2252256a112fe12ee79ba58e1cb290d21c3,,12,0x0a6d04af6aa7b4f2c6fa8f61e7912837de8d226c7041805f4e0dff31e15a9bee,,,65376,6000000,0.000000392256,,,,2026-08-31T22:02:05.433Z,,2026-08-31T22:02:16.000Z,2026-08-31T22:02:40.000Z,2026-08-31T22:02:45.766Z,2026-08-31T22:02:45.870Z,2026-08-31T22:02:48.204Z,34.567,40.333,42.771,,,24,5.766,2.438,completed,successo,,processed,,209,01a059d8-fee6-7461-a87f-4e01763243ad,sent,0,1,13,100.00,0.00,0
307,,stablecoin,250.00,EUR,basesepolia,84532,0x91f7b2252256a112fe12ee79ba58e1cb290d21c3,,12,0x83068cd6d3d0b4c61186768208f14de919732bfe1d2fc0a65bf0c116cb1e7b83,,,65388,6000000,0.000000392328,,,,2026-08-31T22:02:05.529Z,,2026-08-31T22:02:16.000Z,2026-08-31T22:02:40.000Z,2026-08-31T22:02:46.302Z,2026-08-31T22:02:46.386Z,2026-08-31T22:02:48.403Z,34.471,40.773,42.874,,,24,6.302,2.101,completed,successo,,processed,,210,01a059d9-080d-76b7-9149-9b324963f979,sent,0,1,13,250.00,0.00,0
308,,stablecoin,500.00,EUR,basesepolia,84532,0x91f7b2252256a112fe12ee79ba58e1cb290d21c3,,12,0x7e76265848fdd460edb543a5111e25897607bbe4c0df7eaf57bb8c4ccecae52b,,,65388,6000000,0.000000392328,,,,2026-08-31T22:02:05.612Z,,2026-08-31T22:02:18.000Z,2026-08-31T22:02:42.000Z,2026-08-31T22:02:49.053Z,2026-08-31T22:02:49.146Z,2026-08-31T22:02:50.166Z,36.388,43.441,44.554,,,24,7.053,1.113,completed,successo,,processed,,211,01a059d9-1147-7902-9d28-126ea5cba04a,sent,0,1,13,500.00,0.00,0
309,,stablecoin,1000.00,EUR,basesepolia,84532,0x91f7b2252256a112fe12ee79ba58e1cb290d21c3,,12,0x30aace5eecbf101c75b72114848a94d94788f0a2d0bfed056ed4062df01f0342,,,65388,6000000,0.000000392328,,,,2026-08-31T22:02:05.695Z,,2026-08-31T22:02:18.000Z,2026-08-31T22:02:42.000Z,2026-08-31T22:02:50.784Z,2026-08-31T22:02:50.865Z,2026-08-31T22:02:52.212Z,36.305,45.089,46.517,,,24,8.784,1.428,completed,successo,,processed,,212,01a059d9-1a72-7972-923a-ced3ccaa47e2,sent,0,1,13,1000.00,0.00,0
310,,stablecoin,2500.00,EUR,basesepolia,84532,0x91f7b2252256a112fe12ee79ba58e1cb290d21c3,,12,0x1ad5fd0200da1bc0312704e9aacc44445c1a09c7431a4135e33c207e1d239910,,,60588,6000000,0.000000363528,,,,2026-08-31T22:02:05.794Z,,2026-08-31T22:02:20.000Z,2026-08-31T22:02:44.000Z,2026-08-31T22:02:51.443Z,2026-08-31T22:02:51.538Z,2026-08-31T22:02:54.192Z,38.206,45.649,48.398,,,24,7.443,2.749,completed,successo,,processed,,213,01a059d9-23eb-737e-997d-868d73ff60fb,sent,0,1,13,2500.00,0.00,0
311,,stablecoin,10.00,EUR,basesepolia,84532,0x91f7b2252256a112fe12ee79ba58e1cb290d21c3,,12,0x184bd8caf5634774c58bdf859c09f073ea523b3cc784774b423293ab152aa736,,,65376,6000000,0.000000392256,,,,2026-08-31T22:03:11.176Z,,2026-08-31T22:03:16.000Z,2026-08-31T22:03:40.000Z,2026-08-31T22:03:41.831Z,2026-08-31T22:03:41.920Z,2026-08-31T22:03:44.276Z,28.824,30.656,33.1,,,24,1.831,2.445,completed,successo,,processed,,214,01a059d9-f0e7-7fc5-a82f-a5a014688313,sent,0,1,13,10.00,0.00,0
312,,stablecoin,25.00,EUR,basesepolia,84532,0x91f7b2252256a112fe12ee79ba58e1cb290d21c3,,12,0xf0a3bdf23d59bb10ac9a53e4721cfab9bfeade2d5f67c6262d55c1e59f9f35e3,,,65364,6000000,0.000000392184,,,,2026-08-31T22:03:11.266Z,,2026-08-31T22:03:18.000Z,2026-08-31T22:03:42.000Z,2026-08-31T22:03:47.907Z,2026-08-31T22:03:47.981Z,2026-08-31T22:03:50.293Z,30.734,36.641,39.027,,,24,5.907,2.386,completed,successo,,processed,,215,01a059da-216b-7653-8a7b-ec514035bdc3,sent,0,1,13,25.00,0.00,0
313,,stablecoin,50.00,EUR,basesepolia,84532,0x91f7b2252256a112fe12ee79ba58e1cb290d21c3,,12,0xc433b77d5f3c17e9d8337c937de2c46dbee2a671b976c8be8d606ddab5fd51f9,,,65388,6000000,0.000000392328,,,,2026-08-31T22:03:11.348Z,,2026-08-31T22:03:18.000Z,2026-08-31T22:03:42.000Z,2026-08-31T22:03:48.411Z,2026-08-31T22:03:48.476Z,2026-08-31T22:03:50.323Z,30.652,37.062,38.975,,,24,6.411,1.912,completed,successo,,processed,,216,01a059da-29bb-7f50-b40a-ecbc8be88aff,sent,0,1,13,50.00,0.00,0
314,,stablecoin,100.00,EUR,basesepolia,84532,0x91f7b2252256a112fe12ee79ba58e1cb290d21c3,,12,0x1278b3ebdeb5bac44374644981e0f7b77f47c0a0e720f943e46e53c198f3b6cd,,,65388,6000000,0.000000392328,,,,2026-08-31T22:03:11.434Z,,2026-08-31T22:03:20.000Z,2026-08-31T22:03:44.000Z,2026-08-31T22:03:49.061Z,2026-08-31T22:03:49.137Z,2026-08-31T22:03:50.535Z,32.566,37.628,39.101,,,24,5.061,1.474,completed,successo,,processed,,217,01a059da-480c-7cf1-b681-e19f25eec623,sent,0,1,13,100.00,0.00,0
315,,stablecoin,250.00,EUR,basesepolia,84532,0x91f7b2252256a112fe12ee79ba58e1cb290d21c3,,12,0x315954df5f4ac8af95f5b0d678f02de2b7640400d88d652364a33f5d78d8ddf1,,,65388,6000000,0.000000392328,,,,2026-08-31T22:03:11.520Z,,2026-08-31T22:03:22.000Z,2026-08-31T22:03:46.000Z,2026-08-31T22:03:49.699Z,2026-08-31T22:03:49.776Z,2026-08-31T22:03:52.216Z,34.48,38.179,40.696,,,24,3.699,2.517,completed,successo,,processed,,218,01a059da-51e3-7b8f-94e9-87b1ffe4f397,sent,0,1,13,250.00,0.00,0
316,,stablecoin,500.00,EUR,basesepolia,84532,0x91f7b2252256a112fe12ee79ba58e1cb290d21c3,,12,0xd09329e46df37c8f6d14bb45e2d2938d0c8c5eb33f041fc0290485747c8db2a1,,,65388,6000000,0.000000392328,,,,2026-08-31T22:03:11.613Z,,2026-08-31T22:03:22.000Z,2026-08-31T22:03:46.000Z,2026-08-31T22:03:50.226Z,2026-08-31T22:03:50.290Z,2026-08-31T22:03:52.297Z,34.387,38.613,40.684,,,24,4.226,2.071,completed,successo,,processed,,219,01a059da-5b87-7e21-88fa-bcad2af51b02,sent,0,1,13,500.00,0.00,0
317,,stablecoin,1000.00,EUR,basesepolia,84532,0x91f7b2252256a112fe12ee79ba58e1cb290d21c3,,12,0x4ffa10f9ee4d77f3e078fe8145485cb0414a2badd8217581005d6579477c097f,,,65388,6000000,0.000000392328,,,,2026-08-31T22:03:11.703Z,,2026-08-31T22:03:24.000Z,2026-08-31T22:03:48.000Z,2026-08-31T22:03:56.225Z,2026-08-31T22:03:56.308Z,2026-08-31T22:03:58.118Z,36.297,44.522,46.415,,,24,8.225,1.893,completed,successo,,processed,,220,01a059da-8e51-7157-bf39-0c088adb4a06,sent,0,1,13,1000.00,0.00,0
318,,stablecoin,2500.00,EUR,basesepolia,84532,0x91f7b2252256a112fe12ee79ba58e1cb290d21c3,,12,0x1b5aa4e6fc00ec53ded6bdabc868dfab840f7de17ea6ed1802b407848fdb92ca,,,60588,6000000,0.000000363528,,,,2026-08-31T22:03:11.786Z,,2026-08-31T22:03:24.000Z,2026-08-31T22:03:48.000Z,2026-08-31T22:03:57.909Z,2026-08-31T22:03:58.009Z,2026-08-31T22:04:00.201Z,36.214,46.123,48.415,,,24,9.909,2.292,completed,successo,,processed,,221,01a059da-96e5-7963-9cab-9ca45ddc3fba,sent,0,1,13,2500.00,0.00,0
319,,stablecoin,10.00,EUR,basesepolia,,0x91f7b2252256a112fe12ee79ba58e1cb290d21c3,,,,,,,,,,,,2026-08-31T22:04:01.066Z,,,,,,,,,,,,,,,failed,scaduto,,,,,,,0,,,10.00,0.00,0
320,,stablecoin,25.00,EUR,basesepolia,,0x91f7b2252256a112fe12ee79ba58e1cb290d21c3,,,,,,,,,,,,2026-08-31T22:04:01.131Z,,,,,,,,,,,,,,,failed,scaduto,,,,,,,0,,,25.00,0.00,0
321,,stablecoin,50.00,EUR,basesepolia,,0x91f7b2252256a112fe12ee79ba58e1cb290d21c3,,,,,,,,,,,,2026-08-31T22:04:01.199Z,,,,,,,,,,,,,,,failed,scaduto,,,,,,,0,,,50.00,0.00,0
322,,stablecoin,100.00,EUR,basesepolia,,0x91f7b2252256a112fe12ee79ba58e1cb290d21c3,,,,,,,,,,,,2026-08-31T22:04:01.265Z,,,,,,,,,,,,,,,failed,scaduto,,,,,,,0,,,100.00,0.00,0
323,,stablecoin,250.00,EUR,basesepolia,,0x91f7b2252256a112fe12ee79ba58e1cb290d21c3,,,,,,,,,,,,2026-08-31T22:04:01.342Z,,,,,,,,,,,,,,,failed,scaduto,,,,,,,0,,,250.00,0.00,0
324,,stablecoin,500.00,EUR,basesepolia,,0x91f7b2252256a112fe12ee79ba58e1cb290d21c3,,,,,,,,,,,,2026-08-31T22:04:01.417Z,,,,,,,,,,,,,,,failed,scaduto,,,,,,,0,,,500.00,0.00,0
325,,stablecoin,1000.00,EUR,basesepolia,,0x91f7b2252256a112fe12ee79ba58e1cb290d21c3,,,,,,,,,,,,2026-08-31T22:04:01.481Z,,,,,,,,,,,,,,,failed,scaduto,,,,,,,0,,,1000.00,0.00,0
326,,stablecoin,2500.00,EUR,basesepolia,,0x91f7b2252256a112fe12ee79ba58e1cb290d21c3,,,,,,,,,,,,2026-08-31T22:04:01.549Z,,,,,,,,,,,,,,,failed,scaduto,,,,,,,0,,,2500.00,0.00,0
327,,stablecoin,10.00,EUR,basesepolia,84532,0x91f7b2252256a112fe12ee79ba58e1cb290d21c3,,12,0xfbe55527798de2260a6a6059b2b8b64935c9374bb19b53bc82daa6fb97c27eec,,,65376,6000000,0.000000392256,,,,2026-08-31T22:05:31.242Z,,2026-08-31T22:05:40.000Z,2026-08-31T22:06:04.000Z,2026-08-31T22:06:06.131Z,2026-08-31T22:06:06.217Z,2026-08-31T22:06:08.241Z,32.758,34.889,36.999,,,24,2.131,2.11,completed,successo,,processed,,222,01a059dd-3861-7c77-bbfa-bb06edab2c8a,sent,0,1,13,10.00,0.00,0
328,,stablecoin,25.00,EUR,basesepolia,84532,0x91f7b2252256a112fe12ee79ba58e1cb290d21c3,,12,0x595d8d1fae66d169a33feea66a4f785691e3e8f4d69f8cc54cdf38dd02eb1452,,,65388,6000000,0.000000392328,,,,2026-08-31T22:05:31.320Z,,2026-08-31T22:05:42.000Z,2026-08-31T22:06:06.000Z,2026-08-31T22:06:12.631Z,2026-08-31T22:06:12.707Z,2026-08-31T22:06:14.211Z,34.68,41.312,42.891,,,24,6.631,1.58,completed,successo,,processed,,223,01a059dd-4d76-7e7e-a44b-85f2a78cc723,sent,0,1,13,25.00,0.00,0
329,,stablecoin,50.00,EUR,basesepolia,84532,0x91f7b2252256a112fe12ee79ba58e1cb290d21c3,,12,0x33bdcec9c97d4fc588e42e770f82d3fc102d55bb9af89344b684b8ac22d4cb32,,,65388,6000000,0.000000392328,,,,2026-08-31T22:05:31.391Z,,2026-08-31T22:05:44.000Z,2026-08-31T22:06:08.000Z,2026-08-31T22:06:13.257Z,2026-08-31T22:06:13.342Z,2026-08-31T22:06:16.259Z,36.609,41.866,44.868,,,24,5.257,3.002,completed,successo,,processed,,224,01a059dd-5520-7792-8606-c9b287b469ff,sent,0,1,13,50.00,0.00,0
330,,stablecoin,100.00,EUR,basesepolia,84532,0x91f7b2252256a112fe12ee79ba58e1cb290d21c3,,12,0x76a3077010bc2a3afbb423780f50bf67ca0ca0fe798dec1992209ff74a0ab532,,,65388,6000000,0.000000392328,,,,2026-08-31T22:05:31.470Z,,2026-08-31T22:05:44.000Z,2026-08-31T22:06:08.000Z,2026-08-31T22:06:13.763Z,2026-08-31T22:06:13.837Z,2026-08-31T22:06:16.221Z,36.53,42.292,44.751,,,24,5.763,2.458,completed,successo,,processed,,225,01a059dd-5e96-73d7-8423-a9f744371ddc,sent,0,1,13,100.00,0.00,0
331,,stablecoin,250.00,EUR,basesepolia,84532,0x91f7b2252256a112fe12ee79ba58e1cb290d21c3,,12,0xc109fa2b024f5b9e5cb8a73321e722b9becb8a94f8f9c0de635cbc54b2344a8f,,,65388,6000000,0.000000392328,,,,2026-08-31T22:05:31.568Z,,2026-08-31T22:05:46.000Z,2026-08-31T22:06:10.000Z,2026-08-31T22:06:14.463Z,2026-08-31T22:06:14.553Z,2026-08-31T22:06:16.446Z,38.432,42.895,44.878,,,24,4.463,1.983,completed,successo,,processed,,226,01a059dd-7a05-7bc4-b3a1-14c7ae9e2d47,sent,0,1,13,250.00,0.00,0
332,,stablecoin,500.00,EUR,basesepolia,84532,0x91f7b2252256a112fe12ee79ba58e1cb290d21c3,,12,0xea47ecc0cab9eeedc4444c8771571f3bf80cdb7b7e4f5435037fdd2667f2eceb,,,65388,6000000,0.000000392328,,,,2026-08-31T22:05:31.658Z,,2026-08-31T22:05:46.000Z,2026-08-31T22:06:10.000Z,2026-08-31T22:06:14.967Z,2026-08-31T22:06:15.039Z,2026-08-31T22:06:18.280Z,38.342,43.309,46.622,,,24,4.967,3.313,completed,successo,,processed,,227,01a059dd-8266-7d79-a6f2-abbb2240000e,sent,0,1,13,500.00,0.00,0
333,,stablecoin,1000.00,EUR,basesepolia,84532,0x91f7b2252256a112fe12ee79ba58e1cb290d21c3,,12,0xaf5dc720c8c6ac442f343894af1c93d2c1778e7b866bbddb72e1d5ccdfd5462e,,,65388,6000000,0.000000392328,,,,2026-08-31T22:05:31.745Z,,2026-08-31T22:05:48.000Z,2026-08-31T22:06:12.000Z,2026-08-31T22:06:15.676Z,2026-08-31T22:06:15.763Z,2026-08-31T22:06:18.156Z,40.255,43.931,46.411,,,24,3.676,2.48,completed,successo,,processed,,228,01a059dd-8ba1-7762-94b8-3dd17d90cc95,sent,0,1,13,1000.00,0.00,0
334,,stablecoin,2500.00,EUR,basesepolia,84532,0x91f7b2252256a112fe12ee79ba58e1cb290d21c3,,12,0x2f31d26887aaa18759eb1a811689ad308b9d138feedddf83a841553dc0f149b4,,,60588,6000000,0.000000363528,,,,2026-08-31T22:05:31.832Z,,2026-08-31T22:05:50.000Z,2026-08-31T22:06:14.000Z,2026-08-31T22:06:21.653Z,2026-08-31T22:06:21.735Z,2026-08-31T22:06:24.114Z,42.168,49.821,52.282,,,24,7.653,2.461,completed,successo,,processed,,229,01a059dd-bbf0-732b-ae9c-a14faf2389ab,sent,0,1,13,2500.00,0.00,0
335,2026-09-01-paniere-completo,stablecoin,10.00,EUR,basesepolia,84532,0x91f7b2252256a112fe12ee79ba58e1cb290d21c3,,12,0x41376b7812de98b66367c79026c183f93db7f773fbacb310d43c92a1709e17bc,,,65376,6000000,0.000000392256,,,,2026-08-31T22:07:46.519Z,,2026-08-31T22:08:02.000Z,2026-08-31T22:08:26.000Z,2026-08-31T22:08:33.189Z,2026-08-31T22:08:33.261Z,2026-08-31T22:08:36.380Z,39.481,46.67,49.861,,,24,7.189,3.191,completed,successo,,processed,,236,01a059e0-8826-7876-a028-20aa825fabe4,sent,0,1,13,10.00,0.00,0
336,2026-09-01-paniere-completo,stablecoin,25.00,EUR,basesepolia,84532,0x91f7b2252256a112fe12ee79ba58e1cb290d21c3,,12,0x40899e80ef16b75ddf12922a19afa67673aa27a1fb26c26ec7d3de4fa7a37e23,,,65388,6000000,0.000000392328,,,,2026-08-31T22:07:46.592Z,,2026-08-31T22:08:02.000Z,2026-08-31T22:08:26.000Z,2026-08-31T22:08:32.691Z,2026-08-31T22:08:32.769Z,2026-08-31T22:08:34.268Z,39.408,46.099,47.676,,,24,6.691,1.577,completed,successo,,processed,,235,01a059e0-7ec4-71a5-9b36-44c569541582,sent,0,1,13,25.00,0.00,0
337,2026-09-01-paniere-completo,stablecoin,50.00,EUR,basesepolia,84532,0x91f7b2252256a112fe12ee79ba58e1cb290d21c3,,12,0x1d51eeae264d98106b7cb46b6df83635c561c078cad42122f0e39726f2743a6c,,,65388,6000000,0.000000392328,,,,2026-08-31T22:07:46.666Z,,2026-08-31T22:07:56.000Z,2026-08-31T22:08:20.000Z,2026-08-31T22:08:24.105Z,2026-08-31T22:08:24.181Z,2026-08-31T22:08:26.175Z,33.334,37.439,39.509,,,24,4.105,2.07,completed,successo,,processed,,230,01a059e0-4d12-7328-a94f-e568ae1f552f,sent,0,1,13,50.00,0.00,0
338,2026-09-01-paniere-completo,stablecoin,100.00,EUR,basesepolia,84532,0x91f7b2252256a112fe12ee79ba58e1cb290d21c3,,12,0x9c45d81789a9ddececa910628ea5197bf67c420ab7f749bca60233e2b5d44557,,,65388,6000000,0.000000392328,,,,2026-08-31T22:07:46.734Z,,2026-08-31T22:07:56.000Z,2026-08-31T22:08:20.000Z,2026-08-31T22:08:24.689Z,2026-08-31T22:08:24.761Z,2026-08-31T22:08:26.192Z,33.266,37.955,39.458,,,24,4.689,1.503,completed,successo,,processed,,231,01a059e0-5696-7876-826d-0668ed1ec370,sent,0,1,13,100.00,0.00,0
339,2026-09-01-paniere-completo,stablecoin,250.00,EUR,basesepolia,84532,0x91f7b2252256a112fe12ee79ba58e1cb290d21c3,,12,0xe93ce4c4472c4c48c5e75aedee1cb2cd2e905d5a7b8f6c6c053b3ef411a1d58a,,,65388,6000000,0.000000392328,,,,2026-08-31T22:07:46.802Z,,2026-08-31T22:07:58.000Z,2026-08-31T22:08:22.000Z,2026-08-31T22:08:26.110Z,2026-08-31T22:08:26.186Z,2026-08-31T22:08:28.313Z,35.198,39.308,41.511,,,24,4.11,2.203,completed,successo,,processed,,233,01a059e0-6b85-7876-ab36-5eb119fbd1fd,sent,0,1,13,250.00,0.00,0
340,2026-09-01-paniere-completo,stablecoin,500.00,EUR,basesepolia,84532,0x91f7b2252256a112fe12ee79ba58e1cb290d21c3,,12,0x2452f6b7de72310b407298b15b775b15e5f574ce7102571bde759361bcefa2ee,,,60588,6000000,0.000000363528,,,,2026-08-31T22:07:46.870Z,,2026-08-31T22:08:04.000Z,2026-08-31T22:08:28.000Z,2026-08-31T22:08:35.284Z,2026-08-31T22:08:35.372Z,2026-08-31T22:08:36.406Z,41.13,48.414,49.536,,,24,7.284,1.122,completed,successo,,processed,,237,01a059e0-9068-7540-9064-e543971981c2,sent,0,1,13,500.00,0.00,0
341,2026-09-01-paniere-completo,stablecoin,1000.00,EUR,basesepolia,84532,0x91f7b2252256a112fe12ee79ba58e1cb290d21c3,,12,0x1b01bd7458b9c553cd93e4f68abe62faa1732a9c55f2c5f6beeab016ef994c3a,,,65388,6000000,0.000000392328,,,,2026-08-31T22:07:46.940Z,,2026-08-31T22:08:00.000Z,2026-08-31T22:08:24.000Z,2026-08-31T22:08:32.035Z,2026-08-31T22:08:32.142Z,2026-08-31T22:08:34.266Z,37.06,45.095,47.326,,,24,8.035,2.231,completed,successo,,processed,,234,01a059e0-74ad-7247-943e-01ecb191f7ff,sent,0,1,13,1000.00,0.00,0
342,2026-09-01-paniere-completo,stablecoin,2500.00,EUR,basesepolia,84532,0x91f7b2252256a112fe12ee79ba58e1cb290d21c3,,12,0x19ccf49ded36713b03a0fc122897bcc533707de5a414d581837d9696ef8f08f7,,,65376,6000000,0.000000392256,,,,2026-08-31T22:07:47.019Z,,2026-08-31T22:07:58.000Z,2026-08-31T22:08:22.000Z,2026-08-31T22:08:25.555Z,2026-08-31T22:08:25.637Z,2026-08-31T22:08:28.179Z,34.981,38.536,41.16,,,24,3.555,2.624,completed,successo,,processed,,232,01a059e0-614a-79d1-b66b-0eb6e3c71a6b,sent,0,1,13,2500.00,0.00,0
343,2026-09-01-paniere-completo,stablecoin,10.00,EUR,basesepolia,84532,0x91f7b2252256a112fe12ee79ba58e1cb290d21c3,,12,0x87029b33ca0da5b0fbf74df70eb60a598edfa70b0b1779ac13c5dce5b702e035,,,65376,6000000,0.000000392256,,,,2026-08-31T22:08:56.548Z,,2026-08-31T22:09:04.000Z,2026-08-31T22:09:28.000Z,2026-08-31T22:09:33.158Z,2026-08-31T22:09:33.241Z,2026-08-31T22:09:34.370Z,31.452,36.609,37.822,,,24,5.158,1.212,completed,successo,,processed,,239,01a059e0-da7f-728e-a450-15f6b8c03752,sent,0,1,13,10.00,0.00,0
344,2026-09-01-paniere-completo,stablecoin,25.00,EUR,basesepolia,84532,0x91f7b2252256a112fe12ee79ba58e1cb290d21c3,,12,0x6333b6b34eba687a34ac30613c3b25c9345caaab103f755fa790ead41cea43d6,,,65388,6000000,0.000000392328,,,,2026-08-31T22:08:56.619Z,,2026-08-31T22:09:04.000Z,2026-08-31T22:09:28.000Z,2026-08-31T22:09:33.663Z,2026-08-31T22:09:33.738Z,2026-08-31T22:09:36.302Z,31.381,37.044,39.683,,,24,5.663,2.639,completed,successo,,processed,,240,01a059e0-e458-703e-acbe-e40b6da41a15,sent,0,1,13,25.00,0.00,0
345,2026-09-01-paniere-completo,stablecoin,50.00,EUR,basesepolia,84532,0x91f7b2252256a112fe12ee79ba58e1cb290d21c3,,12,0xd9d7e19fa2c961e3c3c84c775d494dbef6b46500e09fe961aae947ead3ab14d6,,,65388,6000000,0.000000392328,,,,2026-08-31T22:08:56.695Z,,2026-08-31T22:09:10.000Z,2026-08-31T22:09:34.000Z,2026-08-31T22:09:41.491Z,2026-08-31T22:09:41.581Z,2026-08-31T22:09:44.313Z,37.305,44.796,47.618,,,24,7.491,2.822,completed,successo,,processed,,244,01a059e1-2643-76bd-973b-a333d0c88620,sent,0,1,13,50.00,0.00,0
346,2026-09-01-paniere-completo,stablecoin,100.00,EUR,basesepolia,84532,0x91f7b2252256a112fe12ee79ba58e1cb290d21c3,,12,0x751503b64e64fdf3fdced1c3623c15b4263b8fb55e791ec0569cdf5e15ed5ba8,,,65388,6000000,0.000000392328,,,,2026-08-31T22:08:56.765Z,,2026-08-31T22:09:08.000Z,2026-08-31T22:09:32.000Z,2026-08-31T22:09:35.493Z,2026-08-31T22:09:35.575Z,2026-08-31T22:09:38.235Z,35.235,38.728,41.47,,,24,3.493,2.742,completed,successo,,processed,,243,01a059e1-0d9c-7af5-9817-cf1a000302d1,sent,0,1,13,100.00,0.00,0
347,2026-09-01-paniere-completo,stablecoin,250.00,EUR,basesepolia,84532,0x91f7b2252256a112fe12ee79ba58e1cb290d21c3,,12,0x3ee5adf24d8065810152aaee55efc0c4d598a5a9f9c2292bc36149784d3ed539,,,65388,6000000,0.000000392328,,,,2026-08-31T22:08:56.839Z,,2026-08-31T22:09:06.000Z,2026-08-31T22:09:30.000Z,2026-08-31T22:09:34.312Z,2026-08-31T22:09:34.381Z,2026-08-31T22:09:36.535Z,33.161,37.474,39.696,,,24,4.312,2.223,completed,successo,,processed,,241,01a059e0-ed07-71bb-ba27-467ccc31d209,sent,0,1,13,250.00,0.00,0
348,2026-09-01-paniere-completo,stablecoin,500.00,EUR,basesepolia,84532,0x91f7b2252256a112fe12ee79ba58e1cb290d21c3,,12,0xa47533ae6b09927dbb0a8f563c52bb05a2a86ae828a5df0341d32492b6b90a8a,,,60588,6000000,0.000000363528,,,,2026-08-31T22:08:56.918Z,,2026-08-31T22:09:10.000Z,2026-08-31T22:09:34.000Z,2026-08-31T22:09:42.005Z,2026-08-31T22:09:42.069Z,2026-08-31T22:09:44.387Z,37.082,45.087,47.469,,,24,8.005,2.382,completed,successo,,processed,,245,01a059e1-2f24-7257-ba1b-8a51d566fb4f,sent,0,1,13,500.00,0.00,0
349,2026-09-01-paniere-completo,stablecoin,1000.00,EUR,basesepolia,84532,0x91f7b2252256a112fe12ee79ba58e1cb290d21c3,,12,0xbffa3a237e63ec9870d589feb68bf059ba00e8a69cb1876af3fc6e8ff995b54f,,,65388,6000000,0.000000392328,,,,2026-08-31T22:08:56.994Z,,2026-08-31T22:09:02.000Z,2026-08-31T22:09:26.000Z,2026-08-31T22:09:27.128Z,2026-08-31T22:09:27.223Z,2026-08-31T22:09:30.197Z,29.006,30.134,33.203,,,24,1.128,3.069,completed,successo,,processed,,238,01a059e0-c2be-78ef-a1dc-60bf3297fefb,sent,0,1,13,1000.00,0.00,0
350,2026-09-01-paniere-completo,stablecoin,2500.00,EUR,basesepolia,84532,0x91f7b2252256a112fe12ee79ba58e1cb290d21c3,,12,0xd48d50a8f9497751236cd912341e0eeb3150227a7985dd705e3f4a71f0519f41,,,65388,6000000,0.000000392328,,,,2026-08-31T22:08:57.075Z,,2026-08-31T22:09:06.000Z,2026-08-31T22:09:30.000Z,2026-08-31T22:09:34.825Z,2026-08-31T22:09:34.893Z,2026-08-31T22:09:36.350Z,32.925,37.75,39.275,,,24,4.825,1.525,completed,successo,,processed,,242,01a059e0-f6e8-7c00-ab23-e233298a1941,sent,0,1,13,2500.00,0.00,0
351,2026-09-01-paniere-completo,stablecoin,10.00,EUR,basesepolia,84532,0x91f7b2252256a112fe12ee79ba58e1cb290d21c3,,12,0x38afbcd97412070b4f7233bcc8a4a79998f289a657c660d85d8e4b30a938bb9f,,,65376,6000000,0.000000392256,,,,2026-08-31T22:10:17.121Z,,2026-08-31T22:10:28.000Z,2026-08-31T22:10:52.000Z,2026-08-31T22:10:57.250Z,2026-08-31T22:10:57.346Z,2026-08-31T22:11:00.342Z,34.879,40.13,43.221,,,24,5.25,3.092,completed,successo,,processed,,251,01a059e1-8d1e-739a-b11d-0eae7c4fce1c,sent,0,1,13,10.00,0.00,0
352,2026-09-01-paniere-completo,stablecoin,25.00,EUR,basesepolia,84532,0x91f7b2252256a112fe12ee79ba58e1cb290d21c3,,12,0xab297de51ba4a4222c47313dffdfac0ce3049a65531d97ef08d7ecd13cd616a5,,,65388,6000000,0.000000392328,,,,2026-08-31T22:10:17.209Z,,2026-08-31T22:10:24.000Z,2026-08-31T22:10:48.000Z,2026-08-31T22:10:49.483Z,2026-08-31T22:10:49.557Z,2026-08-31T22:10:52.281Z,30.791,32.273,35.072,,,24,1.483,2.798,completed,successo,,processed,,247,01a059e1-63fe-7905-93c9-cf7e55061bc3,sent,0,1,13,25.00,0.00,0
353,2026-09-01-paniere-completo,stablecoin,50.00,EUR,basesepolia,84532,0x91f7b2252256a112fe12ee79ba58e1cb290d21c3,,12,0xdc6298b2a3622b0e9ea6f98f2a6fcf2acc51aca47ebd31d8c305c7295d056a98,,,60588,6000000,0.000000363528,,,,2026-08-31T22:10:17.287Z,,2026-08-31T22:10:30.000Z,2026-08-31T22:10:54.000Z,2026-08-31T22:10:58.416Z,2026-08-31T22:10:58.527Z,2026-08-31T22:11:00.431Z,36.713,41.129,43.144,,,24,4.416,2.015,completed,successo,,processed,,253,01a059e1-9ee1-752d-bc1d-9a270e2126b7,sent,0,1,13,50.00,0.00,0
354,2026-09-01-paniere-completo,stablecoin,100.00,EUR,basesepolia,84532,0x91f7b2252256a112fe12ee79ba58e1cb290d21c3,,12,0x272efee6d8d4362b4a33be65ba968d1fe847fdd68e5b3792d3fb1cb69e1cdb44,,,65388,6000000,0.000000392328,,,,2026-08-31T22:10:17.365Z,,2026-08-31T22:10:26.000Z,2026-08-31T22:10:50.000Z,2026-08-31T22:10:56.536Z,2026-08-31T22:10:56.610Z,2026-08-31T22:10:58.338Z,32.635,39.171,40.973,,,24,6.536,1.802,completed,successo,,processed,,250,01a059e1-8414-78cc-add3-928042f79d4a,sent,0,1,13,100.00,0.00,0
355,2026-09-01-paniere-completo,stablecoin,250.00,EUR,basesepolia,84532,0x91f7b2252256a112fe12ee79ba58e1cb290d21c3,,12,0xeb1c4109ed82b180d336817e164e04301b66b61720a7959fecf6312351c7f773,,,65388,6000000,0.000000392328,,,,2026-08-31T22:10:17.439Z,,2026-08-31T22:10:28.000Z,2026-08-31T22:10:52.000Z,2026-08-31T22:10:57.769Z,2026-08-31T22:10:57.866Z,2026-08-31T22:11:00.542Z,34.561,40.329,43.103,,,24,5.769,2.773,completed,successo,,processed,,252,01a059e1-955e-7e5e-8364-03558705888e,sent,0,1,13,250.00,0.00,0
356,2026-09-01-paniere-completo,stablecoin,500.00,EUR,basesepolia,84532,0x91f7b2252256a112fe12ee79ba58e1cb290d21c3,,12,0x9f5d313be111666b628a9850c372371488d5da35b91055f6dbdb2e8dfc8448c0,,,65388,6000000,0.000000392328,,,,2026-08-31T22:10:17.512Z,,2026-08-31T22:10:22.000Z,2026-08-31T22:10:46.000Z,2026-08-31T22:10:48.772Z,2026-08-31T22:10:48.841Z,2026-08-31T22:10:50.302Z,28.488,31.26,32.79,,,24,2.772,1.53,completed,successo,,processed,,246,01a059e1-5b5c-78ba-97bc-11f90431ef0f,sent,0,1,13,500.00,0.00,0
357,2026-09-01-paniere-completo,stablecoin,1000.00,EUR,basesepolia,84532,0x91f7b2252256a112fe12ee79ba58e1cb290d21c3,,12,0x779f301c0e325d2a911530837e958e87ad27623e3d83aa18a764353f807c583e,,,65376,6000000,0.000000392256,,,,2026-08-31T22:10:17.587Z,,2026-08-31T22:10:26.000Z,2026-08-31T22:10:50.000Z,2026-08-31T22:10:56.030Z,2026-08-31T22:10:56.110Z,2026-08-31T22:10:58.285Z,32.413,38.443,40.698,,,24,6.03,2.255,completed,successo,,processed,,249,01a059e1-7b36-72e2-9a03-16add6b7d603,sent,0,1,13,1000.00,0.00,0
358,2026-09-01-paniere-completo,stablecoin,2500.00,EUR,basesepolia,84532,0x91f7b2252256a112fe12ee79ba58e1cb290d21c3,,12,0x553319e02024bdd1730e73010ece8e75f6b470801a51104660270ff3b6b0b56d,,,65388,6000000,0.000000392328,,,,2026-08-31T22:10:17.666Z,,2026-08-31T22:10:24.000Z,2026-08-31T22:10:48.000Z,2026-08-31T22:10:49.991Z,2026-08-31T22:10:50.066Z,2026-08-31T22:10:52.287Z,30.334,32.325,34.621,,,24,1.991,2.296,completed,successo,,processed,,248,01a059e1-72bb-7f44-b399-71230e3b2ac0,sent,0,1,13,2500.00,0.00,0
359,2026-09-01-paniere-completo,stablecoin,10.00,EUR,basesepolia,84532,0x91f7b2252256a112fe12ee79ba58e1cb290d21c3,,12,0xd8a90509fd65315a2faa425f1d8297d9333739def28b8ae4e39cdbb0f9d8f865,,,65376,6000000,0.000000392256,,,,2026-08-31T22:11:21.480Z,,2026-08-31T22:11:32.000Z,2026-08-31T22:11:56.000Z,2026-08-31T22:12:03.322Z,2026-08-31T22:12:03.410Z,2026-08-31T22:12:06.298Z,34.52,41.842,44.818,,,24,7.322,2.976,completed,successo,,processed,,258,01a059e1-d067-7736-abb5-04ee84927de5,sent,0,1,13,10.00,0.00,0
360,2026-09-01-paniere-completo,stablecoin,25.00,EUR,basesepolia,84532,0x91f7b2252256a112fe12ee79ba58e1cb290d21c3,,12,0x0323aeec5a707eb087b9df8d7d7da42038451aee1e2db8f4f636637de7c964bd,,,65388,6000000,0.000000392328,,,,2026-08-31T22:11:21.556Z,,2026-08-31T22:11:30.000Z,2026-08-31T22:11:54.000Z,2026-08-31T22:11:56.802Z,2026-08-31T22:11:56.894Z,2026-08-31T22:11:58.278Z,32.444,35.246,36.722,,,24,2.802,1.476,completed,successo,,processed,,256,01a059e1-bd2b-7c42-a210-633470effd94,sent,0,1,13,25.00,0.00,0
361,2026-09-01-paniere-completo,stablecoin,50.00,EUR,basesepolia,84532,0x91f7b2252256a112fe12ee79ba58e1cb290d21c3,,12,0x712e538a1336fb72a929f10632763683d05b38da8f3364b13c5b2911b6044603,,,65376,6000000,0.000000392256,,,,2026-08-31T22:11:21.637Z,,2026-08-31T22:11:32.000Z,2026-08-31T22:11:56.000Z,2026-08-31T22:12:03.856Z,2026-08-31T22:12:03.925Z,2026-08-31T22:12:06.304Z,34.363,42.219,44.667,,,24,7.856,2.448,completed,successo,,processed,,259,01a059e1-da03-7506-b18a-b78f5b38e69e,sent,0,1,13,50.00,0.00,0
362,2026-09-01-paniere-completo,stablecoin,100.00,EUR,basesepolia,84532,0x91f7b2252256a112fe12ee79ba58e1cb290d21c3,,12,0x4c74f462fadb4db819429a444e1472b6f8a14e88cb2881866a45a94627fddf65,,,65388,6000000,0.000000392328,,,,2026-08-31T22:11:21.720Z,,2026-08-31T22:11:30.000Z,2026-08-31T22:11:54.000Z,2026-08-31T22:11:57.401Z,2026-08-31T22:11:57.483Z,2026-08-31T22:12:00.341Z,32.28,35.68,38.621,,,24,3.401,2.94,completed,successo,,processed,,257,01a059e1-c756-7d42-8690-c7b2d90b38e7,sent,0,1,13,100.00,0.00,0
363,2026-09-01-paniere-completo,stablecoin,250.00,EUR,basesepolia,84532,0x91f7b2252256a112fe12ee79ba58e1cb290d21c3,,12,0x6a5001cbc626051c4f32017ba67fffec450e78d8c4a4fc97ea57c3faa7f838a1,,,65388,6000000,0.000000392328,,,,2026-08-31T22:11:21.795Z,,2026-08-31T22:11:28.000Z,2026-08-31T22:11:52.000Z,2026-08-31T22:11:56.162Z,2026-08-31T22:11:56.232Z,2026-08-31T22:11:58.348Z,30.205,34.368,36.553,,,24,4.162,2.186,completed,successo,,processed,,255,01a059e1-b3fa-7f26-818c-288a7067aaac,sent,0,1,13,250.00,0.00,0
364,2026-09-01-paniere-completo,stablecoin,500.00,EUR,basesepolia,84532,0x91f7b2252256a112fe12ee79ba58e1cb290d21c3,,12,0x09e516606bdafb82775e8609a41b093385f55d25730f6dd08b5958291da8a75f,,,65388,6000000,0.000000392328,,,,2026-08-31T22:11:21.873Z,,2026-08-31T22:11:28.000Z,2026-08-31T22:11:52.000Z,2026-08-31T22:11:55.612Z,2026-08-31T22:11:55.705Z,2026-08-31T22:11:58.113Z,30.127,33.739,36.24,,,24,3.612,2.501,completed,successo,,processed,,254,01a059e1-aa37-7b70-80a7-2c5254b94885,sent,0,1,13,500.00,0.00,0
365,2026-09-01-paniere-completo,stablecoin,1000.00,EUR,basesepolia,84532,0x91f7b2252256a112fe12ee79ba58e1cb290d21c3,,12,0x9a1a145ef798bcdb28d8695b41d87e2b8dd1f6bb29d651c1e20d2f67168f5af5,,,65388,6000000,0.000000392328,,,,2026-08-31T22:11:21.947Z,,2026-08-31T22:11:34.000Z,2026-08-31T22:11:58.000Z,2026-08-31T22:12:04.505Z,2026-08-31T22:12:04.586Z,2026-08-31T22:12:06.517Z,36.053,42.558,44.57,,,24,6.505,2.012,completed,successo,,processed,,260,01a059e1-e344-7fe0-93d2-85d6ff305d38,sent,0,1,13,1000.00,0.00,0
366,2026-09-01-paniere-completo,stablecoin,2500.00,EUR,basesepolia,84532,0x91f7b2252256a112fe12ee79ba58e1cb290d21c3,,12,0xa7360639d8c4fd156b1213acdd9c7eb7aecf7ef59328637965c0f2388d554f4e,,,60588,6000000,0.000000363528,,,,2026-08-31T22:11:22.022Z,,2026-08-31T22:11:34.000Z,2026-08-31T22:11:58.000Z,2026-08-31T22:12:04.993Z,2026-08-31T22:12:05.064Z,2026-08-31T22:12:06.545Z,35.978,42.971,44.523,,,24,6.993,1.552,completed,successo,,processed,,261,01a059e1-ecce-74bf-b823-6d566adb6ca4,sent,0,1,13,2500.00,0.00,0
367,2026-09-01-paniere-completo,stablecoin,10.00,EUR,basesepolia,84532,0x91f7b2252256a112fe12ee79ba58e1cb290d21c3,,12,0x59fb4afd1d908371efcb63204847f8d8c2fda98a4cfbaf3b084814a5d2232a99,,,65364,6000000,0.000000392184,,,,2026-08-31T22:12:27.166Z,,2026-08-31T22:12:34.000Z,2026-08-31T22:12:58.000Z,2026-08-31T22:13:01.511Z,2026-08-31T22:13:01.586Z,2026-08-31T22:13:04.465Z,30.834,34.344,37.299,,,24,3.511,2.954,completed,successo,,processed,,262,01a059e2-2d21-75c9-9004-fdcfe1c6caf3,sent,0,1,13,10.00,0.00,0
368,2026-09-01-paniere-completo,stablecoin,25.00,EUR,basesepolia,84532,0x91f7b2252256a112fe12ee79ba58e1cb290d21c3,,12,0x4219fd8d818a1bfb730c27a79c3452b755a4b2d4e0e78f16e2dff87d934becf4,,,65388,6000000,0.000000392328,,,,2026-08-31T22:12:27.254Z,,2026-08-31T22:12:40.000Z,2026-08-31T22:13:04.000Z,2026-08-31T22:13:09.904Z,2026-08-31T22:13:09.986Z,2026-08-31T22:13:12.441Z,36.746,42.65,45.187,,,24,5.904,2.537,completed,successo,,processed,,267,01a059e2-8b6a-7d03-8e6c-c7fedd95e42b,sent,0,1,13,25.00,0.00,0
369,2026-09-01-paniere-completo,stablecoin,50.00,EUR,basesepolia,84532,0x91f7b2252256a112fe12ee79ba58e1cb290d21c3,,12,0x056a169c6091ce94843ad95b192337ef96834231fde7e608bcdfc92762f39aa7,,,65388,6000000,0.000000392328,,,,2026-08-31T22:12:27.347Z,,2026-08-31T22:12:40.000Z,2026-08-31T22:13:04.000Z,2026-08-31T22:13:10.549Z,2026-08-31T22:13:10.623Z,2026-08-31T22:13:12.701Z,36.653,43.202,45.354,,,24,6.549,2.152,completed,successo,,processed,,268,01a059e2-933c-7e37-8186-a1c67995cd1b,sent,0,1,13,50.00,0.00,0
370,2026-09-01-paniere-completo,stablecoin,100.00,EUR,basesepolia,84532,0x91f7b2252256a112fe12ee79ba58e1cb290d21c3,,12,0xddf80275a36351f9820d89043aee660d36f0c4cea3882b1f8a2cf925f9fd17a6,,,60588,6000000,0.000000363528,,,,2026-08-31T22:12:27.428Z,,2026-08-31T22:12:42.000Z,2026-08-31T22:13:06.000Z,2026-08-31T22:13:11.262Z,2026-08-31T22:13:11.358Z,2026-08-31T22:13:14.326Z,38.572,43.833,46.898,,,24,5.262,3.064,completed,successo,,processed,,269,01a059e2-9bdc-7baa-b9ea-0d0b5c491f3e,sent,0,1,13,100.00,0.00,0
371,2026-09-01-paniere-completo,stablecoin,250.00,EUR,basesepolia,84532,0x91f7b2252256a112fe12ee79ba58e1cb290d21c3,,12,0x6210ac8949c6a75391be9068ff37e33bfa3b29343a39153238ace0509392fc48,,,65388,6000000,0.000000392328,,,,2026-08-31T22:12:27.506Z,,2026-08-31T22:12:36.000Z,2026-08-31T22:13:00.000Z,2026-08-31T22:13:02.181Z,2026-08-31T22:13:02.283Z,2026-08-31T22:13:04.271Z,32.494,34.675,36.765,,,24,2.181,2.09,completed,successo,,processed,,263,01a059e2-4362-77c0-a7a7-5f47422724bf,sent,0,1,13,250.00,0.00,0
372,2026-09-01-paniere-completo,stablecoin,500.00,EUR,basesepolia,84532,0x91f7b2252256a112fe12ee79ba58e1cb290d21c3,,12,0x973758a81e47df2d50d23428a5d16f9d0ba6517a0b48a06d8980b4038a79d276,,,65388,6000000,0.000000392328,,,,2026-08-31T22:12:27.579Z,,2026-08-31T22:12:38.000Z,2026-08-31T22:13:02.000Z,2026-08-31T22:13:08.700Z,2026-08-31T22:13:08.782Z,2026-08-31T22:13:10.256Z,34.421,41.121,42.677,,,24,6.7,1.556,completed,successo,,processed,,265,01a059e2-710c-7775-886d-47c52cab21ea,sent,0,1,13,500.00,0.00,0
373,2026-09-01-paniere-completo,stablecoin,1000.00,EUR,basesepolia,84532,0x91f7b2252256a112fe12ee79ba58e1cb290d21c3,,12,0x56c2001b233c7c1f46c5eb0a44a39d31be5ca3551a936b54afb1ac28668d22d1,,,65388,6000000,0.000000392328,,,,2026-08-31T22:12:27.658Z,,2026-08-31T22:12:36.000Z,2026-08-31T22:13:00.000Z,2026-08-31T22:13:02.714Z,2026-08-31T22:13:02.811Z,2026-08-31T22:13:04.325Z,32.342,35.057,36.667,,,24,2.714,1.611,completed,successo,,processed,,264,01a059e2-4d90-7710-9858-bd8dbba0903e,sent,0,1,13,1000.00,0.00,0
374,2026-09-01-paniere-completo,stablecoin,2500.00,EUR,basesepolia,84532,0x91f7b2252256a112fe12ee79ba58e1cb290d21c3,,12,0x60844bc2c4962dd41f56a7e03c3f5e193f49a8335143ad979b24cefe1db4a73b,,,65388,6000000,0.000000392328,,,,2026-08-31T22:12:27.732Z,,2026-08-31T22:12:38.000Z,2026-08-31T22:13:02.000Z,2026-08-31T22:13:09.258Z,2026-08-31T22:13:09.327Z,2026-08-31T22:13:12.428Z,34.268,41.527,44.696,,,24,7.258,3.17,completed,successo,,processed,,266,01a059e2-7b46-79ba-8d6b-728442ed317a,sent,0,1,13,2500.00,0.00,0
375,2026-09-01-paniere-completo,stablecoin,10.00,EUR,basesepolia,84532,0x91f7b2252256a112fe12ee79ba58e1cb290d21c3,,12,0x928490ede53df5f96debafd0f281dfd8c679d8bc385bacdd15d6b88b3cf8ddf3,,,65376,6000000,0.000000392256,,,,2026-08-31T22:13:33.409Z,,2026-08-31T22:13:46.000Z,2026-08-31T22:14:10.000Z,2026-08-31T22:14:19.331Z,2026-08-31T22:14:19.415Z,2026-08-31T22:14:22.261Z,36.591,45.922,48.852,,,24,9.331,2.93,completed,successo,,processed,,276,01a059e4-54e0-7681-a29b-be10f2f7c87b,sent,0,1,13,10.00,0.00,0
376,2026-09-01-paniere-completo,stablecoin,25.00,EUR,basesepolia,84532,0x91f7b2252256a112fe12ee79ba58e1cb290d21c3,,12,0xa4a8d8846998d3134db1f2b9b37269c8b36d2168a8a1054abd8ebd424e3d389b,,,60588,6000000,0.000000363528,,,,2026-08-31T22:13:33.481Z,,2026-08-31T22:13:46.000Z,2026-08-31T22:14:10.000Z,2026-08-31T22:14:19.842Z,2026-08-31T22:14:19.910Z,2026-08-31T22:14:22.291Z,36.519,46.361,48.81,,,24,9.842,2.449,completed,successo,,processed,,277,01a059e4-5c44-71ef-a01a-076b9ad600c4,sent,0,1,13,25.00,0.00,0
377,2026-09-01-paniere-completo,stablecoin,50.00,EUR,basesepolia,84532,0x91f7b2252256a112fe12ee79ba58e1cb290d21c3,,12,0x21aa2660490cdc0aed97e61f9a707878f3c39dbe4602d899031858d05d3de8f6,,,65388,6000000,0.000000392328,,,,2026-08-31T22:13:33.553Z,,2026-08-31T22:13:42.000Z,2026-08-31T22:14:06.000Z,2026-08-31T22:14:12.119Z,2026-08-31T22:14:12.199Z,2026-08-31T22:14:14.391Z,32.447,38.565,40.838,,,24,6.119,2.272,completed,successo,,processed,,273,01a059e4-36f5-7284-a86f-4c425fd48061,sent,0,1,13,50.00,0.00,0
378,2026-09-01-paniere-completo,stablecoin,100.00,EUR,basesepolia,84532,0x91f7b2252256a112fe12ee79ba58e1cb290d21c3,,12,0x7fd804fd751dcb29c8d583e40dfac97b65eb0767efa0471452cf2858036406f4,,,65388,6000000,0.000000392328,,,,2026-08-31T22:13:33.631Z,,2026-08-31T22:13:44.000Z,2026-08-31T22:14:08.000Z,2026-08-31T22:14:12.891Z,2026-08-31T22:14:12.973Z,2026-08-31T22:14:14.473Z,34.369,39.26,40.842,,,24,4.891,1.582,completed,successo,,processed,,274,01a059e4-40ea-7636-83f2-b48a05920ea2,sent,0,1,13,100.00,0.00,0
379,2026-09-01-paniere-completo,stablecoin,250.00,EUR,basesepolia,84532,0x91f7b2252256a112fe12ee79ba58e1cb290d21c3,,12,0x263f7d08f3185b4a6fb9888d766d7407af7117c1d2df9ac8e9bbd1d20e0b21ec,,,65388,6000000,0.000000392328,,,,2026-08-31T22:13:33.700Z,,2026-08-31T22:13:40.000Z,2026-08-31T22:14:04.000Z,2026-08-31T22:14:10.943Z,2026-08-31T22:14:11.040Z,2026-08-31T22:14:12.626Z,30.3,37.244,38.926,,,24,6.943,1.683,completed,successo,,processed,,271,01a059e4-263a-7c8f-a2fb-81595fc5748d,sent,0,1,13,250.00,0.00,0
380,2026-09-01-paniere-completo,stablecoin,500.00,EUR,basesepolia,84532,0x91f7b2252256a112fe12ee79ba58e1cb290d21c3,,12,0xb2135cac66f95e5ab882a03380799890b777d4fc2dad7749826e1bdf330da1f6,,,65388,6000000,0.000000392328,,,,2026-08-31T22:13:33.777Z,,2026-08-31T22:13:44.000Z,2026-08-31T22:14:08.000Z,2026-08-31T22:14:13.396Z,2026-08-31T22:14:13.471Z,2026-08-31T22:14:14.648Z,34.223,39.619,40.871,,,24,5.396,1.252,completed,successo,,processed,,275,01a059e4-4b41-7e78-9773-2d19bfcd7b9f,sent,0,1,13,500.00,0.00,0
381,2026-09-01-paniere-completo,stablecoin,1000.00,EUR,basesepolia,84532,0x91f7b2252256a112fe12ee79ba58e1cb290d21c3,,12,0x04129d01cd8760f3c1b2f3a82dfd068850d1f5465949165533198abc7479a128,,,65388,6000000,0.000000392328,,,,2026-08-31T22:13:33.847Z,,2026-08-31T22:13:42.000Z,2026-08-31T22:14:06.000Z,2026-08-31T22:14:11.580Z,2026-08-31T22:14:11.681Z,2026-08-31T22:14:14.276Z,32.153,37.733,40.429,,,24,5.58,2.696,completed,successo,,processed,,272,01a059e4-2e9b-72ea-a35f-3257878eec26,sent,0,1,13,1000.00,0.00,0
382,2026-09-01-paniere-completo,stablecoin,2500.00,EUR,basesepolia,84532,0x91f7b2252256a112fe12ee79ba58e1cb290d21c3,,12,0x39faa421b5d91df4a32e213c625fccc762db2c81fb438c63194b2bce9de38bec,,,65388,6000000,0.000000392328,,,,2026-08-31T22:13:33.920Z,,2026-08-31T22:13:40.000Z,2026-08-31T22:14:04.000Z,2026-08-31T22:14:10.387Z,2026-08-31T22:14:10.471Z,2026-08-31T22:14:12.296Z,30.08,36.467,38.376,,,24,6.387,1.909,completed,successo,,processed,,270,01a059e4-1dcf-7772-abe7-9ee9a3c8cda8,sent,0,1,13,2500.00,0.00,0
383,2026-09-01-paniere-completo,stablecoin,10.00,EUR,basesepolia,84532,0x91f7b2252256a112fe12ee79ba58e1cb290d21c3,,12,0xde9c0fa5088540eb2dbaf5b0659a2e284947f9571105a4f74f7a6535b88bf20f,,,65364,6000000,0.000000392184,,,,2026-08-31T22:14:38.860Z,,2026-08-31T22:14:48.000Z,2026-08-31T22:15:12.000Z,2026-08-31T22:15:18.579Z,2026-08-31T22:15:18.643Z,2026-08-31T22:15:20.189Z,33.14,39.72,41.329,,,24,6.579,1.61,completed,successo,,processed,,281,01a059e4-808e-7541-8d51-07ca4224eba6,sent,0,1,13,10.00,0.00,0
384,2026-09-01-paniere-completo,stablecoin,25.00,EUR,basesepolia,84532,0x91f7b2252256a112fe12ee79ba58e1cb290d21c3,,12,0xd90a7b5da2e8c950bb72fdfdb0d68e7c975752948d9337ff9fcd47ece9b21913,,,65376,6000000,0.000000392256,,,,2026-08-31T22:14:38.947Z,,2026-08-31T22:14:46.000Z,2026-08-31T22:15:10.000Z,2026-08-31T22:15:12.552Z,2026-08-31T22:15:12.618Z,2026-08-31T22:15:14.223Z,31.053,33.605,35.276,,,24,2.552,1.671,completed,successo,,processed,,280,01a059e4-7836-76c8-97bc-0592402db47a,sent,0,1,13,25.00,0.00,0
385,2026-09-01-paniere-completo,stablecoin,50.00,EUR,basesepolia,84532,0x91f7b2252256a112fe12ee79ba58e1cb290d21c3,,12,0x9d1c69bb2a93957ef81fa2265d2fa4d7aff6269411495f3f629023bb4709f337,,,65388,6000000,0.000000392328,,,,2026-08-31T22:14:39.053Z,,2026-08-31T22:14:50.000Z,2026-08-31T22:15:14.000Z,2026-08-31T22:15:20.205Z,2026-08-31T22:15:20.262Z,2026-08-31T22:15:22.318Z,34.947,41.152,43.265,,,24,6.205,2.113,completed,successo,,processed,,284,01a059e4-9abe-783c-bd5f-d8c8477fe7b6,sent,0,1,13,50.00,0.00,0
386,2026-09-01-paniere-completo,stablecoin,100.00,EUR,basesepolia,84532,0x91f7b2252256a112fe12ee79ba58e1cb290d21c3,,12,0xa6bf88a56095eb374c12b092d79f1afb613e00f2a7902014f98d3297c6a7d384,,,65376,6000000,0.000000392256,,,,2026-08-31T22:14:39.150Z,,2026-08-31T22:14:46.000Z,2026-08-31T22:15:10.000Z,2026-08-31T22:15:12.047Z,2026-08-31T22:15:12.115Z,2026-08-31T22:15:14.374Z,30.85,32.897,35.224,,,24,2.047,2.327,completed,successo,,processed,,279,01a059e4-6fce-7268-a111-3ef17ad68424,sent,0,1,13,100.00,0.00,0
387,2026-09-01-paniere-completo,stablecoin,250.00,EUR,basesepolia,84532,0x91f7b2252256a112fe12ee79ba58e1cb290d21c3,,12,0x8e559dd338c8a02c03a8db2c5ccddc900e1a81430c69cc0063c7bbbe5a5e785e,,,65388,6000000,0.000000392328,,,,2026-08-31T22:14:39.228Z,,2026-08-31T22:14:44.000Z,2026-08-31T22:15:08.000Z,2026-08-31T22:15:11.352Z,2026-08-31T22:15:11.430Z,2026-08-31T22:15:14.191Z,28.772,32.124,34.963,,,24,3.352,2.839,completed,successo,,processed,,278,01a059e4-66bf-791f-a6f6-9e2b7e861ccb,sent,0,1,13,250.00,0.00,0
388,2026-09-01-paniere-completo,stablecoin,500.00,EUR,basesepolia,84532,0x91f7b2252256a112fe12ee79ba58e1cb290d21c3,,12,0x63acc9a76ebb32ca2ac755aa114825330bad80dd1cec0b245da827654f88185d,,,65388,6000000,0.000000392328,,,,2026-08-31T22:14:39.301Z,,2026-08-31T22:14:50.000Z,2026-08-31T22:15:14.000Z,2026-08-31T22:15:19.692Z,2026-08-31T22:15:19.774Z,2026-08-31T22:15:22.328Z,34.699,40.391,43.027,,,24,5.692,2.636,completed,successo,,processed,,283,01a059e4-9161-7398-8ab2-6dafa1dce75e,sent,0,1,13,500.00,0.00,0
389,2026-09-01-paniere-completo,stablecoin,1000.00,EUR,basesepolia,84532,0x91f7b2252256a112fe12ee79ba58e1cb290d21c3,,12,0x2d68c0ee0017d10cacc9702ace72f9ebefdf30f5e46928d5d9f35fee60c02001,,,65388,6000000,0.000000392328,,,,2026-08-31T22:14:39.376Z,,2026-08-31T22:14:48.000Z,2026-08-31T22:15:12.000Z,2026-08-31T22:15:19.064Z,2026-08-31T22:15:19.124Z,2026-08-31T22:15:20.434Z,32.624,39.688,41.058,,,24,7.064,1.37,completed,successo,,processed,,282,01a059e4-883b-7b35-a6cb-798eb341fdbb,sent,0,1,13,1000.00,0.00,0
390,2026-09-01-paniere-completo,stablecoin,2500.00,EUR,basesepolia,84532,0x91f7b2252256a112fe12ee79ba58e1cb290d21c3,,12,0x2f6663d86aac90b51a44699b296890b2c86cd8160dfb300ad52fedf9289a745c,,,60588,6000000,0.000000363528,,,,2026-08-31T22:14:39.453Z,,2026-08-31T22:14:52.000Z,2026-08-31T22:15:16.000Z,2026-08-31T22:15:20.858Z,2026-08-31T22:15:20.926Z,2026-08-31T22:15:22.544Z,36.547,41.405,43.091,,,24,4.858,1.686,completed,successo,,processed,,285,01a059e4-a2c6-79e7-be03-6efa5c8635ab,sent,0,1,13,2500.00,0.00,0
391,2026-09-01-paniere-completo,stablecoin,10.00,EUR,basesepolia,84532,0x91f7b2252256a112fe12ee79ba58e1cb290d21c3,,12,0x5b729d0d2ec6af7195690d57f1a7dcec6a0f1d033937699e53efa095e0057486,,,65376,6000000,0.000000392256,,,,2026-08-31T22:15:43.199Z,,2026-08-31T22:15:50.000Z,2026-08-31T22:16:14.000Z,2026-08-31T22:16:19.456Z,2026-08-31T22:16:19.529Z,2026-08-31T22:16:22.312Z,30.801,36.257,39.113,,,24,5.456,2.856,completed,successo,,processed,,287,01a059e5-f3f4-7626-9102-9cde96e8906a,sent,0,1,13,10.00,0.00,0
392,2026-09-01-paniere-completo,stablecoin,25.00,EUR,basesepolia,84532,0x91f7b2252256a112fe12ee79ba58e1cb290d21c3,,12,0x3eb28134f8a6a299549dddd913feb97694d38b21048deeb0605c5a6c84d14c06,,,65388,6000000,0.000000392328,,,,2026-08-31T22:15:43.279Z,,2026-08-31T22:15:54.000Z,2026-08-31T22:16:18.000Z,2026-08-31T22:16:21.809Z,2026-08-31T22:16:21.886Z,2026-08-31T22:16:24.190Z,34.721,38.53,40.911,,,24,3.809,2.381,completed,successo,,processed,,291,01a059e6-281c-76d8-85d4-6f87ef16de0b,sent,0,1,13,25.00,0.00,0
393,2026-09-01-paniere-completo,stablecoin,50.00,EUR,basesepolia,84532,0x91f7b2252256a112fe12ee79ba58e1cb290d21c3,,12,0x499094eeb9104c2646a981726339d428809fb89e9d8ec4fa30de5c245c6c368d,,,65388,6000000,0.000000392328,,,,2026-08-31T22:15:43.356Z,,2026-08-31T22:15:50.000Z,2026-08-31T22:16:14.000Z,2026-08-31T22:16:19.959Z,2026-08-31T22:16:20.026Z,2026-08-31T22:16:22.320Z,30.644,36.603,38.964,,,24,5.959,2.361,completed,successo,,processed,,288,01a059e6-0dc0-760f-8188-94adf33b6bcd,sent,0,1,13,50.00,0.00,0
394,2026-09-01-paniere-completo,stablecoin,100.00,EUR,basesepolia,84532,0x91f7b2252256a112fe12ee79ba58e1cb290d21c3,,12,0xf548c204ff53ac83f18edb0808defa7d1d951c0ab2f3582ca3eed9e51746cff0,,,65388,6000000,0.000000392328,,,,2026-08-31T22:15:43.430Z,,2026-08-31T22:15:48.000Z,2026-08-31T22:16:12.000Z,2026-08-31T22:16:13.429Z,2026-08-31T22:16:13.520Z,2026-08-31T22:16:16.231Z,28.57,29.998,32.801,,,24,1.429,2.802,completed,successo,,processed,,286,01a059e5-cd9d-7e67-b616-31e95140790c,sent,0,1,13,100.00,0.00,0
395,2026-09-01-paniere-completo,stablecoin,250.00,EUR,basesepolia,84532,0x91f7b2252256a112fe12ee79ba58e1cb290d21c3,,12,0x489cdedb730f471d322fe7e7de7af964f22cefaf67c7d663d495c79a5e24fade,,,65376,6000000,0.000000392256,,,,2026-08-31T22:15:43.501Z,,2026-08-31T22:15:52.000Z,2026-08-31T22:16:16.000Z,2026-08-31T22:16:21.192Z,2026-08-31T22:16:21.268Z,2026-08-31T22:16:24.210Z,32.499,37.691,40.709,,,24,5.192,3.018,completed,successo,,processed,,290,01a059e6-2008-7021-80f9-a6a682b2921c,sent,0,1,13,250.00,0.00,0
396,2026-09-01-paniere-completo,stablecoin,500.00,EUR,basesepolia,84532,0x91f7b2252256a112fe12ee79ba58e1cb290d21c3,,12,0x41e667d8e759a48a66305599cac0ef564acf8b2ba9ace2660e88776695017535,,,60588,6000000,0.000000363528,,,,2026-08-31T22:15:43.574Z,,2026-08-31T22:15:56.000Z,2026-08-31T22:16:20.000Z,2026-08-31T22:16:28.490Z,2026-08-31T22:16:28.579Z,2026-08-31T22:16:30.240Z,36.426,44.916,46.666,,,24,8.49,1.75,completed,successo,,processed,,293,01a059e6-59a9-7203-b7c6-5579c0a2f963,sent,0,1,13,500.00,0.00,0
397,2026-09-01-paniere-completo,stablecoin,1000.00,EUR,basesepolia,84532,0x91f7b2252256a112fe12ee79ba58e1cb290d21c3,,12,0x984694ae5d2af3f4ec00bc0ac53a6c4f960aa9fa4c962efedf0b92fa2cc2ceb9,,,65388,6000000,0.000000392328,,,,2026-08-31T22:15:43.650Z,,2026-08-31T22:15:52.000Z,2026-08-31T22:16:16.000Z,2026-08-31T22:16:20.659Z,2026-08-31T22:16:20.744Z,2026-08-31T22:16:22.505Z,32.35,37.009,38.855,,,24,4.659,1.846,completed,successo,,processed,,289,01a059e6-1796-77c3-bdc3-595d83a31ea9,sent,0,1,13,1000.00,0.00,0
398,2026-09-01-paniere-completo,stablecoin,2500.00,EUR,basesepolia,84532,0x91f7b2252256a112fe12ee79ba58e1cb290d21c3,,12,0xf2ba78eeb660ea70ca95f3389b966165a4d6ac7534c56667cb0bd18436d469d0,,,65376,6000000,0.000000392256,,,,2026-08-31T22:15:43.719Z,,2026-08-31T22:15:56.000Z,2026-08-31T22:16:20.000Z,2026-08-31T22:16:27.940Z,2026-08-31T22:16:28.026Z,2026-08-31T22:16:30.199Z,36.281,44.221,46.48,,,24,7.94,2.259,completed,successo,,processed,,292,01a059e6-50db-7e8c-a543-6a98251de54a,sent,0,1,13,2500.00,0.00,0
399,2026-09-01-paniere-completo,stablecoin,10.00,EUR,basesepolia,84532,0x91f7b2252256a112fe12ee79ba58e1cb290d21c3,,12,0x9c324103305f5a48fd7c5b614347a2f26fa60354d2f49c152f2e770b2806c3d0,,,65376,6000000,0.000000392256,,,,2026-08-31T22:17:03.289Z,,2026-08-31T22:17:22.000Z,2026-08-31T22:17:46.000Z,2026-08-31T22:17:53.876Z,2026-08-31T22:17:53.942Z,2026-08-31T22:17:56.149Z,42.711,50.587,52.86,,,24,7.876,2.273,completed,successo,,processed,,299,01a059e8-0264-78ca-800a-cd881227079c,sent,0,1,13,10.00,0.00,0
400,2026-09-01-paniere-completo,stablecoin,25.00,EUR,basesepolia,84532,0x91f7b2252256a112fe12ee79ba58e1cb290d21c3,,12,0x887fdff9cb6a80b33ef14dce783534cf6c26d3516873947939210e621638b895,,,65376,6000000,0.000000392256,,,,2026-08-31T22:17:03.358Z,,2026-08-31T22:17:20.000Z,2026-08-31T22:17:44.000Z,2026-08-31T22:17:47.883Z,2026-08-31T22:17:47.973Z,2026-08-31T22:17:50.353Z,40.642,44.525,46.995,,,24,3.883,2.47,completed,successo,,processed,,298,01a059e7-d3f6-7e98-ad4d-52878a43dbc0,sent,0,1,13,25.00,0.00,0
401,2026-09-01-paniere-completo,stablecoin,50.00,EUR,basesepolia,84532,0x91f7b2252256a112fe12ee79ba58e1cb290d21c3,,12,0xe1a30e2dea6f8541663f1fa3892fea1bb9657763218b6365830d112b2ebcbb92,,,65388,6000000,0.000000392328,,,,2026-08-31T22:17:03.432Z,,2026-08-31T22:17:14.000Z,2026-08-31T22:17:38.000Z,2026-08-31T22:17:40.084Z,2026-08-31T22:17:40.188Z,2026-08-31T22:17:42.229Z,34.568,36.652,38.797,,,24,2.084,2.145,completed,successo,,processed,,294,01a059e7-7ec7-7ede-bcbc-9aca0ff4c55a,sent,0,1,13,50.00,0.00,0
402,2026-09-01-paniere-completo,stablecoin,100.00,EUR,basesepolia,84532,0x91f7b2252256a112fe12ee79ba58e1cb290d21c3,,12,0xf8575b687f6716a74e9dac3e6def085495503a8dfbd594e0b83b82c40365e940,,,65364,6000000,0.000000392184,,,,2026-08-31T22:17:03.504Z,,2026-08-31T22:17:18.000Z,2026-08-31T22:17:42.000Z,2026-08-31T22:17:47.208Z,2026-08-31T22:17:47.293Z,2026-08-31T22:17:50.317Z,38.496,43.705,46.813,,,24,5.208,3.109,completed,successo,,processed,,297,01a059e7-ca91-799f-883f-dc6f79a9d604,sent,0,1,13,100.00,0.00,0
403,2026-09-01-paniere-completo,stablecoin,250.00,EUR,basesepolia,84532,0x91f7b2252256a112fe12ee79ba58e1cb290d21c3,,12,0xe4464e6b5d79e2377ef43b616a1a44f53596667097e8c2f610692f1187ae3c52,,,65388,6000000,0.000000392328,,,,2026-08-31T22:17:03.586Z,,2026-08-31T22:17:18.000Z,2026-08-31T22:17:42.000Z,2026-08-31T22:17:46.698Z,2026-08-31T22:17:46.783Z,2026-08-31T22:17:48.385Z,38.414,43.112,44.799,,,24,4.698,1.687,completed,successo,,processed,,296,01a059e7-aad3-7d10-bf09-d9eeb08b30f0,sent,0,1,13,250.00,0.00,0
404,2026-09-01-paniere-completo,stablecoin,500.00,EUR,basesepolia,84532,0x91f7b2252256a112fe12ee79ba58e1cb290d21c3,,12,0xe431068250489007aab538030a565917f2778f7f5645d27f816623e8a9c336a5,,,65376,6000000,0.000000392256,,,,2026-08-31T22:17:03.657Z,,2026-08-31T22:17:26.000Z,2026-08-31T22:17:50.000Z,2026-08-31T22:17:54.547Z,2026-08-31T22:17:54.631Z,2026-08-31T22:17:56.294Z,46.343,50.89,52.637,,,24,4.547,1.747,completed,successo,,processed,,300,01a059e8-1588-7002-8204-832e6032067c,sent,0,1,13,500.00,0.00,0
405,2026-09-01-paniere-completo,stablecoin,1000.00,EUR,basesepolia,84532,0x91f7b2252256a112fe12ee79ba58e1cb290d21c3,,12,0xd98ee4ffe8b1c76dc929f32e213c20f911b1bfef19c00f7f0ec63d1624d52c6f,,,60588,6000000,0.000000363528,,,,2026-08-31T22:17:03.728Z,,2026-08-31T22:17:28.000Z,2026-08-31T22:17:52.000Z,2026-08-31T22:17:55.339Z,2026-08-31T22:17:55.421Z,2026-08-31T22:17:58.200Z,48.272,51.611,54.472,,,24,3.339,2.861,completed,successo,,processed,,301,01a059e8-1ef6-7c05-bc3e-0bcdb3ac04b3,sent,0,1,13,1000.00,0.00,0
406,2026-09-01-paniere-completo,stablecoin,2500.00,EUR,basesepolia,84532,0x91f7b2252256a112fe12ee79ba58e1cb290d21c3,,12,0x094021f11509a6121b0f45585ceac3bd4b66d4cdd76bb86715464b9f31722a8a,,,65376,6000000,0.000000392256,,,,2026-08-31T22:17:03.799Z,,2026-08-31T22:17:16.000Z,2026-08-31T22:17:40.000Z,2026-08-31T22:17:46.084Z,2026-08-31T22:17:46.156Z,2026-08-31T22:17:48.320Z,36.201,42.285,44.521,,,24,6.084,2.236,completed,successo,,processed,,295,01a059e7-a31d-7869-ae8b-f503c4574510,sent,0,1,13,2500.00,0.00,0
407,2026-09-01-paniere-completo,stablecoin,10.00,EUR,basesepolia,84532,0x91f7b2252256a112fe12ee79ba58e1cb290d21c3,,12,0xc42febc7c9511b7aefd1f450f341887ec365a909f061f09d3a6f0c6bc3ea4a83,,,65364,6000000,0.000000392184,,,,2026-08-31T22:18:19.609Z,,2026-08-31T22:18:30.000Z,2026-08-31T22:18:54.000Z,2026-08-31T22:19:01.262Z,2026-08-31T22:19:01.359Z,2026-08-31T22:19:02.618Z,34.391,41.653,43.009,,,24,7.262,1.356,completed,successo,,processed,,306,01a059e8-b747-7574-8140-60720caaec1d,sent,0,1,13,10.00,0.00,0
408,2026-09-01-paniere-completo,stablecoin,25.00,EUR,basesepolia,84532,0x91f7b2252256a112fe12ee79ba58e1cb290d21c3,,12,0x21796aa4222c4b48dcf75093bff7edc6539751f1bb3c4c3f5a20205993dcd51f,,,65388,6000000,0.000000392328,,,,2026-08-31T22:18:19.692Z,,2026-08-31T22:18:32.000Z,2026-08-31T22:18:56.000Z,2026-08-31T22:19:02.565Z,2026-08-31T22:19:02.650Z,2026-08-31T22:19:04.354Z,36.308,42.873,44.662,,,24,6.565,1.789,completed,successo,,processed,,308,01a059e8-d0e4-7e25-b80a-4ce8ec850c5c,sent,0,1,13,25.00,0.00,0
409,2026-09-01-paniere-completo,stablecoin,50.00,EUR,basesepolia,84532,0x91f7b2252256a112fe12ee79ba58e1cb290d21c3,,12,0x3402f0d5e6eec7bcc62f75d6ecf486ad9d42287e7038bb1729324449f1d91bb9,,,65388,6000000,0.000000392328,,,,2026-08-31T22:18:19.779Z,,2026-08-31T22:18:28.000Z,2026-08-31T22:18:52.000Z,2026-08-31T22:19:00.065Z,2026-08-31T22:19:00.158Z,2026-08-31T22:19:02.395Z,32.221,40.287,42.616,,,24,8.065,2.33,completed,successo,,processed,,304,01a059e8-a5eb-727a-8efc-9963b6326384,sent,0,1,13,50.00,0.00,0
410,2026-09-01-paniere-completo,stablecoin,100.00,EUR,basesepolia,84532,0x91f7b2252256a112fe12ee79ba58e1cb290d21c3,,12,0xfc78a7b4c99af275b6fab1b12ea7c3d516aa58621e1a1cfe52140695b3a4efa3,,,60588,6000000,0.000000363528,,,,2026-08-31T22:18:19.852Z,,2026-08-31T22:18:34.000Z,2026-08-31T22:18:58.000Z,2026-08-31T22:19:03.251Z,2026-08-31T22:19:03.345Z,2026-08-31T22:19:04.535Z,38.148,43.399,44.683,,,24,5.251,1.284,completed,successo,,processed,,309,01a059e8-d8b8-7545-98f3-79fe7e6d41f2,sent,0,1,13,100.00,0.00,0
411,2026-09-01-paniere-completo,stablecoin,250.00,EUR,basesepolia,84532,0x91f7b2252256a112fe12ee79ba58e1cb290d21c3,,12,0x92600fe4611c41bfdc8e1e5b18bca6386742190939a8fc33ee3d9b2fa03ab7e5,,,65388,6000000,0.000000392328,,,,2026-08-31T22:18:19.924Z,,2026-08-31T22:18:28.000Z,2026-08-31T22:18:52.000Z,2026-08-31T22:19:00.577Z,2026-08-31T22:19:00.667Z,2026-08-31T22:19:02.407Z,32.076,40.654,42.483,,,24,8.577,1.83,completed,successo,,processed,,305,01a059e8-adc0-7303-9c5a-9afbb6e8ffb8,sent,0,1,13,250.00,0.00,0
412,2026-09-01-paniere-completo,stablecoin,500.00,EUR,basesepolia,84532,0x91f7b2252256a112fe12ee79ba58e1cb290d21c3,,12,0x8a29ee220a36d3c06a1b03a61657372bc8347cf0f6da96c9438ffb30a520c72b,,,65388,6000000,0.000000392328,,,,2026-08-31T22:18:19.992Z,,2026-08-31T22:18:26.000Z,2026-08-31T22:18:50.000Z,2026-08-31T22:18:52.975Z,2026-08-31T22:18:53.054Z,2026-08-31T22:18:54.219Z,30.008,32.983,34.227,,,24,2.975,1.244,completed,successo,,processed,,303,01a059e8-9e04-7a33-9336-2a87b5d54537,sent,0,1,13,500.00,0.00,0
413,2026-09-01-paniere-completo,stablecoin,1000.00,EUR,basesepolia,84532,0x91f7b2252256a112fe12ee79ba58e1cb290d21c3,,12,0xf079607823a0a0fea3c790c50e9f3c6a6b6973e3536631da444a58a83c8a140e,,,65388,6000000,0.000000392328,,,,2026-08-31T22:18:20.069Z,,2026-08-31T22:18:24.000Z,2026-08-31T22:18:48.000Z,2026-08-31T22:18:52.263Z,2026-08-31T22:18:52.349Z,2026-08-31T22:18:54.209Z,27.931,32.194,34.14,,,24,4.263,1.946,completed,successo,,processed,,302,01a059e8-947d-7fba-b3bf-4a0a32833601,sent,0,1,13,1000.00,0.00,0
414,2026-09-01-paniere-completo,stablecoin,2500.00,EUR,basesepolia,84532,0x91f7b2252256a112fe12ee79ba58e1cb290d21c3,,12,0xae2b3063be48c2f67f1867db63ed9b9b5e4f62aa2bb4a8bcd9860a090fa237dd,,,65388,6000000,0.000000392328,,,,2026-08-31T22:18:20.144Z,,2026-08-31T22:18:30.000Z,2026-08-31T22:18:54.000Z,2026-08-31T22:19:01.786Z,2026-08-31T22:19:01.888Z,2026-08-31T22:19:04.295Z,33.856,41.642,44.151,,,24,7.786,2.509,completed,successo,,processed,,307,01a059e8-c0d9-7cf1-81d3-aaeadc1f8e42,sent,0,1,13,2500.00,0.00,0
415,2026-09-01-paniere-completo,stablecoin,10.00,EUR,basesepolia,84532,0x91f7b2252256a112fe12ee79ba58e1cb290d21c3,,12,0x17369c16b12ba19bc15840f2b4da09706d86d35c156719a39b14345bbbcc864b,,,65376,6000000,0.000000392256,,,,2026-08-31T22:19:26.602Z,,2026-08-31T22:19:44.000Z,2026-08-31T22:20:08.000Z,2026-08-31T22:20:13.417Z,2026-08-31T22:20:13.497Z,2026-08-31T22:20:16.241Z,41.398,46.816,49.639,,,24,5.417,2.824,completed,successo,,processed,,314,01a059e9-04e2-77a7-ac6f-26842a6a82a4,sent,0,1,13,10.00,0.00,0
416,2026-09-01-paniere-completo,stablecoin,25.00,EUR,basesepolia,84532,0x91f7b2252256a112fe12ee79ba58e1cb290d21c3,,12,0x248727c29c00939e107c90276c4530c1ac3151205d90eb044ffffafdab47a2bb,,,65388,6000000,0.000000392328,,,,2026-08-31T22:19:26.669Z,,2026-08-31T22:19:44.000Z,2026-08-31T22:20:08.000Z,2026-08-31T22:20:13.929Z,2026-08-31T22:20:14.008Z,2026-08-31T22:20:16.288Z,41.331,47.26,49.619,,,24,5.929,2.359,completed,successo,,processed,,315,01a059e9-0e87-7ba8-9c12-93c77fc9aeff,sent,0,1,13,25.00,0.00,0
417,2026-09-01-paniere-completo,stablecoin,50.00,EUR,basesepolia,84532,0x91f7b2252256a112fe12ee79ba58e1cb290d21c3,,12,0xd2e2161f08f9557245e7b777d14099a3ff250f2b397895b45a03739ecf9c9547,,,65388,6000000,0.000000392328,,,,2026-08-31T22:19:26.742Z,,2026-08-31T22:19:40.000Z,2026-08-31T22:20:04.000Z,2026-08-31T22:20:06.935Z,2026-08-31T22:20:07.033Z,2026-08-31T22:20:08.204Z,37.258,40.193,41.462,,,24,2.935,1.269,completed,successo,,processed,,312,01a059e8-f539-7fe0-8201-47ce6afd3b00,sent,0,1,13,50.00,0.00,0
418,2026-09-01-paniere-completo,stablecoin,100.00,EUR,basesepolia,84532,0x91f7b2252256a112fe12ee79ba58e1cb290d21c3,,12,0x4ce5ef49c099102c54927c8adb29008b5b70b5e044c48e635e370dbe2bcd553c,,,65388,6000000,0.000000392328,,,,2026-08-31T22:19:26.808Z,,2026-08-31T22:19:38.000Z,2026-08-31T22:20:02.000Z,2026-08-31T22:20:05.714Z,2026-08-31T22:20:05.804Z,2026-08-31T22:20:08.359Z,35.192,38.906,41.551,,,24,3.714,2.645,completed,successo,,processed,,310,01a059e8-e4dd-7903-b925-a34016934186,sent,0,1,13,100.00,0.00,0
419,2026-09-01-paniere-completo,stablecoin,250.00,EUR,basesepolia,84532,0x91f7b2252256a112fe12ee79ba58e1cb290d21c3,,12,0x1852841c8ccd61e6cea7c5067deba8f59f2977f96bc4bbcc8c6dc304e06719cd,,,65388,6000000,0.000000392328,,,,2026-08-31T22:19:26.888Z,,2026-08-31T22:19:38.000Z,2026-08-31T22:20:02.000Z,2026-08-31T22:20:06.300Z,2026-08-31T22:20:06.394Z,2026-08-31T22:20:08.482Z,35.112,39.412,41.594,,,24,4.3,2.182,completed,successo,,processed,,311,01a059e8-ec42-76e9-84d8-9cb2fe08dc61,sent,0,1,13,250.00,0.00,0
420,2026-09-01-paniere-completo,stablecoin,500.00,EUR,basesepolia,84532,0x91f7b2252256a112fe12ee79ba58e1cb290d21c3,,12,0x0ab23d09f3ff402fb41ed3f04fc23954c17814dff0fb962abbd65a0e980a6d48,,,60588,6000000,0.000000363528,,,,2026-08-31T22:19:26.962Z,,2026-08-31T22:19:46.000Z,2026-08-31T22:20:10.000Z,2026-08-31T22:20:15.098Z,2026-08-31T22:20:15.157Z,2026-08-31T22:20:16.565Z,43.038,48.137,49.603,,,24,5.098,1.467,completed,successo,,processed,,317,01a059e9-1e38-7821-a272-278d497251ed,sent,0,1,13,500.00,0.00,0
421,2026-09-01-paniere-completo,stablecoin,1000.00,EUR,basesepolia,84532,0x91f7b2252256a112fe12ee79ba58e1cb290d21c3,,12,0xa75cf9fed1020749d946d3f89497b2cd0839dde5b3318052e29a8c3a152d1c07,,,65388,6000000,0.000000392328,,,,2026-08-31T22:19:27.034Z,,2026-08-31T22:19:46.000Z,2026-08-31T22:20:10.000Z,2026-08-31T22:20:14.626Z,2026-08-31T22:20:14.702Z,2026-08-31T22:20:16.494Z,42.966,47.591,49.46,,,24,4.626,1.868,completed,successo,,processed,,316,01a059e9-16d5-7a3f-9a4d-a3e72ef42604,sent,0,1,13,1000.00,0.00,0
422,2026-09-01-paniere-completo,stablecoin,2500.00,EUR,basesepolia,84532,0x91f7b2252256a112fe12ee79ba58e1cb290d21c3,,12,0xbe4ac35a20ca6ea80d9ab233bea153434fafde86c63bff8c84e051ce4d5debac,,,65388,6000000,0.000000392328,,,,2026-08-31T22:19:27.107Z,,2026-08-31T22:19:40.000Z,2026-08-31T22:20:04.000Z,2026-08-31T22:20:07.422Z,2026-08-31T22:20:07.488Z,2026-08-31T22:20:10.255Z,36.893,40.315,43.148,,,24,3.422,2.833,completed,successo,,processed,,313,01a059e8-fd72-7687-964b-549c37554a26,sent,0,1,13,2500.00,0.00,0
423,2026-09-01-paniere-completo,stablecoin,10.00,EUR,basesepolia,84532,0x91f7b2252256a112fe12ee79ba58e1cb290d21c3,,12,0x3870c6a22c4ee4cfc54b35b2f10c9759d946817c3636fb24321cf81415abdb9f,,,65376,6000000,0.000000392256,,,,2026-08-31T22:20:38.332Z,,2026-08-31T22:20:44.000Z,2026-08-31T22:21:08.000Z,2026-08-31T22:21:09.960Z,2026-08-31T22:21:10.054Z,2026-08-31T22:21:12.325Z,29.668,31.628,33.993,,,24,1.96,2.365,completed,successo,,processed,,318,01a059ea-1937-7343-aa07-d1bd62c176bd,sent,0,1,13,10.00,0.00,0
424,2026-09-01-paniere-completo,stablecoin,25.00,EUR,basesepolia,84532,0x91f7b2252256a112fe12ee79ba58e1cb290d21c3,,12,0x30435986be87ff885b0b3f3c58c3511c218fa9f6a811e02177dc6e60cc4e1f0c,,,65388,6000000,0.000000392328,,,,2026-08-31T22:20:38.407Z,,2026-08-31T22:20:46.000Z,2026-08-31T22:21:10.000Z,2026-08-31T22:21:16.549Z,2026-08-31T22:21:16.645Z,2026-08-31T22:21:18.183Z,31.593,38.142,39.776,,,24,6.549,1.634,completed,successo,,processed,,320,01a059ea-2bc4-7678-9e38-eea8f3ccee7c,sent,0,1,13,25.00,0.00,0
425,2026-09-01-paniere-completo,stablecoin,50.00,EUR,basesepolia,84532,0x91f7b2252256a112fe12ee79ba58e1cb290d21c3,,12,0x097732381a29bc06f6559c49ccd73580223317d791f829a24d0ccfc22e256f89,,,65376,6000000,0.000000392256,,,,2026-08-31T22:20:38.475Z,,2026-08-31T22:20:50.000Z,2026-08-31T22:21:14.000Z,2026-08-31T22:21:17.861Z,2026-08-31T22:21:17.950Z,2026-08-31T22:21:20.274Z,35.525,39.386,41.799,,,24,3.861,2.413,completed,successo,,processed,,322,01a059ea-3df5-72de-a147-04366e9e62f9,sent,0,1,13,50.00,0.00,0
426,2026-09-01-paniere-completo,stablecoin,100.00,EUR,basesepolia,84532,0x91f7b2252256a112fe12ee79ba58e1cb290d21c3,,12,0x1d1db10f5be92cfa0cf138bf9c030275348285fd2c0725966815073cec8744f1,,,65388,6000000,0.000000392328,,,,2026-08-31T22:20:38.546Z,,2026-08-31T22:20:50.000Z,2026-08-31T22:21:14.000Z,2026-08-31T22:21:18.428Z,2026-08-31T22:21:18.515Z,2026-08-31T22:21:20.260Z,35.454,39.882,41.714,,,24,4.428,1.832,completed,successo,,processed,,323,01a059ea-46c7-72ef-adcc-2c7874b153ac,sent,0,1,13,100.00,0.00,0
427,2026-09-01-paniere-completo,stablecoin,250.00,EUR,basesepolia,84532,0x91f7b2252256a112fe12ee79ba58e1cb290d21c3,,12,0xd81f5741c15a28db1a94fba95e86d621a26fc5bb1e53d7ddcf1c7f5f4a2e4f3e,,,65388,6000000,0.000000392328,,,,2026-08-31T22:20:38.631Z,,2026-08-31T22:20:48.000Z,2026-08-31T22:21:12.000Z,2026-08-31T22:21:17.220Z,2026-08-31T22:21:17.305Z,2026-08-31T22:21:20.456Z,33.369,38.589,41.825,,,24,5.22,3.236,completed,successo,,processed,,321,01a059ea-34d3-74bc-a2e1-850e642e601a,sent,0,1,13,250.00,0.00,0
428,2026-09-01-paniere-completo,stablecoin,500.00,EUR,basesepolia,84532,0x91f7b2252256a112fe12ee79ba58e1cb290d21c3,,12,0xe2581f2f2e20bd9c3c837fd28a3ab6b424ca9ba8a7bb96b714d3769f2c42201c,,,60588,6000000,0.000000363528,,,,2026-08-31T22:20:38.700Z,,2026-08-31T22:20:54.000Z,2026-08-31T22:21:18.000Z,2026-08-31T22:21:25.475Z,2026-08-31T22:21:25.568Z,2026-08-31T22:21:28.122Z,39.3,46.776,49.422,,,24,7.475,2.647,completed,successo,,processed,,325,01a059ea-58ac-7b1b-a96d-ad56368bda8b,sent,0,1,13,500.00,0.00,0
429,2026-09-01-paniere-completo,stablecoin,1000.00,EUR,basesepolia,84532,0x91f7b2252256a112fe12ee79ba58e1cb290d21c3,,12,0x8cc9a1aa6a7351df3ae4f14b44d7947d78fb0799305134522b66535024a825b3,,,65388,6000000,0.000000392328,,,,2026-08-31T22:20:38.769Z,,2026-08-31T22:20:54.000Z,2026-08-31T22:21:18.000Z,2026-08-31T22:21:24.679Z,2026-08-31T22:21:24.776Z,2026-08-31T22:21:26.238Z,39.231,45.91,47.469,,,24,6.679,1.559,completed,successo,,processed,,324,01a059ea-4f83-74ad-b040-d1981213ad01,sent,0,1,13,1000.00,0.00,0
430,2026-09-01-paniere-completo,stablecoin,2500.00,EUR,basesepolia,84532,0x91f7b2252256a112fe12ee79ba58e1cb290d21c3,,12,0xd7e7443df474fa699efa635c58ccdd236302715c487986293fb79944b986ee0e,,,65388,6000000,0.000000392328,,,,2026-08-31T22:20:38.839Z,,2026-08-31T22:20:44.000Z,2026-08-31T22:21:08.000Z,2026-08-31T22:21:10.558Z,2026-08-31T22:21:10.638Z,2026-08-31T22:21:12.367Z,29.161,31.719,33.528,,,24,2.558,1.809,completed,successo,,processed,,319,01a059ea-21e0-79ea-88fb-e2e53d59fdd6,sent,0,1,13,2500.00,0.00,0
431,2026-09-01-paniere-completo,stablecoin,10.00,EUR,basesepolia,84532,0x91f7b2252256a112fe12ee79ba58e1cb290d21c3,,12,0xc53c6b5f3d4eaa79201118861a25cf33ef3075e69ef4ca652ac6f21634393f78,,,65376,6000000,0.000000392256,,,,2026-08-31T22:22:01.473Z,,2026-08-31T22:22:16.000Z,2026-08-31T22:22:40.000Z,2026-08-31T22:22:45.639Z,2026-08-31T22:22:45.766Z,2026-08-31T22:22:48.538Z,38.527,44.165,47.065,,,24,5.639,2.899,completed,successo,,processed,,330,01a059eb-e9b2-7c3c-b393-949036e2d1e4,sent,0,1,13,10.00,0.00,0
432,2026-09-01-paniere-completo,stablecoin,25.00,EUR,basesepolia,84532,0x91f7b2252256a112fe12ee79ba58e1cb290d21c3,,12,0x9bb961f198da7ae4be356bce4d0af09bd1386de99d56b734a1e10b09350af5b1,,,65388,6000000,0.000000392328,,,,2026-08-31T22:22:01.555Z,,2026-08-31T22:22:18.000Z,2026-08-31T22:22:42.000Z,2026-08-31T22:22:46.956Z,2026-08-31T22:22:47.066Z,2026-08-31T22:22:48.372Z,40.445,45.401,46.817,,,24,4.956,1.416,completed,successo,,processed,,332,01a059eb-fbc5-726a-bb4a-a297e01196b5,sent,0,1,13,25.00,0.00,0
433,2026-09-01-paniere-completo,stablecoin,50.00,EUR,basesepolia,84532,0x91f7b2252256a112fe12ee79ba58e1cb290d21c3,,12,0x2c2a4448896b7c8e3464b10e98c40fcfaba6a20cfa86b59a9bef30ae1393ea96,,,65376,6000000,0.000000392256,,,,2026-08-31T22:22:01.645Z,,2026-08-31T22:22:16.000Z,2026-08-31T22:22:40.000Z,2026-08-31T22:22:46.240Z,2026-08-31T22:22:46.357Z,2026-08-31T22:22:48.313Z,38.355,44.595,46.668,,,24,6.24,2.073,completed,successo,,processed,,331,01a059eb-f2cd-7c41-9dce-ad6a96fccb83,sent,0,1,13,50.00,0.00,0
434,2026-09-01-paniere-completo,stablecoin,100.00,EUR,basesepolia,84532,0x91f7b2252256a112fe12ee79ba58e1cb290d21c3,,12,0x94e57dcdbf7bbbebe531da3e2a4f20ad51ce0af0dbdfa0ba8d5f9e92550e7976,,,65388,6000000,0.000000392328,,,,2026-08-31T22:22:01.728Z,,2026-08-31T22:22:12.000Z,2026-08-31T22:22:36.000Z,2026-08-31T22:22:38.246Z,2026-08-31T22:22:38.347Z,2026-08-31T22:22:40.424Z,34.272,36.518,38.696,,,24,2.246,2.178,completed,successo,,processed,,327,01a059eb-b0db-75d8-8109-fbf2003aaf6e,sent,0,1,13,100.00,0.00,0
435,2026-09-01-paniere-completo,stablecoin,250.00,EUR,basesepolia,84532,0x91f7b2252256a112fe12ee79ba58e1cb290d21c3,,12,0xdb0bcb0a36d915eef9f1ac786d2ebc35dada193a68f3053757ddfde89da04c46,,,65388,6000000,0.000000392328,,,,2026-08-31T22:22:01.814Z,,2026-08-31T22:22:10.000Z,2026-08-31T22:22:34.000Z,2026-08-31T22:22:37.500Z,2026-08-31T22:22:37.592Z,2026-08-31T22:22:40.374Z,32.186,35.685,38.56,,,24,3.5,2.874,completed,successo,,processed,,326,01a059eb-a87d-75f7-a90a-59452db3eda3,sent,0,1,13,250.00,0.00,0
436,2026-09-01-paniere-completo,stablecoin,500.00,EUR,basesepolia,84532,0x91f7b2252256a112fe12ee79ba58e1cb290d21c3,,12,0xea6ebe6882c02cb745477fd6164d2ce7c095ce17c38da36934ed9ad921a68644,,,60588,6000000,0.000000363528,,,,2026-08-31T22:22:01.905Z,,2026-08-31T22:22:18.000Z,2026-08-31T22:22:42.000Z,2026-08-31T22:22:47.503Z,2026-08-31T22:22:47.634Z,2026-08-31T22:22:50.366Z,40.095,45.598,48.461,,,24,5.503,2.863,completed,successo,,processed,,333,01a059ec-050f-76f0-bc61-6437fa4acc51,sent,0,1,13,500.00,0.00,0
437,2026-09-01-paniere-completo,stablecoin,1000.00,EUR,basesepolia,84532,0x91f7b2252256a112fe12ee79ba58e1cb290d21c3,,12,0xcb2d872b212a6e34937d3f38f5e54608c9e936550677bcb8b43b43cb757e399c,,,65388,6000000,0.000000392328,,,,2026-08-31T22:22:01.997Z,,2026-08-31T22:22:14.000Z,2026-08-31T22:22:38.000Z,2026-08-31T22:22:44.823Z,2026-08-31T22:22:44.953Z,2026-08-31T22:22:46.377Z,36.003,42.825,44.38,,,24,6.823,1.554,completed,successo,,processed,,329,01a059eb-dc69-7abf-b135-e5103b4d97c5,sent,0,1,13,1000.00,0.00,0
438,2026-09-01-paniere-completo,stablecoin,2500.00,EUR,basesepolia,84532,0x91f7b2252256a112fe12ee79ba58e1cb290d21c3,,12,0x73b9526a5b462b24be8054bb258643ca8d25e1b3f7d947a5acecfe69f69b41a3,,,65388,6000000,0.000000392328,,,,2026-08-31T22:22:02.075Z,,2026-08-31T22:22:12.000Z,2026-08-31T22:22:36.000Z,2026-08-31T22:22:38.794Z,2026-08-31T22:22:38.916Z,2026-08-31T22:22:40.575Z,33.925,36.719,38.5,,,24,2.794,1.781,completed,successo,,processed,,328,01a059eb-b842-7f45-b04e-07e23a0cc432,sent,0,1,13,2500.00,0.00,0
439,2026-09-01-paniere-completo,stablecoin,10.00,EUR,basesepolia,84532,0x91f7b2252256a112fe12ee79ba58e1cb290d21c3,,12,0xfc77c257bddf4351351ace1dd4ec35ac3736b4ab81dc28573692461e217125a0,,,65376,6000000,0.000000392256,,,,2026-08-31T22:23:11.957Z,,2026-08-31T22:23:22.000Z,2026-08-31T22:23:46.000Z,2026-08-31T22:23:46.695Z,2026-08-31T22:23:46.793Z,2026-08-31T22:23:48.250Z,34.043,34.739,36.293,,,24,0.695,1.555,completed,successo,,processed,,334,01a059ec-0efe-7f6b-a9a3-679e76eef282,sent,0,1,13,10.00,0.00,0
440,2026-09-01-paniere-completo,stablecoin,25.00,EUR,basesepolia,84532,0x91f7b2252256a112fe12ee79ba58e1cb290d21c3,,12,0x778fb13a1b8973010bf30dc55a8650ea7be91981061a3afc4226f8f9d72a8854,,,60588,6000000,0.000000363528,,,,2026-08-31T22:23:12.069Z,,2026-08-31T22:23:30.000Z,2026-08-31T22:23:54.000Z,2026-08-31T22:24:01.885Z,2026-08-31T22:24:01.969Z,2026-08-31T22:24:04.329Z,41.931,49.816,52.26,,,24,7.885,2.444,completed,successo,,processed,,341,01a059ec-5ee8-737d-b5e6-ace32964ee08,sent,0,1,13,25.00,0.00,0
441,2026-09-01-paniere-completo,stablecoin,50.00,EUR,basesepolia,84532,0x91f7b2252256a112fe12ee79ba58e1cb290d21c3,,12,0x27b0c01e09aba2488fb728e6ab27042d34a93354c5c0adb22eca8b638617c8b6,,,65388,6000000,0.000000392328,,,,2026-08-31T22:23:12.172Z,,2026-08-31T22:23:24.000Z,2026-08-31T22:23:48.000Z,2026-08-31T22:23:52.822Z,2026-08-31T22:23:52.916Z,2026-08-31T22:23:54.277Z,35.828,40.65,42.105,,,24,4.822,1.455,completed,successo,,processed,,335,01a059ec-17a1-7faa-af74-bad3ec1a8625,sent,0,1,13,50.00,0.00,0
442,2026-09-01-paniere-completo,stablecoin,100.00,EUR,basesepolia,84532,0x91f7b2252256a112fe12ee79ba58e1cb290d21c3,,12,0xa488386bb8ef06e80718574ac7911a951294654edbbedda83a6e2d93f711c410,,,65388,6000000,0.000000392328,,,,2026-08-31T22:23:12.281Z,,2026-08-31T22:23:26.000Z,2026-08-31T22:23:50.000Z,2026-08-31T22:23:53.494Z,2026-08-31T22:23:53.560Z,2026-08-31T22:23:56.330Z,37.719,41.213,44.049,,,24,3.494,2.836,completed,successo,,processed,,336,01a059ec-218d-758a-a7ad-e95e9a45eb1c,sent,0,1,13,100.00,0.00,0
443,2026-09-01-paniere-completo,stablecoin,250.00,EUR,basesepolia,84532,0x91f7b2252256a112fe12ee79ba58e1cb290d21c3,,12,0x98c89aaad5e82fc7fcd87d9f99986eddd51df8aa4f2dc7e795b4f7712158d41b,,,65388,6000000,0.000000392328,,,,2026-08-31T22:23:12.389Z,,2026-08-31T22:23:26.000Z,2026-08-31T22:23:50.000Z,2026-08-31T22:23:53.998Z,2026-08-31T22:23:54.065Z,2026-08-31T22:23:56.277Z,37.611,41.609,43.888,,,24,3.998,2.279,completed,successo,,processed,,337,01a059ec-2bd5-7acc-9ab4-2bb750aa6f3f,sent,0,1,13,250.00,0.00,0
444,2026-09-01-paniere-completo,stablecoin,500.00,EUR,basesepolia,84532,0x91f7b2252256a112fe12ee79ba58e1cb290d21c3,,12,0xba8c067ac459868e355641d5b3508582b953965503fb2b3fcd8dd985b2e8158a,,,65388,6000000,0.000000392328,,,,2026-08-31T22:23:12.497Z,,2026-08-31T22:23:28.000Z,2026-08-31T22:23:52.000Z,2026-08-31T22:23:54.642Z,2026-08-31T22:23:54.731Z,2026-08-31T22:23:56.543Z,39.503,42.145,44.046,,,24,2.642,1.901,completed,successo,,processed,,338,01a059ec-359f-7aae-8a98-48471e990e78,sent,0,1,13,500.00,0.00,0
445,2026-09-01-paniere-completo,stablecoin,1000.00,EUR,basesepolia,84532,0x91f7b2252256a112fe12ee79ba58e1cb290d21c3,,12,0xea2d3c5417bfca3e58d9831f4ac13e433688ce3edf43db4d478b7bee0d1e75b2,,,65388,6000000,0.000000392328,,,,2026-08-31T22:23:12.633Z,,2026-08-31T22:23:30.000Z,2026-08-31T22:23:54.000Z,2026-08-31T22:24:01.382Z,2026-08-31T22:24:01.475Z,2026-08-31T22:24:04.277Z,41.367,48.749,51.644,,,24,7.382,2.895,completed,successo,,processed,,340,01a059ec-55d9-7176-bc39-df41ce573605,sent,0,1,13,1000.00,0.00,0
446,2026-09-01-paniere-completo,stablecoin,2500.00,EUR,basesepolia,84532,0x91f7b2252256a112fe12ee79ba58e1cb290d21c3,,12,0x032f654ec918d20a1a8daee78a196eebfcf560f88a89ed0f2e95b584421a6101,,,65376,6000000,0.000000392256,,,,2026-08-31T22:23:12.748Z,,2026-08-31T22:23:28.000Z,2026-08-31T22:23:52.000Z,2026-08-31T22:23:55.360Z,2026-08-31T22:23:55.435Z,2026-08-31T22:23:56.610Z,39.252,42.612,43.862,,,24,3.36,1.25,completed,successo,,processed,,339,01a059ec-3eb3-7d99-91d2-d9597bd22ce6,sent,0,1,13,2500.00,0.00,0
447,2026-09-01-paniere-completo,stablecoin,10.00,EUR,basesepolia,84532,0x91f7b2252256a112fe12ee79ba58e1cb290d21c3,,12,0x6471244555b72f69355f080ea3130c968314e7f24af87875e1151526502e38ca,,,65376,6000000,0.000000392256,,,,2026-08-31T22:24:37.477Z,,2026-08-31T22:24:50.000Z,2026-08-31T22:25:14.000Z,2026-08-31T22:25:17.981Z,2026-08-31T22:25:18.074Z,2026-08-31T22:25:20.505Z,36.523,40.505,43.028,,,24,3.981,2.524,completed,successo,,processed,,344,01a059ee-09ff-729e-86fd-e0f1302c67d7,sent,0,1,13,10.00,0.00,0
448,2026-09-01-paniere-completo,stablecoin,25.00,EUR,basesepolia,84532,0x91f7b2252256a112fe12ee79ba58e1cb290d21c3,,12,0x7261fc62d431f8b6aa6a030ab023ed161c922be8a808081b69e4b3f951ec66e2,,,65388,6000000,0.000000392328,,,,2026-08-31T22:24:37.550Z,,2026-08-31T22:24:50.000Z,2026-08-31T22:25:14.000Z,2026-08-31T22:25:18.503Z,2026-08-31T22:25:18.582Z,2026-08-31T22:25:20.278Z,36.45,40.953,42.728,,,24,4.503,1.775,completed,successo,,processed,,345,01a059ee-1517-792f-b8ef-407982cb2599,sent,0,1,13,25.00,0.00,0
449,2026-09-01-paniere-completo,stablecoin,50.00,EUR,basesepolia,84532,0x91f7b2252256a112fe12ee79ba58e1cb290d21c3,,12,0x2c1c5ebf6541ec967a76b941521b0576c1e7448ba9ecb14413b364b79304903b,,,60588,6000000,0.000000363528,,,,2026-08-31T22:24:37.621Z,,2026-08-31T22:24:56.000Z,2026-08-31T22:25:20.000Z,2026-08-31T22:25:26.523Z,2026-08-31T22:25:26.608Z,2026-08-31T22:25:28.286Z,42.379,48.902,50.665,,,24,6.523,1.763,completed,successo,,processed,,349,01a059ee-6f41-754d-b263-335cbe99391d,sent,0,1,13,50.00,0.00,0
450,2026-09-01-paniere-completo,stablecoin,100.00,EUR,basesepolia,84532,0x91f7b2252256a112fe12ee79ba58e1cb290d21c3,,12,0x15e351da7735eb3a94cbccc97039c7a9b3dfeffda74fe05e1325dd65ef995165,,,65388,6000000,0.000000392328,,,,2026-08-31T22:24:37.688Z,,2026-08-31T22:24:54.000Z,2026-08-31T22:25:18.000Z,2026-08-31T22:25:25.891Z,2026-08-31T22:25:25.984Z,2026-08-31T22:25:28.079Z,40.312,48.204,50.391,,,24,7.891,2.188,completed,successo,,processed,,348,01a059ee-5f05-7ae6-89a2-13ccdcf5884a,sent,0,1,13,100.00,0.00,0
451,2026-09-01-paniere-completo,stablecoin,250.00,EUR,basesepolia,84532,0x91f7b2252256a112fe12ee79ba58e1cb290d21c3,,12,0xd6165c64cf565f10a68540799ed9145379559c01715f18f5fde5c216742c9c8b,,,65388,6000000,0.000000392328,,,,2026-08-31T22:24:37.760Z,,2026-08-31T22:24:52.000Z,2026-08-31T22:25:16.000Z,2026-08-31T22:25:19.668Z,2026-08-31T22:25:19.755Z,2026-08-31T22:25:22.242Z,38.24,41.908,44.482,,,24,3.668,2.574,completed,successo,,processed,,347,01a059ee-3b0b-721b-af80-2e6fa3521274,sent,0,1,13,250.00,0.00,0
452,2026-09-01-paniere-completo,stablecoin,500.00,EUR,basesepolia,84532,0x91f7b2252256a112fe12ee79ba58e1cb290d21c3,,12,0x874a8bcfbe15b9ca1d5034e00b7903639486be024c9b5ca43f4052b880a2e4ce,,,65388,6000000,0.000000392328,,,,2026-08-31T22:24:37.830Z,,2026-08-31T22:24:48.000Z,2026-08-31T22:25:12.000Z,2026-08-31T22:25:16.671Z,2026-08-31T22:25:16.756Z,2026-08-31T22:25:18.088Z,34.17,38.841,40.258,,,24,4.671,1.417,completed,successo,,processed,,342,01a059ed-f78f-7d73-ac81-809a3f1a6187,sent,0,1,13,500.00,0.00,0
453,2026-09-01-paniere-completo,stablecoin,1000.00,EUR,basesepolia,84532,0x91f7b2252256a112fe12ee79ba58e1cb290d21c3,,12,0x9753a742230c9490bcdee6dd0edc3d48231ea3b537aef3ee103877fb1b646f85,,,65388,6000000,0.000000392328,,,,2026-08-31T22:24:37.904Z,,2026-08-31T22:24:52.000Z,2026-08-31T22:25:16.000Z,2026-08-31T22:25:19.157Z,2026-08-31T22:25:19.255Z,2026-08-31T22:25:22.240Z,38.096,41.253,44.336,,,24,3.157,3.083,completed,successo,,processed,,346,01a059ee-32d7-7aad-bfa6-80ecc8190e51,sent,0,1,13,1000.00,0.00,0
454,2026-09-01-paniere-completo,stablecoin,2500.00,EUR,basesepolia,84532,0x91f7b2252256a112fe12ee79ba58e1cb290d21c3,,12,0x9ff1e90c6a888f19d9061308db6d70c38e5f18d97b89f4f49a020dc3d82fc801,,,65388,6000000,0.000000392328,,,,2026-08-31T22:24:37.977Z,,2026-08-31T22:24:48.000Z,2026-08-31T22:25:12.000Z,2026-08-31T22:25:17.319Z,2026-08-31T22:25:17.396Z,2026-08-31T22:25:20.289Z,34.023,39.342,42.312,,,24,5.319,2.97,completed,successo,,processed,,343,01a059ee-0009-7398-802c-0d8a9c943d4b,sent,0,1,13,2500.00,0.00,0
455,2026-09-01-paniere-completo,stablecoin,10.00,EUR,basesepolia,84532,0x91f7b2252256a112fe12ee79ba58e1cb290d21c3,,12,0x15af2b96748245c1c74e11d4ee541ec28e77f33513babac1628fc6bb71eee3e9,,,65376,6000000,0.000000392256,,,,2026-08-31T22:25:47.467Z,,2026-08-31T22:25:58.000Z,2026-08-31T22:26:22.000Z,2026-08-31T22:26:25.672Z,2026-08-31T22:26:25.762Z,2026-08-31T22:26:28.140Z,34.533,38.205,40.673,,,24,3.672,2.468,completed,successo,,processed,,354,01a059ef-388e-7782-8426-f2efb72e1fcb,sent,0,1,13,10.00,0.00,0
456,2026-09-01-paniere-completo,stablecoin,25.00,EUR,basesepolia,84532,0x91f7b2252256a112fe12ee79ba58e1cb290d21c3,,12,0x92761a2612c3bb92823671b14ad801574be3879016f5bd7e8ddb3f302730d785,,,60588,6000000,0.000000363528,,,,2026-08-31T22:25:47.551Z,,2026-08-31T22:26:00.000Z,2026-08-31T22:26:24.000Z,2026-08-31T22:26:32.665Z,2026-08-31T22:26:32.743Z,2026-08-31T22:26:34.219Z,36.449,45.115,46.668,,,24,8.665,1.554,completed,successo,,processed,,357,01a059ef-560e-7099-b2e6-efa14067f8c0,sent,0,1,13,25.00,0.00,0
457,2026-09-01-paniere-completo,stablecoin,50.00,EUR,basesepolia,84532,0x91f7b2252256a112fe12ee79ba58e1cb290d21c3,,12,0x4b2b8cee82f418bbe409743f22585435208c62b87535fd23fa9531fe60d802c1,,,65388,6000000,0.000000392328,,,,2026-08-31T22:25:47.633Z,,2026-08-31T22:25:56.000Z,2026-08-31T22:26:20.000Z,2026-08-31T22:26:24.740Z,2026-08-31T22:26:24.826Z,2026-08-31T22:26:28.282Z,32.367,37.108,40.649,,,24,4.74,3.542,completed,successo,,processed,,353,01a059ef-2f58-710a-8a1d-f39e84791d45,sent,0,1,13,50.00,0.00,0
458,2026-09-01-paniere-completo,stablecoin,100.00,EUR,basesepolia,84532,0x91f7b2252256a112fe12ee79ba58e1cb290d21c3,,12,0x06359d90afcca5926920bc220eddd1edd616c3a398308c9938654f9b220ad441,,,65388,6000000,0.000000392328,,,,2026-08-31T22:25:47.708Z,,2026-08-31T22:25:54.000Z,2026-08-31T22:26:18.000Z,2026-08-31T22:26:23.612Z,2026-08-31T22:26:23.681Z,2026-08-31T22:26:26.222Z,30.292,35.904,38.514,,,24,5.612,2.61,completed,successo,,processed,,351,01a059ef-1345-76c3-8370-690e10fd1e2d,sent,0,1,13,100.00,0.00,0
459,2026-09-01-paniere-completo,stablecoin,250.00,EUR,basesepolia,84532,0x91f7b2252256a112fe12ee79ba58e1cb290d21c3,,12,0x56dfe89d1aea6b69c5a9419b83c2bc527f7df2770a7a0104754c6f9dfa2bdc67,,,65388,6000000,0.000000392328,,,,2026-08-31T22:25:47.789Z,,2026-08-31T22:25:54.000Z,2026-08-31T22:26:18.000Z,2026-08-31T22:26:24.107Z,2026-08-31T22:26:24.179Z,2026-08-31T22:26:26.251Z,30.211,36.318,38.462,,,24,6.107,2.144,completed,successo,,processed,,352,01a059ef-20f2-755d-ba2f-3d110ff4bb76,sent,0,1,13,250.00,0.00,0
460,2026-09-01-paniere-completo,stablecoin,500.00,EUR,basesepolia,84532,0x91f7b2252256a112fe12ee79ba58e1cb290d21c3,,12,0x1a5a83220942b68f1adadfc8494fa01e560b7331362ee1d5b7341ad414a9faab,,,65364,6000000,0.000000392184,,,,2026-08-31T22:25:47.862Z,,2026-08-31T22:25:52.000Z,2026-08-31T22:26:16.000Z,2026-08-31T22:26:17.645Z,2026-08-31T22:26:17.717Z,2026-08-31T22:26:20.280Z,28.138,29.782,32.418,,,24,1.645,2.635,completed,successo,,processed,,350,01a059ef-0440-7c0b-b398-600578f627ef,sent,0,1,13,500.00,0.00,0
461,2026-09-01-paniere-completo,stablecoin,1000.00,EUR,basesepolia,84532,0x91f7b2252256a112fe12ee79ba58e1cb290d21c3,,12,0x227d01c3991458f3c616818720be8296ba0bc19993287c47154859912269073a,,,65388,6000000,0.000000392328,,,,2026-08-31T22:25:47.939Z,,2026-08-31T22:25:58.000Z,2026-08-31T22:26:22.000Z,2026-08-31T22:26:26.205Z,2026-08-31T22:26:26.280Z,2026-08-31T22:26:28.429Z,34.061,38.265,40.49,,,24,4.205,2.224,completed,successo,,processed,,355,01a059ef-4160-7dc8-929e-864683cf70f7,sent,0,1,13,1000.00,0.00,0
462,2026-09-01-paniere-completo,stablecoin,2500.00,EUR,basesepolia,84532,0x91f7b2252256a112fe12ee79ba58e1cb290d21c3,,12,0xac91c853d7039c3bd79b73a9651a33cb599f2cbe4504808e620045e0f77891df,,,65388,6000000,0.000000392328,,,,2026-08-31T22:25:48.017Z,,2026-08-31T22:26:00.000Z,2026-08-31T22:26:24.000Z,2026-08-31T22:26:32.168Z,2026-08-31T22:26:32.255Z,2026-08-31T22:26:34.149Z,35.983,44.151,46.132,,,24,8.168,1.981,completed,successo,,processed,,356,01a059ef-4de0-7344-858c-96f2ac3fc6ad,sent,0,1,13,2500.00,0.00,0
463,2026-09-01-paniere-completo,stablecoin,10.00,EUR,basesepolia,84532,0x91f7b2252256a112fe12ee79ba58e1cb290d21c3,,12,0xefd498fd808ec76656fc0adbc8d40366ae9bddf5006be97b6826aa140e7d048c,,,65376,6000000,0.000000392256,,,,2026-08-31T22:27:07.878Z,,2026-08-31T22:27:24.000Z,2026-08-31T22:27:48.000Z,2026-08-31T22:27:55.473Z,2026-08-31T22:27:55.560Z,2026-08-31T22:27:58.129Z,40.122,47.595,50.251,,,24,7.473,2.656,completed,successo,,processed,,363,01a059ef-fe61-7bc7-903b-d32f81650fe4,sent,0,1,13,10.00,0.00,0
464,2026-09-01-paniere-completo,stablecoin,25.00,EUR,basesepolia,84532,0x91f7b2252256a112fe12ee79ba58e1cb290d21c3,,12,0x3c6c49beea37df65dc52cdaa8a83b784a3f6df5935256129ad0b44ab4443a057,,,60588,6000000,0.000000363528,,,,2026-08-31T22:27:07.953Z,,2026-08-31T22:27:32.000Z,2026-08-31T22:27:56.000Z,2026-08-31T22:28:02.070Z,2026-08-31T22:28:02.152Z,2026-08-31T22:28:04.103Z,48.047,54.118,56.15,,,24,6.07,2.033,completed,successo,,processed,,365,01a059f0-10c6-7345-9b52-65b67599640b,sent,0,1,13,25.00,0.00,0
465,2026-09-01-paniere-completo,stablecoin,50.00,EUR,basesepolia,84532,0x91f7b2252256a112fe12ee79ba58e1cb290d21c3,,12,0x4cf5ca425e2bd71597d6ae0ef117e59df8dcebf10de46b7bdb8ea2c43944545a,,,65388,6000000,0.000000392328,,,,2026-08-31T22:27:08.020Z,,2026-08-31T22:27:18.000Z,2026-08-31T22:27:42.000Z,2026-08-31T22:27:46.803Z,2026-08-31T22:27:46.887Z,2026-08-31T22:27:48.626Z,33.98,38.783,40.606,,,24,4.803,1.823,completed,successo,,processed,,358,01a059ef-d47d-73e1-a97b-304ad55594b8,sent,0,1,13,50.00,0.00,0
466,2026-09-01-paniere-completo,stablecoin,100.00,EUR,basesepolia,84532,0x91f7b2252256a112fe12ee79ba58e1cb290d21c3,,12,0x7e67d573834e646bbaa9ab5508a20732f4c4eb4842169f4a019844afaba89db2,,,65388,6000000,0.000000392328,,,,2026-08-31T22:27:08.088Z,,2026-08-31T22:27:22.000Z,2026-08-31T22:27:46.000Z,2026-08-31T22:27:48.762Z,2026-08-31T22:27:48.844Z,2026-08-31T22:27:50.541Z,37.912,40.675,42.453,,,24,2.762,1.779,completed,successo,,processed,,361,01a059ef-ec75-7bc9-a7d2-9967eec38b60,sent,0,1,13,100.00,0.00,0
467,2026-09-01-paniere-completo,stablecoin,250.00,EUR,basesepolia,84532,0x91f7b2252256a112fe12ee79ba58e1cb290d21c3,,12,0xb55740378d3f6cbcbb5826081a9bb1b8f970bc34c1c6dcdf5b5bb56d16ea5094,,,65364,6000000,0.000000392184,,,,2026-08-31T22:27:08.178Z,,2026-08-31T22:27:24.000Z,2026-08-31T22:27:48.000Z,2026-08-31T22:27:54.723Z,2026-08-31T22:27:54.809Z,2026-08-31T22:27:56.150Z,39.822,46.544,47.972,,,24,6.723,1.427,completed,successo,,processed,,362,01a059ef-f599-7bd9-9207-d651e54bd4d2,sent,0,1,13,250.00,0.00,0
468,2026-09-01-paniere-completo,stablecoin,500.00,EUR,basesepolia,84532,0x91f7b2252256a112fe12ee79ba58e1cb290d21c3,,12,0x3f91d8f2a9026558271a957f833d1a10079d49939f9f92f6bde32032cb750d11,,,65388,6000000,0.000000392328,,,,2026-08-31T22:27:08.249Z,,2026-08-31T22:27:30.000Z,2026-08-31T22:27:54.000Z,2026-08-31T22:27:56.117Z,2026-08-31T22:27:56.199Z,2026-08-31T22:27:58.321Z,45.751,47.868,50.072,,,24,2.117,2.204,completed,successo,,processed,,364,01a059f0-063e-7670-ab39-aa1e48b60ef1,sent,0,1,13,500.00,0.00,0
469,2026-09-01-paniere-completo,stablecoin,1000.00,EUR,basesepolia,84532,0x91f7b2252256a112fe12ee79ba58e1cb290d21c3,,12,0x2082946f525738bf9d3ddbc3f801e69f5d92e0d3ad1cb87636b13bcfdea26256,,,65388,6000000,0.000000392328,,,,2026-08-31T22:27:08.318Z,,2026-08-31T22:27:20.000Z,2026-08-31T22:27:44.000Z,2026-08-31T22:27:48.118Z,2026-08-31T22:27:48.191Z,2026-08-31T22:27:50.327Z,35.682,39.8,42.009,,,24,4.118,2.209,completed,successo,,processed,,360,01a059ef-e4d4-794c-b85d-fcaef41fd647,sent,0,1,13,1000.00,0.00,0
470,2026-09-01-paniere-completo,stablecoin,2500.00,EUR,basesepolia,84532,0x91f7b2252256a112fe12ee79ba58e1cb290d21c3,,12,0x107862e8639748ba728fc6322bfb4a0efb890f3f45a184aaab1ccae9f7075137,,,65388,6000000,0.000000392328,,,,2026-08-31T22:27:08.384Z,,2026-08-31T22:27:20.000Z,2026-08-31T22:27:44.000Z,2026-08-31T22:27:47.580Z,2026-08-31T22:27:47.647Z,2026-08-31T22:27:50.349Z,35.616,39.196,41.965,,,24,3.58,2.769,completed,successo,,processed,,359,01a059ef-dcd2-7904-8fa8-978e9032e4f0,sent,0,1,13,2500.00,0.00,0
471,2026-09-01-paniere-completo,stablecoin,10.00,EUR,basesepolia,84532,0x91f7b2252256a112fe12ee79ba58e1cb290d21c3,,12,0x3d9454e81155b9c3a58d6b7d0e90e8ef7015228642b0f417c1d8a49575c5cd68,,,65376,6000000,0.000000392256,,,,2026-08-31T22:28:23.554Z,,2026-08-31T22:28:38.000Z,2026-08-31T22:29:02.000Z,2026-08-31T22:29:08.606Z,2026-08-31T22:29:08.690Z,2026-08-31T22:29:10.302Z,38.446,45.052,46.748,,,24,6.606,1.696,completed,successo,,processed,,372,01a059f1-ebfd-795b-a3c6-882840f9cfae,sent,0,1,13,10.00,0.00,0
472,2026-09-01-paniere-completo,stablecoin,25.00,EUR,basesepolia,84532,0x91f7b2252256a112fe12ee79ba58e1cb290d21c3,,12,0x9111801d6201c834270e228b73129ed336dcc457401251a540470cc61f151d5b,,,65388,6000000,0.000000392328,,,,2026-08-31T22:28:23.622Z,,2026-08-31T22:28:32.000Z,2026-08-31T22:28:56.000Z,2026-08-31T22:29:00.870Z,2026-08-31T22:29:00.948Z,2026-08-31T22:29:04.220Z,32.378,37.248,40.598,,,24,4.87,3.35,completed,successo,,processed,,368,01a059f1-a1bd-77c7-a7d8-a3e27ba4c15c,sent,0,1,13,25.00,0.00,0
473,2026-09-01-paniere-completo,stablecoin,50.00,EUR,basesepolia,84532,0x91f7b2252256a112fe12ee79ba58e1cb290d21c3,,12,0xf720a65880bf5ebd5f6cc15763f615bc1b9fbdd65e1f8a83f917529773352622,,,60588,6000000,0.000000363528,,,,2026-08-31T22:28:23.693Z,,2026-08-31T22:28:38.000Z,2026-08-31T22:29:02.000Z,2026-08-31T22:29:09.106Z,2026-08-31T22:29:09.183Z,2026-08-31T22:29:12.301Z,38.307,45.413,48.608,,,24,7.106,3.195,completed,successo,,processed,,373,01a059f1-f589-70b2-a601-d8ad839179fe,sent,0,1,13,50.00,0.00,0
474,2026-09-01-paniere-completo,stablecoin,100.00,EUR,basesepolia,84532,0x91f7b2252256a112fe12ee79ba58e1cb290d21c3,,12,0xc7443bd2f51215b14379d37e19baae9c2a3719fa8efff0d38252f8811556c170,,,65388,6000000,0.000000392328,,,,2026-08-31T22:28:23.786Z,,2026-08-31T22:28:32.000Z,2026-08-31T22:28:56.000Z,2026-08-31T22:29:01.390Z,2026-08-31T22:29:01.492Z,2026-08-31T22:29:04.431Z,32.214,37.605,40.645,,,24,5.39,3.041,completed,successo,,processed,,369,01a059f1-ab53-7ec5-a624-38122b049f9c,sent,0,1,13,100.00,0.00,0
475,2026-09-01-paniere-completo,stablecoin,250.00,EUR,basesepolia,84532,0x91f7b2252256a112fe12ee79ba58e1cb290d21c3,,12,0xd5c149b4b33e2bb7cb54b1b26ac50a06ad973e265064b5b9869cefdbdd7c1bdc,,,65388,6000000,0.000000392328,,,,2026-08-31T22:28:23.916Z,,2026-08-31T22:28:30.000Z,2026-08-31T22:28:54.000Z,2026-08-31T22:28:59.648Z,2026-08-31T22:28:59.748Z,2026-08-31T22:29:02.242Z,30.084,35.733,38.326,,,24,5.648,2.594,completed,successo,,processed,,366,01a059f1-81c1-7bec-a077-2501814408ac,sent,0,1,13,250.00,0.00,0
476,2026-09-01-paniere-completo,stablecoin,500.00,EUR,basesepolia,84532,0x91f7b2252256a112fe12ee79ba58e1cb290d21c3,,12,0x360ebd4215142f7b836dcea1c7cda1ef8b3ce1d14bc183449eab8bcc9c5e99be,,,65388,6000000,0.000000392328,,,,2026-08-31T22:28:23.985Z,,2026-08-31T22:28:34.000Z,2026-08-31T22:28:58.000Z,2026-08-31T22:29:02.623Z,2026-08-31T22:29:02.710Z,2026-08-31T22:29:04.457Z,34.015,38.639,40.472,,,24,4.623,1.834,completed,successo,,processed,,371,01a059f1-bcfc-7527-bb26-088383b37777,sent,0,1,13,500.00,0.00,0
477,2026-09-01-paniere-completo,stablecoin,1000.00,EUR,basesepolia,84532,0x91f7b2252256a112fe12ee79ba58e1cb290d21c3,,12,0x381cf938b396c45c788a22142748231f87d3a50b154669a82c6325a37e923fd4,,,65388,6000000,0.000000392328,,,,2026-08-31T22:28:24.057Z,,2026-08-31T22:28:34.000Z,2026-08-31T22:28:58.000Z,2026-08-31T22:29:02.013Z,2026-08-31T22:29:02.100Z,2026-08-31T22:29:04.184Z,33.943,37.956,40.127,,,24,4.013,2.171,completed,successo,,processed,,370,01a059f1-b3d7-7179-8d10-c2e7697f544f,sent,0,1,13,1000.00,0.00,0
478,2026-09-01-paniere-completo,stablecoin,2500.00,EUR,basesepolia,84532,0x91f7b2252256a112fe12ee79ba58e1cb290d21c3,,12,0x6e20cd634ae4aff4a743f726534fc2bec14b9b5837bba2022426cf3d23534992,,,65388,6000000,0.000000392328,,,,2026-08-31T22:28:24.151Z,,2026-08-31T22:28:30.000Z,2026-08-31T22:28:54.000Z,2026-08-31T22:29:00.221Z,2026-08-31T22:29:00.333Z,2026-08-31T22:29:02.289Z,29.849,36.07,38.138,,,24,6.221,2.068,completed,successo,,processed,,367,01a059f1-9864-7a27-910e-2d1545bd10c7,sent,0,1,13,2500.00,0.00,0
479,2026-09-01-paniere-completo,stablecoin,10.00,EUR,basesepolia,84532,0x91f7b2252256a112fe12ee79ba58e1cb290d21c3,,12,0x2cac63fc6c95d37293ddfcaf7c5aa6ead0819b5df38d8c332a7e4e6c93686ba5,,,65352,6000000,0.000000392112,,,,2026-08-31T22:29:32.356Z,,2026-08-31T22:29:40.000Z,2026-08-31T22:30:04.000Z,2026-08-31T22:30:06.824Z,2026-08-31T22:30:06.912Z,2026-08-31T22:30:08.429Z,31.644,34.467,36.073,,,24,2.824,1.605,completed,successo,,processed,,376,01a059f2-39e0-7d55-aa7d-41be2bd4f840,sent,0,1,13,10.00,0.00,0
480,2026-09-01-paniere-completo,stablecoin,25.00,EUR,basesepolia,84532,0x91f7b2252256a112fe12ee79ba58e1cb290d21c3,,12,0xe642ca3634bb516dd45fda9e3fe1036fa3389667ad145065cf3d91a47b63f893,,,65388,6000000,0.000000392328,,,,2026-08-31T22:29:32.436Z,,2026-08-31T22:29:38.000Z,2026-08-31T22:30:02.000Z,2026-08-31T22:30:06.172Z,2026-08-31T22:30:06.252Z,2026-08-31T22:30:08.189Z,29.564,33.736,35.753,,,24,4.172,2.017,completed,successo,,processed,,375,01a059f2-321a-718f-bc82-986dcf7bc41f,sent,0,1,13,25.00,0.00,0
481,2026-09-01-paniere-completo,stablecoin,50.00,EUR,basesepolia,84532,0x91f7b2252256a112fe12ee79ba58e1cb290d21c3,,12,0xd6152535c142ca7a08f1d73d7fbb08dd181d105abe734168e39b89a08772410e,,,65388,6000000,0.000000392328,,,,2026-08-31T22:29:32.523Z,,2026-08-31T22:29:38.000Z,2026-08-31T22:30:02.000Z,2026-08-31T22:30:05.592Z,2026-08-31T22:30:05.683Z,2026-08-31T22:30:08.180Z,29.477,33.069,35.657,,,24,3.592,2.588,completed,successo,,processed,,374,01a059f2-29bc-740d-b6b0-3a504f3927f4,sent,0,1,13,50.00,0.00,0
482,2026-09-01-paniere-completo,stablecoin,100.00,EUR,basesepolia,84532,0x91f7b2252256a112fe12ee79ba58e1cb290d21c3,,12,0x1eff3c98e815bd0d2daf8338dab44a756424105973a6df4c111870bf96dcbb71,,,60588,6000000,0.000000363528,,,,2026-08-31T22:29:32.611Z,,2026-08-31T22:29:46.000Z,2026-08-31T22:30:10.000Z,2026-08-31T22:30:15.220Z,2026-08-31T22:30:15.317Z,2026-08-31T22:30:16.545Z,37.389,42.609,43.934,,,24,5.22,1.325,completed,successo,,processed,,381,01a059f2-678c-7961-8461-b54c83d070ae,sent,0,1,13,100.00,0.00,0
483,2026-09-01-paniere-completo,stablecoin,250.00,EUR,basesepolia,84532,0x91f7b2252256a112fe12ee79ba58e1cb290d21c3,,12,0x0612abe5c32d83b498bdf67db3cd0df315491902be99a7e0edf4a94963184635,,,65388,6000000,0.000000392328,,,,2026-08-31T22:29:32.697Z,,2026-08-31T22:29:44.000Z,2026-08-31T22:30:08.000Z,2026-08-31T22:30:13.517Z,2026-08-31T22:30:13.597Z,2026-08-31T22:30:16.279Z,35.303,40.82,43.582,,,24,5.517,2.762,completed,successo,,processed,,378,01a059f2-4dc2-7fcb-bc0a-2654f3b25329,sent,0,1,13,250.00,0.00,0
484,2026-09-01-paniere-completo,stablecoin,500.00,EUR,basesepolia,84532,0x91f7b2252256a112fe12ee79ba58e1cb290d21c3,,12,0x2699d192ab0dc053734801bf1d5496e428e88120b3a8a5db5c031b04ecc33b1b,,,65388,6000000,0.000000392328,,,,2026-08-31T22:29:32.780Z,,2026-08-31T22:29:42.000Z,2026-08-31T22:30:06.000Z,2026-08-31T22:30:12.875Z,2026-08-31T22:30:12.963Z,2026-08-31T22:30:14.303Z,33.22,40.095,41.523,,,24,6.875,1.428,completed,successo,,processed,,377,01a059f2-436c-76f5-8a6d-5c934defeaf2,sent,0,1,13,500.00,0.00,0
485,2026-09-01-paniere-completo,stablecoin,1000.00,EUR,basesepolia,84532,0x91f7b2252256a112fe12ee79ba58e1cb290d21c3,,12,0xde42289a7d852ee27594e59f26934afb67ed9fb512f4d1cf955b0d0d900118da,,,65388,6000000,0.000000392328,,,,2026-08-31T22:29:32.879Z,,2026-08-31T22:29:44.000Z,2026-08-31T22:30:08.000Z,2026-08-31T22:30:14.022Z,2026-08-31T22:30:14.108Z,2026-08-31T22:30:16.327Z,35.121,41.144,43.448,,,24,6.022,2.305,completed,successo,,processed,,379,01a059f2-560c-7672-9f7e-2775956b793e,sent,0,1,13,1000.00,0.00,0
486,2026-09-01-paniere-completo,stablecoin,2500.00,EUR,basesepolia,84532,0x91f7b2252256a112fe12ee79ba58e1cb290d21c3,,12,0x8355c24c3a27ba3570462ba2e49598de1d19a322b6c918cf9bd0601a85d7718f,,,65388,6000000,0.000000392328,,,,2026-08-31T22:29:32.961Z,,2026-08-31T22:29:46.000Z,2026-08-31T22:30:10.000Z,2026-08-31T22:30:14.722Z,2026-08-31T22:30:14.804Z,2026-08-31T22:30:16.526Z,37.039,41.761,43.565,,,24,4.722,1.804,completed,successo,,processed,,380,01a059f2-5d9f-7d6e-bfe9-1153611868b5,sent,0,1,13,2500.00,0.00,0
487,2026-09-01-paniere-completo,stablecoin,10.00,EUR,basesepolia,84532,0x91f7b2252256a112fe12ee79ba58e1cb290d21c3,,12,0x638293dd30989b6e22debcffd33e7d9cf357ea42954e494aa9ffc9e9e328b52c,,,65376,6000000,0.000000392256,,,,2026-08-31T22:30:38.587Z,,2026-08-31T22:30:46.000Z,2026-08-31T22:31:10.000Z,2026-08-31T22:31:15.009Z,2026-08-31T22:31:15.085Z,2026-08-31T22:31:16.364Z,31.413,36.422,37.777,,,24,5.009,1.355,completed,successo,,processed,,382,01a059f3-9d32-74fa-944c-7d6eb4d828a4,sent,0,1,13,10.00,0.00,0
488,2026-09-01-paniere-completo,stablecoin,25.00,EUR,basesepolia,84532,0x91f7b2252256a112fe12ee79ba58e1cb290d21c3,,12,0x42b1adce4b1d94766dbfd6f5d2763ff21d6e06540aa711e5f562442aa0a9a6ea,,,65376,6000000,0.000000392256,,,,2026-08-31T22:30:38.666Z,,2026-08-31T22:30:52.000Z,2026-08-31T22:31:16.000Z,2026-08-31T22:31:23.371Z,2026-08-31T22:31:23.436Z,2026-08-31T22:31:26.297Z,37.334,44.705,47.631,,,24,7.371,2.926,completed,successo,,processed,,387,01a059f3-ec14-7e66-887d-04033e4db136,sent,0,1,13,25.00,0.00,0
489,2026-09-01-paniere-completo,stablecoin,50.00,EUR,basesepolia,84532,0x91f7b2252256a112fe12ee79ba58e1cb290d21c3,,12,0xae67139c19df87db90f73d525b76f1074956698da3d5622bb29e58a9648a80e6,,,60588,6000000,0.000000363528,,,,2026-08-31T22:30:38.736Z,,2026-08-31T22:30:54.000Z,2026-08-31T22:31:18.000Z,2026-08-31T22:31:25.316Z,2026-08-31T22:31:25.407Z,2026-08-31T22:31:28.128Z,39.264,46.58,49.392,,,24,7.316,2.812,completed,successo,,processed,,389,01a059f3-fe0c-7903-be6f-db0bd744c973,sent,0,1,13,50.00,0.00,0
490,2026-09-01-paniere-completo,stablecoin,100.00,EUR,basesepolia,84532,0x91f7b2252256a112fe12ee79ba58e1cb290d21c3,,12,0x810212f7833ed807fbf269900cb16b97953eebbd7e07f0737748757450174a52,,,65388,6000000,0.000000392328,,,,2026-08-31T22:30:38.813Z,,2026-08-31T22:30:52.000Z,2026-08-31T22:31:16.000Z,2026-08-31T22:31:22.881Z,2026-08-31T22:31:22.945Z,2026-08-31T22:31:24.324Z,37.187,44.068,45.511,,,24,6.881,1.443,completed,successo,,processed,,386,01a059f3-e2a3-716e-a057-668fd2ef3505,sent,0,1,13,100.00,0.00,0
491,2026-09-01-paniere-completo,stablecoin,250.00,EUR,basesepolia,84532,0x91f7b2252256a112fe12ee79ba58e1cb290d21c3,,12,0x6eecb7ca4e57b88c7a84fa9f05b6116f1bda58bbafe770e28e670643a94cde41,,,65388,6000000,0.000000392328,,,,2026-08-31T22:30:38.891Z,,2026-08-31T22:30:48.000Z,2026-08-31T22:31:12.000Z,2026-08-31T22:31:15.668Z,2026-08-31T22:31:15.753Z,2026-08-31T22:31:18.372Z,33.109,36.777,39.481,,,24,3.668,2.704,completed,successo,,processed,,383,01a059f3-a68d-704e-834b-27b93d37cbf5,sent,0,1,13,250.00,0.00,0
492,2026-09-01-paniere-completo,stablecoin,500.00,EUR,basesepolia,84532,0x91f7b2252256a112fe12ee79ba58e1cb290d21c3,,12,0x52aae515ded8868b84ac1da84a7d83ef6e06e24a3b0c5ae8d72f4f169c16726a,,,65388,6000000,0.000000392328,,,,2026-08-31T22:30:38.980Z,,2026-08-31T22:30:50.000Z,2026-08-31T22:31:14.000Z,2026-08-31T22:31:16.769Z,2026-08-31T22:31:16.836Z,2026-08-31T22:31:18.549Z,35.02,37.789,39.569,,,24,2.769,1.78,completed,successo,,processed,,385,01a059f3-b97e-7069-86af-91fbbf11f9a6,sent,0,1,13,500.00,0.00,0
493,2026-09-01-paniere-completo,stablecoin,1000.00,EUR,basesepolia,84532,0x91f7b2252256a112fe12ee79ba58e1cb290d21c3,,12,0x34ba24b19e9c1c6279a50fb3483fde269aa446737c31672adb419308fe67d9e1,,,65388,6000000,0.000000392328,,,,2026-08-31T22:30:39.053Z,,2026-08-31T22:30:50.000Z,2026-08-31T22:31:14.000Z,2026-08-31T22:31:16.283Z,2026-08-31T22:31:16.356Z,2026-08-31T22:31:18.424Z,34.947,37.23,39.371,,,24,2.283,2.141,completed,successo,,processed,,384,01a059f3-b00a-7833-afad-2eba7649df46,sent,0,1,13,1000.00,0.00,0
494,2026-09-01-paniere-completo,stablecoin,2500.00,EUR,basesepolia,84532,0x91f7b2252256a112fe12ee79ba58e1cb290d21c3,,12,0x4888b32c2b6d9f089c7f3aca9c4af25ded86c7b51e30c12c63ee37e09cb60a9d,,,65376,6000000,0.000000392256,,,,2026-08-31T22:30:39.128Z,,2026-08-31T22:30:54.000Z,2026-08-31T22:31:18.000Z,2026-08-31T22:31:24.573Z,2026-08-31T22:31:24.672Z,2026-08-31T22:31:26.162Z,38.872,45.444,47.034,,,24,6.573,1.589,completed,successo,,processed,,388,01a059f3-f59d-7529-a4d3-64698a730b95,sent,0,1,13,2500.00,0.00,0
495,2026-09-01-paniere-completo,stablecoin,10.00,EUR,basesepolia,84532,0x91f7b2252256a112fe12ee79ba58e1cb290d21c3,,12,0x59e2d576e413cca55c8590a0df428bf7b3aedf6e281f1483e9a08c229d65d9a5,,,65376,6000000,0.000000392256,,,,2026-08-31T22:32:01.741Z,,2026-08-31T22:32:18.000Z,2026-08-31T22:32:42.000Z,2026-08-31T22:32:49.249Z,2026-08-31T22:32:49.333Z,2026-08-31T22:32:52.282Z,40.259,47.508,50.541,,,24,7.249,3.033,completed,successo,,processed,,396,01a059f4-cb21-78ba-8308-85e66995237f,sent,0,1,13,10.00,0.00,0
496,2026-09-01-paniere-completo,stablecoin,25.00,EUR,basesepolia,84532,0x91f7b2252256a112fe12ee79ba58e1cb290d21c3,,12,0x4a3d3eb4134a1e860a1405491f2fb2dd0e5d2a0cb3be661e787bd9f1c62c42d9,,,60588,6000000,0.000000363528,,,,2026-08-31T22:32:01.808Z,,2026-08-31T22:32:18.000Z,2026-08-31T22:32:42.000Z,2026-08-31T22:32:49.777Z,2026-08-31T22:32:49.856Z,2026-08-31T22:32:52.226Z,40.192,47.968,50.418,,,24,7.777,2.449,completed,successo,,processed,,397,01a059f4-d387-71f7-b3b0-81af9b40dfaa,sent,0,1,13,25.00,0.00,0
497,2026-09-01-paniere-completo,stablecoin,50.00,EUR,basesepolia,84532,0x91f7b2252256a112fe12ee79ba58e1cb290d21c3,,12,0xa64725c9bd869826dcedf06804c7581bbaa00a9a25e073a022391010933bab18,,,65388,6000000,0.000000392328,,,,2026-08-31T22:32:01.919Z,,2026-08-31T22:32:16.000Z,2026-08-31T22:32:40.000Z,2026-08-31T22:32:48.587Z,2026-08-31T22:32:48.682Z,2026-08-31T22:32:50.328Z,38.081,46.668,48.409,,,24,8.587,1.741,completed,successo,,processed,,395,01a059f4-c1ed-743e-8148-56c1f2a059a8,sent,0,1,13,50.00,0.00,0
498,2026-09-01-paniere-completo,stablecoin,100.00,EUR,basesepolia,84532,0x91f7b2252256a112fe12ee79ba58e1cb290d21c3,,12,0xda9a4955d94dab7a23040b9a53507057431f5c34bfe0dea418b2a43ca7cf0f26,,,65388,6000000,0.000000392328,,,,2026-08-31T22:32:02.043Z,,2026-08-31T22:32:14.000Z,2026-08-31T22:32:38.000Z,2026-08-31T22:32:41.985Z,2026-08-31T22:32:42.063Z,2026-08-31T22:32:44.245Z,35.957,39.943,42.202,,,24,3.985,2.26,completed,successo,,processed,,393,01a059f4-b08b-798a-82fe-272d75d4b9a5,sent,0,1,13,100.00,0.00,0
499,2026-09-01-paniere-completo,stablecoin,250.00,EUR,basesepolia,84532,0x91f7b2252256a112fe12ee79ba58e1cb290d21c3,,12,0x0b481081650e48f159c3bf958ab2b1b1b01b904d96e6fa3e129ebe65e91aa2eb,,,65388,6000000,0.000000392328,,,,2026-08-31T22:32:02.122Z,,2026-08-31T22:32:12.000Z,2026-08-31T22:32:36.000Z,2026-08-31T22:32:40.189Z,2026-08-31T22:32:40.291Z,2026-08-31T22:32:42.383Z,33.878,38.067,40.261,,,24,4.189,2.194,completed,successo,,processed,,390,01a059f4-9542-7cde-8e66-f9f3e78cc4e1,sent,0,1,13,250.00,0.00,0
500,2026-09-01-paniere-completo,stablecoin,500.00,EUR,basesepolia,84532,0x91f7b2252256a112fe12ee79ba58e1cb290d21c3,,12,0x23d2ffce4fb4430c1182cda9d8da193f660dbff92060883cc6682946b48f9f8b,,,65388,6000000,0.000000392328,,,,2026-08-31T22:32:02.203Z,,2026-08-31T22:32:14.000Z,2026-08-31T22:32:38.000Z,2026-08-31T22:32:41.463Z,2026-08-31T22:32:41.549Z,2026-08-31T22:32:44.275Z,35.797,39.259,42.072,,,24,3.463,2.812,completed,successo,,processed,,392,01a059f4-a6f5-7219-a098-d8839c67a724,sent,0,1,13,500.00,0.00,0
501,2026-09-01-paniere-completo,stablecoin,1000.00,EUR,basesepolia,84532,0x91f7b2252256a112fe12ee79ba58e1cb290d21c3,,12,0xdd8aa32fb3c5bd1cfec72db1461d9acae3e42ed8d094abafc7779da4a5994c42,,,65388,6000000,0.000000392328,,,,2026-08-31T22:32:02.289Z,,2026-08-31T22:32:12.000Z,2026-08-31T22:32:36.000Z,2026-08-31T22:32:40.755Z,2026-08-31T22:32:40.839Z,2026-08-31T22:32:42.401Z,33.711,38.467,40.112,,,24,4.755,1.646,completed,successo,,processed,,391,01a059f4-9d97-7cb5-9964-28b623aff67f,sent,0,1,13,1000.00,0.00,0
502,2026-09-01-paniere-completo,stablecoin,2500.00,EUR,basesepolia,84532,0x91f7b2252256a112fe12ee79ba58e1cb290d21c3,,12,0xc8da66af7ed5d50de84a648f8413d0fdf1ef7e2998832106627476f94aac7d8a,,,65376,6000000,0.000000392256,,,,2026-08-31T22:32:02.371Z,,2026-08-31T22:32:16.000Z,2026-08-31T22:32:40.000Z,2026-08-31T22:32:48.037Z,2026-08-31T22:32:48.155Z,2026-08-31T22:32:50.369Z,37.629,45.666,47.998,,,24,8.037,2.332,completed,successo,,processed,,394,01a059f4-b9b7-7eed-bd05-c32ff4243fda,sent,0,1,13,2500.00,0.00,0
503,2026-09-01-paniere-completo,stablecoin,10.00,EUR,basesepolia,84532,0x91f7b2252256a112fe12ee79ba58e1cb290d21c3,,12,0x375d609396510aa868ff1fbdc12a06a48ede8bf3c1373f349fd7b8fc528b3554,,,65376,6000000,0.000000392256,,,,2026-08-31T22:33:25.446Z,,2026-08-31T22:33:34.000Z,2026-08-31T22:33:58.000Z,2026-08-31T22:34:03.556Z,2026-08-31T22:34:03.664Z,2026-08-31T22:34:06.296Z,32.554,38.11,40.85,,,24,5.556,2.74,completed,successo,,processed,,401,01a059f5-742a-7141-8eb2-c6c9b8017ac8,sent,0,1,13,10.00,0.00,0
504,2026-09-01-paniere-completo,stablecoin,25.00,EUR,basesepolia,84532,0x91f7b2252256a112fe12ee79ba58e1cb290d21c3,,12,0xf327d8488ab2f1edc49463f36cd2b09bf550ffdbe87b360d696e4f0565853093,,,65388,6000000,0.000000392328,,,,2026-08-31T22:33:25.521Z,,2026-08-31T22:33:34.000Z,2026-08-31T22:33:58.000Z,2026-08-31T22:34:03.033Z,2026-08-31T22:34:03.127Z,2026-08-31T22:34:04.389Z,32.479,37.512,38.868,,,24,5.033,1.356,completed,successo,,processed,,400,01a059f5-66a0-77ee-b22e-d60598390b23,sent,0,1,13,25.00,0.00,0
505,2026-09-01-paniere-completo,stablecoin,50.00,EUR,basesepolia,84532,0x91f7b2252256a112fe12ee79ba58e1cb290d21c3,,12,0x1e91c5c28a2acbe9a3fa1c2fc65203c2deafe7ab43374f25776734f37e148fff,,,65388,6000000,0.000000392328,,,,2026-08-31T22:33:25.602Z,,2026-08-31T22:33:36.000Z,2026-08-31T22:34:00.000Z,2026-08-31T22:34:04.256Z,2026-08-31T22:34:04.351Z,2026-08-31T22:34:06.306Z,34.398,38.654,40.704,,,24,4.256,2.05,completed,successo,,processed,,402,01a059f5-7d47-7a2f-8b54-46d172d62d82,sent,0,1,13,50.00,0.00,0
506,2026-09-01-paniere-completo,stablecoin,100.00,EUR,basesepolia,84532,0x91f7b2252256a112fe12ee79ba58e1cb290d21c3,,12,0xd9ad715d8582f70ec3f57183e22da26faef654fa37b10c6ff1a9a3e80d3c986e,,,65388,6000000,0.000000392328,,,,2026-08-31T22:33:25.691Z,,2026-08-31T22:33:32.000Z,2026-08-31T22:33:56.000Z,2026-08-31T22:34:01.562Z,2026-08-31T22:34:01.659Z,2026-08-31T22:34:04.638Z,30.309,35.871,38.947,,,24,5.562,3.076,completed,successo,,processed,,398,01a059f5-5507-7636-a1ba-4836ec412535,sent,0,1,13,100.00,0.00,0
507,2026-09-01-paniere-completo,stablecoin,250.00,EUR,basesepolia,84532,0x91f7b2252256a112fe12ee79ba58e1cb290d21c3,,12,0x30a4275edc4c3de285b6f66bddcc5794aeca2d82996d128f108afb6250c73655,,,65388,6000000,0.000000392328,,,,2026-08-31T22:33:25.778Z,,2026-08-31T22:33:32.000Z,2026-08-31T22:33:56.000Z,2026-08-31T22:34:02.129Z,2026-08-31T22:34:02.495Z,2026-08-31T22:34:04.353Z,30.222,36.351,38.575,,,24,6.129,2.224,completed,successo,,processed,,399,01a059f5-5e1b-7a00-ac70-5b67dc941b52,sent,0,1,13,250.00,0.00,0
508,2026-09-01-paniere-completo,stablecoin,500.00,EUR,basesepolia,84532,0x91f7b2252256a112fe12ee79ba58e1cb290d21c3,,12,0x452314347f51a9860c8a783f74a176a8a627c2b6f924af3e7a594e25d8232e76,,,60588,6000000,0.000000363528,,,,2026-08-31T22:33:25.854Z,,2026-08-31T22:33:40.000Z,2026-08-31T22:34:04.000Z,2026-08-31T22:34:13.230Z,2026-08-31T22:34:13.323Z,2026-08-31T22:34:16.168Z,38.146,47.376,50.314,,,24,9.23,2.938,completed,successo,,processed,,405,01a059f5-9724-7ef0-a1c7-b4171392cbf9,sent,0,1,13,500.00,0.00,0
509,2026-09-01-paniere-completo,stablecoin,1000.00,EUR,basesepolia,84532,0x91f7b2252256a112fe12ee79ba58e1cb290d21c3,,12,0x5b12456dae608f5ee1f811f39ecb2f88b3fd4e5965e3d91d5a96ce60d2e2734c,,,65388,6000000,0.000000392328,,,,2026-08-31T22:33:25.926Z,,2026-08-31T22:33:38.000Z,2026-08-31T22:34:02.000Z,2026-08-31T22:34:11.899Z,2026-08-31T22:34:11.995Z,2026-08-31T22:34:14.185Z,36.074,45.973,48.259,,,24,9.899,2.286,completed,successo,,processed,,403,01a059f5-85a2-7338-ad9c-a1cc450e168e,sent,0,1,13,1000.00,0.00,0
510,2026-09-01-paniere-completo,stablecoin,2500.00,EUR,basesepolia,84532,0x91f7b2252256a112fe12ee79ba58e1cb290d21c3,,12,0x602d9b79238af7f0df7460d0b7af3151db58e7358c71c423720d6292719801e2,,,65388,6000000,0.000000392328,,,,2026-08-31T22:33:26.014Z,,2026-08-31T22:33:40.000Z,2026-08-31T22:34:04.000Z,2026-08-31T22:34:12.683Z,2026-08-31T22:34:12.781Z,2026-08-31T22:34:14.174Z,37.986,46.669,48.16,,,24,8.683,1.491,completed,successo,,processed,,404,01a059f5-8d6f-76ca-b435-1fdb7df7c5e6,sent,0,1,13,2500.00,0.00,0
511,2026-09-01-paniere-completo,stablecoin,10.00,EUR,basesepolia,84532,0x91f7b2252256a112fe12ee79ba58e1cb290d21c3,,12,0x793987a5d72ad488d65413034f0a08b15ebc15e36534c1d977e1895d6db32279,,,65364,6000000,0.000000392184,,,,2026-08-31T22:34:47.309Z,,2026-08-31T22:34:56.000Z,2026-08-31T22:35:20.000Z,2026-08-31T22:35:24.409Z,2026-08-31T22:35:24.525Z,2026-08-31T22:35:26.184Z,32.691,37.1,38.875,,,24,4.409,1.775,completed,successo,,processed,,407,01a059f7-00c9-71c2-baf8-7427f766f41e,sent,0,1,13,10.00,0.00,0
512,2026-09-01-paniere-completo,stablecoin,25.00,EUR,basesepolia,84532,0x91f7b2252256a112fe12ee79ba58e1cb290d21c3,,12,0x0c22ab6f79e836a7f658f906a7a681f1fa0bf5ada6ae7e43609395db3dfc84c5,,,65376,6000000,0.000000392256,,,,2026-08-31T22:34:47.375Z,,2026-08-31T22:35:00.000Z,2026-08-31T22:35:24.000Z,2026-08-31T22:35:33.853Z,2026-08-31T22:35:33.940Z,2026-08-31T22:35:36.192Z,36.625,46.478,48.817,,,24,9.853,2.339,completed,successo,,processed,,411,01a059f7-3095-75cd-98d3-116452f68ff6,sent,0,1,13,25.00,0.00,0
513,2026-09-01-paniere-completo,stablecoin,50.00,EUR,basesepolia,84532,0x91f7b2252256a112fe12ee79ba58e1cb290d21c3,,12,0x984b4011f67e2b33c11ae84733be383f651f0c739a52461644383f9591597e67,,,65388,6000000,0.000000392328,,,,2026-08-31T22:34:47.440Z,,2026-08-31T22:34:54.000Z,2026-08-31T22:35:18.000Z,2026-08-31T22:35:23.705Z,2026-08-31T22:35:23.810Z,2026-08-31T22:35:26.212Z,30.56,36.264,38.772,,,24,5.705,2.507,completed,successo,,processed,,406,01a059f6-f8f5-7afd-95b6-a110798f9210,sent,0,1,13,50.00,0.00,0
514,2026-09-01-paniere-completo,stablecoin,100.00,EUR,basesepolia,84532,0x91f7b2252256a112fe12ee79ba58e1cb290d21c3,,12,0xd5be47a0391f51223ec004506da123ca7349d95a3ae534b55f0135b0f6bdabc1,,,65388,6000000,0.000000392328,,,,2026-08-31T22:34:47.502Z,,2026-08-31T22:34:58.000Z,2026-08-31T22:35:22.000Z,2026-08-31T22:35:27.246Z,2026-08-31T22:35:27.332Z,2026-08-31T22:35:30.296Z,34.498,39.744,42.794,,,24,5.246,3.05,completed,successo,,processed,,410,01a059f7-27de-73d0-9ba3-30cbf9b4efb0,sent,0,1,13,100.00,0.00,0
515,2026-09-01-paniere-completo,stablecoin,250.00,EUR,basesepolia,84532,0x91f7b2252256a112fe12ee79ba58e1cb290d21c3,,12,0x5118dcdc207a4e9c338132c25be94e68d119a5729b97a3bf96c5f51bd92420e5,,,65388,6000000,0.000000392328,,,,2026-08-31T22:34:47.589Z,,2026-08-31T22:35:00.000Z,2026-08-31T22:35:24.000Z,2026-08-31T22:35:34.406Z,2026-08-31T22:35:34.503Z,2026-08-31T22:35:36.193Z,36.411,46.817,48.604,,,24,10.406,1.787,completed,successo,,processed,,412,01a059f7-397c-7fac-bc85-ea7abcbb6f4a,sent,0,1,13,250.00,0.00,0
516,2026-09-01-paniere-completo,stablecoin,500.00,EUR,basesepolia,84532,0x91f7b2252256a112fe12ee79ba58e1cb290d21c3,,12,0x2d039114d847f1f19ecb205e595c06a4971236baf7b3c911c10276b7bf844f9e,,,65388,6000000,0.000000392328,,,,2026-08-31T22:34:47.661Z,,2026-08-31T22:34:56.000Z,2026-08-31T22:35:20.000Z,2026-08-31T22:35:25.986Z,2026-08-31T22:35:26.075Z,2026-08-31T22:35:28.310Z,32.339,38.325,40.649,,,24,5.986,2.324,completed,successo,,processed,,408,01a059f7-163a-7cf9-9e49-07da63225c05,sent,0,1,13,500.00,0.00,0
517,2026-09-01-paniere-completo,stablecoin,1000.00,EUR,basesepolia,84532,0x91f7b2252256a112fe12ee79ba58e1cb290d21c3,,12,0x82ec9c05782d8d545bc61ae9e01168dfb17251290a25855007676afef81634e5,,,65388,6000000,0.000000392328,,,,2026-08-31T22:34:47.726Z,,2026-08-31T22:34:58.000Z,2026-08-31T22:35:22.000Z,2026-08-31T22:35:26.712Z,2026-08-31T22:35:26.799Z,2026-08-31T22:35:28.334Z,34.274,38.986,40.608,,,24,4.712,1.622,completed,successo,,processed,,409,01a059f7-1f00-7855-89bd-33b36e8d24e4,sent,0,1,13,1000.00,0.00,0
518,2026-09-01-paniere-completo,stablecoin,2500.00,EUR,basesepolia,84532,0x91f7b2252256a112fe12ee79ba58e1cb290d21c3,,12,0x604cd4bcca233d785798230a97c87f09691edd53bb86f5224c22b914a5ea77d5,,,60588,6000000,0.000000363528,,,,2026-08-31T22:34:47.795Z,,2026-08-31T22:35:02.000Z,2026-08-31T22:35:26.000Z,2026-08-31T22:35:35.053Z,2026-08-31T22:35:35.145Z,2026-08-31T22:35:36.419Z,38.205,47.258,48.624,,,24,9.053,1.366,completed,successo,,processed,,413,01a059f7-4344-7a95-90b3-1e4b0be7d470,sent,0,1,13,2500.00,0.00,0
519,2026-09-01-paniere-completo,stablecoin,10.00,EUR,basesepolia,84532,0x91f7b2252256a112fe12ee79ba58e1cb290d21c3,,12,0x7746eea7169d52960a27275e460d677344d640bf06f75927ab2ca8bfaa5be83a,,,65364,6000000,0.000000392184,,,,2026-08-31T22:36:08.979Z,,2026-08-31T22:36:18.000Z,2026-08-31T22:36:42.000Z,2026-08-31T22:36:43.928Z,2026-08-31T22:36:44.022Z,2026-08-31T22:36:46.291Z,33.021,34.948,37.312,,,24,1.928,2.363,completed,successo,,processed,,416,01a059f8-c6d6-767e-811e-03982a651e98,sent,0,1,13,10.00,0.00,0
520,2026-09-01-paniere-completo,stablecoin,25.00,EUR,basesepolia,84532,0x91f7b2252256a112fe12ee79ba58e1cb290d21c3,,12,0x79ac83bf5fd91a11f36ebc6b1eab1a6e17f0bb92c05994d76a63ec46f7a43674,,,65388,6000000,0.000000392328,,,,2026-08-31T22:36:09.073Z,,2026-08-31T22:36:18.000Z,2026-08-31T22:36:42.000Z,2026-08-31T22:36:43.382Z,2026-08-31T22:36:43.456Z,2026-08-31T22:36:46.189Z,32.927,34.309,37.116,,,24,1.382,2.807,completed,successo,,processed,,415,01a059f8-bd7b-7c39-94c7-6be63a270fda,sent,0,1,13,25.00,0.00,0
521,2026-09-01-paniere-completo,stablecoin,50.00,EUR,basesepolia,84532,0x91f7b2252256a112fe12ee79ba58e1cb290d21c3,,12,0xfeb4677b4c75093f6bae3d8614a81c6b8ab7ef59e0d3d7084a7e4e6f1c1d7304,,,65388,6000000,0.000000392328,,,,2026-08-31T22:36:09.166Z,,2026-08-31T22:36:22.000Z,2026-08-31T22:36:46.000Z,2026-08-31T22:36:51.233Z,2026-08-31T22:36:51.316Z,2026-08-31T22:36:54.175Z,36.834,42.067,45.009,,,24,5.233,2.942,completed,successo,,processed,,419,01a059f8-e29e-7ca2-aac0-b81bfc5fbde9,sent,0,1,13,50.00,0.00,0
522,2026-09-01-paniere-completo,stablecoin,100.00,EUR,basesepolia,84532,0x91f7b2252256a112fe12ee79ba58e1cb290d21c3,,12,0xcb40af6fca5e062a8e66a9e3dfb7c19c8e69aa7f0a79e2b029c6bc0b97ccb527,,,60588,6000000,0.000000363528,,,,2026-08-31T22:36:09.251Z,,2026-08-31T22:36:24.000Z,2026-08-31T22:36:48.000Z,2026-08-31T22:36:53.370Z,2026-08-31T22:36:53.462Z,2026-08-31T22:36:56.157Z,38.749,44.119,46.906,,,24,5.37,2.787,completed,successo,,processed,,421,01a059f8-f4e5-742c-a5cf-1289bd290274,sent,0,1,13,100.00,0.00,0
523,2026-09-01-paniere-completo,stablecoin,250.00,EUR,basesepolia,84532,0x91f7b2252256a112fe12ee79ba58e1cb290d21c3,,12,0x2470e315d2e16cfb852827ad70b096295cfcbdad110f7bc692dcd4cf5a75bbbd,,,65388,6000000,0.000000392328,,,,2026-08-31T22:36:09.342Z,,2026-08-31T22:36:16.000Z,2026-08-31T22:36:40.000Z,2026-08-31T22:36:42.689Z,2026-08-31T22:36:42.780Z,2026-08-31T22:36:44.185Z,30.658,33.346,34.843,,,24,2.689,1.496,completed,successo,,processed,,414,01a059f8-b404-70ba-9558-b54a5a01540c,sent,0,1,13,250.00,0.00,0
524,2026-09-01-paniere-completo,stablecoin,500.00,EUR,basesepolia,84532,0x91f7b2252256a112fe12ee79ba58e1cb290d21c3,,12,0x078dd1fe2c4b9fcbb32d67ff00645c1aaed1ffe0846d56660161ca6d1826ba34,,,65388,6000000,0.000000392328,,,,2026-08-31T22:36:09.425Z,,2026-08-31T22:36:20.000Z,2026-08-31T22:36:44.000Z,2026-08-31T22:36:49.915Z,2026-08-31T22:36:50.004Z,2026-08-31T22:36:52.266Z,34.575,40.49,42.841,,,24,5.915,2.351,completed,successo,,processed,,417,01a059f8-d010-7aa3-b5fc-e43e9939b7d5,sent,0,1,13,500.00,0.00,0
525,2026-09-01-paniere-completo,stablecoin,1000.00,EUR,basesepolia,84532,0x91f7b2252256a112fe12ee79ba58e1cb290d21c3,,12,0x214f462b832cd9b5fceb098b1f8530bed6b4b0d5f94761bfec82a33b7d02d6a7,,,65388,6000000,0.000000392328,,,,2026-08-31T22:36:09.508Z,,2026-08-31T22:36:20.000Z,2026-08-31T22:36:44.000Z,2026-08-31T22:36:50.520Z,2026-08-31T22:36:50.591Z,2026-08-31T22:36:52.319Z,34.492,41.012,42.811,,,24,6.52,1.799,completed,successo,,processed,,418,01a059f8-d933-74bc-ab59-4c74cae4fdc7,sent,0,1,13,1000.00,0.00,0
526,2026-09-01-paniere-completo,stablecoin,2500.00,EUR,basesepolia,84532,0x91f7b2252256a112fe12ee79ba58e1cb290d21c3,,12,0xe3478e6a5054f6a9817f22c88ac4ba929627d39e55094ddb730c4eb5f9fe1de1,,,65388,6000000,0.000000392328,,,,2026-08-31T22:36:09.594Z,,2026-08-31T22:36:22.000Z,2026-08-31T22:36:46.000Z,2026-08-31T22:36:52.749Z,2026-08-31T22:36:52.815Z,2026-08-31T22:36:54.184Z,36.406,43.154,44.59,,,24,6.749,1.435,completed,successo,,processed,,420,01a059f8-ebe1-7864-9515-a3936e5b28f7,sent,0,1,13,2500.00,0.00,0
527,2026-09-01-paniere-completo,stablecoin,10.00,EUR,basesepolia,84532,0x91f7b2252256a112fe12ee79ba58e1cb290d21c3,,12,0xfa03c82ee489b240b7ad1cc20d75b3836afde5a96c75ab54504c73e73b8e063d,,,65376,6000000,0.000000392256,,,,2026-08-31T22:37:15.578Z,,2026-08-31T22:37:22.000Z,2026-08-31T22:37:46.000Z,2026-08-31T22:37:49.390Z,2026-08-31T22:37:49.481Z,2026-08-31T22:37:52.296Z,30.422,33.812,36.718,,,24,3.39,2.906,completed,successo,,processed,,422,01a059f9-7bea-7abc-9094-c018c801f9c2,sent,0,1,13,10.00,0.00,0
528,2026-09-01-paniere-completo,stablecoin,25.00,EUR,basesepolia,84532,0x91f7b2252256a112fe12ee79ba58e1cb290d21c3,,12,0x525ddf9b42535fc7351fddc60c8bf9d416f0926b95b189048b4eabdb980b58f6,,,65376,6000000,0.000000392256,,,,2026-08-31T22:37:15.657Z,,2026-08-31T22:37:28.000Z,2026-08-31T22:37:52.000Z,2026-08-31T22:37:57.724Z,2026-08-31T22:37:57.811Z,2026-08-31T22:38:00.568Z,36.343,42.067,44.911,,,24,5.724,2.844,completed,successo,,processed,,427,01a059f9-a7c2-7227-bee6-f09029835916,sent,0,1,13,25.00,0.00,0
529,2026-09-01-paniere-completo,stablecoin,50.00,EUR,basesepolia,84532,0x91f7b2252256a112fe12ee79ba58e1cb290d21c3,,12,0x4d9d276fe8f264b8bcf6e5719228d84b12be70b26bf75531b58933de141d740e,,,65376,6000000,0.000000392256,,,,2026-08-31T22:37:15.751Z,,2026-08-31T22:37:24.000Z,2026-08-31T22:37:48.000Z,2026-08-31T22:37:50.586Z,2026-08-31T22:37:50.676Z,2026-08-31T22:37:52.513Z,32.249,34.835,36.762,,,24,2.586,1.927,completed,successo,,processed,,424,01a059f9-8db4-7db1-873b-f292302fac75,sent,0,1,13,50.00,0.00,0
530,2026-09-01-paniere-completo,stablecoin,100.00,EUR,basesepolia,84532,0x91f7b2252256a112fe12ee79ba58e1cb290d21c3,,12,0x2954f5b5c063d88d65234b76921278ab35d0dcddd5dc13586a314467cbe08ec6,,,65388,6000000,0.000000392328,,,,2026-08-31T22:37:15.829Z,,2026-08-31T22:37:26.000Z,2026-08-31T22:37:50.000Z,2026-08-31T22:37:56.565Z,2026-08-31T22:37:56.667Z,2026-08-31T22:37:58.173Z,34.171,40.735,42.344,,,24,6.565,1.608,completed,successo,,processed,,425,01a059f9-964a-7a82-a122-5f9779bf9f57,sent,0,1,13,100.00,0.00,0
531,2026-09-01-paniere-completo,stablecoin,250.00,EUR,basesepolia,84532,0x91f7b2252256a112fe12ee79ba58e1cb290d21c3,,12,0xe58c02b1b100170d37b9f1827f97afea6640d40d38617444e22514f4f80c1e66,,,65388,6000000,0.000000392328,,,,2026-08-31T22:37:15.913Z,,2026-08-31T22:37:28.000Z,2026-08-31T22:37:52.000Z,2026-08-31T22:37:58.235Z,2026-08-31T22:37:58.322Z,2026-08-31T22:38:00.305Z,36.087,42.322,44.392,,,24,6.235,2.07,completed,successo,,processed,,428,01a059f9-b19c-7b9c-95d4-f877dd0878d9,sent,0,1,13,250.00,0.00,0
532,2026-09-01-paniere-completo,stablecoin,500.00,EUR,basesepolia,84532,0x91f7b2252256a112fe12ee79ba58e1cb290d21c3,,12,0x08b712f1a626d2fa02bb5fc72c0f23c3153b35dab8255ffb0d44167ada1c1346,,,65388,6000000,0.000000392328,,,,2026-08-31T22:37:16.005Z,,2026-08-31T22:37:26.000Z,2026-08-31T22:37:50.000Z,2026-08-31T22:37:57.108Z,2026-08-31T22:37:57.189Z,2026-08-31T22:38:00.218Z,33.995,41.103,44.213,,,24,7.108,3.11,completed,successo,,processed,,426,01a059f9-9eac-74d0-8607-849a22797aaf,sent,0,1,13,500.00,0.00,0
533,2026-09-01-paniere-completo,stablecoin,1000.00,EUR,basesepolia,84532,0x91f7b2252256a112fe12ee79ba58e1cb290d21c3,,12,0x20065bb12abb525e3cc7e488daa216a62457626e0e0268eb65eb5ffbfa75cd4f,,,60588,6000000,0.000000363528,,,,2026-08-31T22:37:16.086Z,,2026-08-31T22:37:30.000Z,2026-08-31T22:37:54.000Z,2026-08-31T22:37:58.918Z,2026-08-31T22:37:59.002Z,2026-08-31T22:38:00.455Z,37.914,42.831,44.369,,,24,4.918,1.537,completed,successo,,processed,,429,01a059f9-ba91-735b-a835-057a6ed4ca5b,sent,0,1,13,1000.00,0.00,0
534,2026-09-01-paniere-completo,stablecoin,2500.00,EUR,basesepolia,84532,0x91f7b2252256a112fe12ee79ba58e1cb290d21c3,,12,0x7962e76217e1553adf14f8d5d8f10cce481c954efa49d38be227f5be7c8df1e2,,,65388,6000000,0.000000392328,,,,2026-08-31T22:37:16.166Z,,2026-08-31T22:37:24.000Z,2026-08-31T22:37:48.000Z,2026-08-31T22:37:50.090Z,2026-08-31T22:37:50.166Z,2026-08-31T22:37:52.302Z,31.834,33.923,36.136,,,24,2.09,2.212,completed,successo,,processed,,423,01a059f9-856a-7bed-829b-cd6151fe3ec9,sent,0,1,13,2500.00,0.00,0
535,2026-09-01-paniere-completo,stablecoin,10.00,EUR,basesepolia,84532,0x91f7b2252256a112fe12ee79ba58e1cb290d21c3,,12,0xc0366a71cd188bccdb5e5b47ed7285c3b89a7b376f378293bbf2afc155b369cd,,,65376,6000000,0.000000392256,,,,2026-08-31T22:38:21.317Z,,2026-08-31T22:38:36.000Z,2026-08-31T22:39:00.000Z,2026-08-31T22:39:04.404Z,2026-08-31T22:39:04.495Z,2026-08-31T22:39:06.541Z,38.683,43.087,45.224,,,24,4.404,2.137,completed,successo,,processed,,436,01a059fa-6730-7a7c-985e-63869d256771,sent,0,1,13,10.00,0.00,0
536,2026-09-01-paniere-completo,stablecoin,25.00,EUR,basesepolia,84532,0x91f7b2252256a112fe12ee79ba58e1cb290d21c3,,12,0x3bfd8cff0d1dcf24b6ed61bc988e3eb21350f416f7c7c8042e8f84f38a82bf90,,,65388,6000000,0.000000392328,,,,2026-08-31T22:38:21.398Z,,2026-08-31T22:38:28.000Z,2026-08-31T22:38:52.000Z,2026-08-31T22:38:56.572Z,2026-08-31T22:38:56.648Z,2026-08-31T22:38:58.382Z,30.602,35.174,36.984,,,24,4.572,1.81,completed,successo,,processed,,432,01a059fa-43bc-7c10-aa83-06f0dc95c6b8,sent,0,1,13,25.00,0.00,0
537,2026-09-01-paniere-completo,stablecoin,50.00,EUR,basesepolia,84532,0x91f7b2252256a112fe12ee79ba58e1cb290d21c3,,12,0x76817a6122aaab712aeae7ea64a9ce485dd92be82cf805c1f9e63cfb9a660d22,,,65388,6000000,0.000000392328,,,,2026-08-31T22:38:21.488Z,,2026-08-31T22:38:32.000Z,2026-08-31T22:38:56.000Z,2026-08-31T22:39:03.228Z,2026-08-31T22:39:03.317Z,2026-08-31T22:39:06.311Z,34.512,41.741,44.823,,,24,7.228,3.083,completed,successo,,processed,,434,01a059fa-546f-70ce-abc6-7bd05d699cfc,sent,0,1,13,50.00,0.00,0
538,2026-09-01-paniere-completo,stablecoin,100.00,EUR,basesepolia,84532,0x91f7b2252256a112fe12ee79ba58e1cb290d21c3,,12,0x4c86d5d90ed0e42e3a0e69ece72f02e3413f6c0c5c3b977572c03a6f6c29be49,,,65388,6000000,0.000000392328,,,,2026-08-31T22:38:21.579Z,,2026-08-31T22:38:26.000Z,2026-08-31T22:38:50.000Z,2026-08-31T22:38:54.677Z,2026-08-31T22:38:54.768Z,2026-08-31T22:38:58.136Z,28.421,33.098,36.557,,,24,4.677,3.459,completed,successo,,processed,,430,01a059fa-3258-777e-9516-cd117b283164,sent,0,1,13,100.00,0.00,0
539,2026-09-01-paniere-completo,stablecoin,250.00,EUR,basesepolia,84532,0x91f7b2252256a112fe12ee79ba58e1cb290d21c3,,12,0x21d0bbdc5e82584471eec06b58a0439f646a5144746d913379ef06f3d5a2fa6f,,,60588,6000000,0.000000363528,,,,2026-08-31T22:38:21.656Z,,2026-08-31T22:38:36.000Z,2026-08-31T22:39:00.000Z,2026-08-31T22:39:04.916Z,2026-08-31T22:39:04.989Z,2026-08-31T22:39:06.560Z,38.344,43.259,44.904,,,24,4.916,1.644,completed,successo,,processed,,437,01a059fa-7099-7e49-aff7-bafcab5769d0,sent,0,1,13,250.00,0.00,0
540,2026-09-01-paniere-completo,stablecoin,500.00,EUR,basesepolia,84532,0x91f7b2252256a112fe12ee79ba58e1cb290d21c3,,12,0x1ba57d5a92e6a771a5a3700398d5b5eb32bb6bd64c9bf2d3b607fc888b6da195,,,65388,6000000,0.000000392328,,,,2026-08-31T22:38:21.729Z,,2026-08-31T22:38:28.000Z,2026-08-31T22:38:52.000Z,2026-08-31T22:38:56.067Z,2026-08-31T22:38:56.155Z,2026-08-31T22:38:58.217Z,30.271,34.339,36.488,,,24,4.067,2.15,completed,successo,,processed,,431,01a059fa-3a82-7274-9f26-20b26937398c,sent,0,1,13,500.00,0.00,0
541,2026-09-01-paniere-completo,stablecoin,1000.00,EUR,basesepolia,84532,0x91f7b2252256a112fe12ee79ba58e1cb290d21c3,,12,0x919162c22b9b07e052c4fd975211f1f71e8e566813ad4f7dba88057d462b6080,,,65388,6000000,0.000000392328,,,,2026-08-31T22:38:21.804Z,,2026-08-31T22:38:32.000Z,2026-08-31T22:38:56.000Z,2026-08-31T22:39:03.743Z,2026-08-31T22:39:03.846Z,2026-08-31T22:39:06.345Z,34.196,41.939,44.541,,,24,7.743,2.602,completed,successo,,processed,,435,01a059fa-5dbb-7def-88eb-d9602a1c552b,sent,0,1,13,1000.00,0.00,0
542,2026-09-01-paniere-completo,stablecoin,2500.00,EUR,basesepolia,84532,0x91f7b2252256a112fe12ee79ba58e1cb290d21c3,,12,0xb20e753751a4d8e538493c774f0655a5fa3d931bcba32aca24cf792cce0b7420,,,65376,6000000,0.000000392256,,,,2026-08-31T22:38:21.888Z,,2026-08-31T22:38:30.000Z,2026-08-31T22:38:54.000Z,2026-08-31T22:38:57.266Z,2026-08-31T22:38:57.362Z,2026-08-31T22:39:00.282Z,32.112,35.378,38.394,,,24,3.266,3.016,completed,successo,,processed,,433,01a059fa-4c48-70b0-bbc5-75adc25d0b7b,sent,0,1,13,2500.00,0.00,0
543,2026-09-01-paniere-completo,stablecoin,10.00,EUR,basesepolia,84532,0x91f7b2252256a112fe12ee79ba58e1cb290d21c3,,12,0x41b62b0fba02ba5194b9319c632ccd5fd0d1be005393d759f52711a156d4f890,,,60576,6000000,0.000000363456,,,,2026-08-31T22:39:29.306Z,,2026-08-31T22:39:44.000Z,2026-08-31T22:40:08.000Z,2026-08-31T22:40:14.027Z,2026-08-31T22:40:14.103Z,2026-08-31T22:40:16.191Z,38.694,44.721,46.885,,,24,6.027,2.164,completed,successo,,processed,,445,01a059fb-37ca-736a-9172-a2c1da9abf95,sent,0,1,13,10.00,0.00,0
544,2026-09-01-paniere-completo,stablecoin,25.00,EUR,basesepolia,84532,0x91f7b2252256a112fe12ee79ba58e1cb290d21c3,,12,0xc74f1ada348d5da3a0a3a0af7b958a2760e219ff83c6060f94da07c1a8e4b75d,,,65388,6000000,0.000000392328,,,,2026-08-31T22:39:29.400Z,,2026-08-31T22:39:42.000Z,2026-08-31T22:40:06.000Z,2026-08-31T22:40:12.901Z,2026-08-31T22:40:12.970Z,2026-08-31T22:40:14.322Z,36.6,43.501,44.922,,,24,6.901,1.421,completed,successo,,processed,,443,01a059fb-2066-78eb-9c2b-9f64213a68bf,sent,0,1,13,25.00,0.00,0
545,2026-09-01-paniere-completo,stablecoin,50.00,EUR,basesepolia,84532,0x91f7b2252256a112fe12ee79ba58e1cb290d21c3,,12,0x9e8f88a75de3b6b0253bab296686ab5c856b2ad37ef59e16c79592762f9c99c5,,,65388,6000000,0.000000392328,,,,2026-08-31T22:39:29.498Z,,2026-08-31T22:39:36.000Z,2026-08-31T22:40:00.000Z,2026-08-31T22:40:04.944Z,2026-08-31T22:40:05.042Z,2026-08-31T22:40:08.254Z,30.502,35.446,38.756,,,24,4.944,3.31,completed,successo,,processed,,439,01a059fa-f82d-7454-ad1d-1064ddfb172d,sent,0,1,13,50.00,0.00,0
546,2026-09-01-paniere-completo,stablecoin,100.00,EUR,basesepolia,84532,0x91f7b2252256a112fe12ee79ba58e1cb290d21c3,,12,0x327a5ca54d5d59c31b1ce1c8d72dbce3a1a1d49c7bae06e9a3a24ee1f6226ce2,,,65388,6000000,0.000000392328,,,,2026-08-31T22:39:29.601Z,,2026-08-31T22:39:42.000Z,2026-08-31T22:40:06.000Z,2026-08-31T22:40:12.396Z,2026-08-31T22:40:12.478Z,2026-08-31T22:40:14.258Z,36.399,42.795,44.657,,,24,6.396,1.862,completed,successo,,processed,,442,01a059fb-1865-79d1-9770-f17688cb4b92,sent,0,1,13,100.00,0.00,0
547,2026-09-01-paniere-completo,stablecoin,250.00,EUR,basesepolia,84532,0x91f7b2252256a112fe12ee79ba58e1cb290d21c3,,12,0x9ee6feb8a118d7d779527dc04cc2e99dfa70fca4bec773b6c9aa75b73ee54fde,,,65388,6000000,0.000000392328,,,,2026-08-31T22:39:29.701Z,,2026-08-31T22:39:38.000Z,2026-08-31T22:40:02.000Z,2026-08-31T22:40:06.176Z,2026-08-31T22:40:06.271Z,2026-08-31T22:40:08.482Z,32.299,36.476,38.781,,,24,4.176,2.306,completed,successo,,processed,,441,01a059fb-0f6b-78ea-901a-8cd53a35c6a8,sent,0,1,13,250.00,0.00,0
548,2026-09-01-paniere-completo,stablecoin,500.00,EUR,basesepolia,84532,0x91f7b2252256a112fe12ee79ba58e1cb290d21c3,,12,0x78592df8e08c0c26470c2e63010be56102c93ee62d7597f7e8b8c79f1e8752b8,,,65388,6023359,0.000000393855398292,,,,2026-08-31T22:39:29.789Z,,2026-08-31T22:39:34.000Z,2026-08-31T22:39:58.000Z,2026-08-31T22:40:03.387Z,2026-08-31T22:40:03.460Z,2026-08-31T22:40:06.155Z,28.211,33.598,36.366,,,24,5.387,2.768,completed,successo,,processed,,438,01a059fa-efcb-73f3-91d6-257c63059c5f,sent,0,1,13,500.00,0.00,0
549,2026-09-01-paniere-completo,stablecoin,1000.00,EUR,basesepolia,84532,0x91f7b2252256a112fe12ee79ba58e1cb290d21c3,,12,0x1237411c39b6a2b3f15e3bd7eb470ce3cd1a8a3d7d373aedcc421cdb3c3d9a11,,,65388,6000000,0.000000392328,,,,2026-08-31T22:39:29.876Z,,2026-08-31T22:39:44.000Z,2026-08-31T22:40:08.000Z,2026-08-31T22:40:13.523Z,2026-08-31T22:40:13.613Z,2026-08-31T22:40:16.161Z,38.124,43.647,46.285,,,24,5.523,2.638,completed,successo,,processed,,444,01a059fb-2e40-7a22-b6e9-b0b58f2c5f14,sent,0,1,13,1000.00,0.00,0
550,2026-09-01-paniere-completo,stablecoin,2500.00,EUR,basesepolia,84532,0x91f7b2252256a112fe12ee79ba58e1cb290d21c3,,12,0x1f77d864aea13f39834fe62e27c0059c139ebacb2ea1545244c524612973fec2,,,65388,6000000,0.000000392328,,,,2026-08-31T22:39:29.967Z,,2026-08-31T22:39:38.000Z,2026-08-31T22:40:02.000Z,2026-08-31T22:40:05.658Z,2026-08-31T22:40:05.743Z,2026-08-31T22:40:08.221Z,32.033,35.691,38.254,,,24,3.658,2.563,completed,successo,,processed,,440,01a059fb-056e-76bd-ae2e-90c0496f8af6,sent,0,1,13,2500.00,0.00,0
551,2026-09-01-paniere-completo,stablecoin,10.00,EUR,basesepolia,84532,0x91f7b2252256a112fe12ee79ba58e1cb290d21c3,,12,0x1991831deddc2d274ad2c4773c8a64aebf6953575440807a62f9ff5ca1e3207b,,,65376,6000000,0.000000392256,,,,2026-08-31T22:40:36.979Z,,2026-08-31T22:40:44.000Z,2026-08-31T22:41:08.000Z,2026-08-31T22:41:10.585Z,2026-08-31T22:41:10.669Z,2026-08-31T22:41:12.434Z,31.021,33.606,35.455,,,24,2.585,1.849,completed,successo,,processed,,446,01a059fc-8d1c-79cb-9023-3356e4598f12,sent,0,1,13,10.00,0.00,0
552,2026-09-01-paniere-completo,stablecoin,25.00,EUR,basesepolia,84532,0x91f7b2252256a112fe12ee79ba58e1cb290d21c3,,12,0x5827de82d42e8a404426c9224556c3c8bbd5ec847726eb58779e353dd8d79250,,,65388,6000000,0.000000392328,,,,2026-08-31T22:40:37.069Z,,2026-08-31T22:40:48.000Z,2026-08-31T22:41:12.000Z,2026-08-31T22:41:19.119Z,2026-08-31T22:41:19.201Z,2026-08-31T22:41:22.316Z,34.931,42.05,45.247,,,24,7.119,3.197,completed,successo,,processed,,451,01a059fc-cc0c-7085-bf14-810963fba724,sent,0,1,13,25.00,0.00,0
553,2026-09-01-paniere-completo,stablecoin,50.00,EUR,basesepolia,84532,0x91f7b2252256a112fe12ee79ba58e1cb290d21c3,,12,0x936eca41d28841b7e0641b4e6884c5f48fccf94b8c9c097fbfa1a9a219239f48,,,60588,6000000,0.000000363528,,,,2026-08-31T22:40:37.147Z,,2026-08-31T22:40:50.000Z,2026-08-31T22:41:14.000Z,2026-08-31T22:41:20.271Z,2026-08-31T22:41:20.363Z,2026-08-31T22:41:22.513Z,36.853,43.124,45.366,,,24,6.271,2.242,completed,successo,,processed,,453,01a059fc-dc86-7bdf-b609-3b3a93cbccdf,sent,0,1,13,50.00,0.00,0
554,2026-09-01-paniere-completo,stablecoin,100.00,EUR,basesepolia,84532,0x91f7b2252256a112fe12ee79ba58e1cb290d21c3,,12,0x6f0b62ebc9436bb321ff503ae6941fc5bbeb7f7682969a5549aff6d49c5f7b95,,,65376,6000000,0.000000392256,,,,2026-08-31T22:40:37.215Z,,2026-08-31T22:40:50.000Z,2026-08-31T22:41:14.000Z,2026-08-31T22:41:19.748Z,2026-08-31T22:41:19.834Z,2026-08-31T22:41:22.276Z,36.785,42.533,45.061,,,24,5.748,2.528,completed,successo,,processed,,452,01a059fc-d487-7c90-b70a-d2b762cc5b6f,sent,0,1,13,100.00,0.00,0
555,2026-09-01-paniere-completo,stablecoin,250.00,EUR,basesepolia,84532,0x91f7b2252256a112fe12ee79ba58e1cb290d21c3,,12,0x692e560e7b442d3161ee73b54e6dd57c8a83458191228bf5c25c534e071582fc,,,65388,6000000,0.000000392328,,,,2026-08-31T22:40:37.284Z,,2026-08-31T22:40:46.000Z,2026-08-31T22:41:10.000Z,2026-08-31T22:41:12.618Z,2026-08-31T22:41:12.707Z,2026-08-31T22:41:14.282Z,32.716,35.334,36.998,,,24,2.618,1.664,completed,successo,,processed,,449,01a059fc-b5b6-7179-a24e-41aefd2bd58e,sent,0,1,13,250.00,0.00,0
556,2026-09-01-paniere-completo,stablecoin,500.00,EUR,basesepolia,84532,0x91f7b2252256a112fe12ee79ba58e1cb290d21c3,,12,0x1b93eac9049c821fedb8dbe4833b74c70ce21bc6173096db6f270e6e089a09de,,,65388,6000000,0.000000392328,,,,2026-08-31T22:40:37.395Z,,2026-08-31T22:40:48.000Z,2026-08-31T22:41:12.000Z,2026-08-31T22:41:18.579Z,2026-08-31T22:41:18.670Z,2026-08-31T22:41:20.304Z,34.605,41.184,42.909,,,24,6.579,1.725,completed,successo,,processed,,450,01a059fc-c1b4-7102-bcd8-b8dc4d66a98a,sent,0,1,13,500.00,0.00,0
557,2026-09-01-paniere-completo,stablecoin,1000.00,EUR,basesepolia,84532,0x91f7b2252256a112fe12ee79ba58e1cb290d21c3,,12,0x204bf6eb05abb97c12e2eec4a5f1a1f679e44aab081451e170cd439abcce26dc,,,65388,6000000,0.000000392328,,,,2026-08-31T22:40:37.478Z,,2026-08-31T22:40:46.000Z,2026-08-31T22:41:10.000Z,2026-08-31T22:41:11.838Z,2026-08-31T22:41:11.914Z,2026-08-31T22:41:14.420Z,32.522,34.36,36.942,,,24,1.838,2.582,completed,successo,,processed,,448,01a059fc-9f90-7541-9151-dc0b851acd12,sent,0,1,13,1000.00,0.00,0
558,2026-09-01-paniere-completo,stablecoin,2500.00,EUR,basesepolia,84532,0x91f7b2252256a112fe12ee79ba58e1cb290d21c3,,12,0x10047246c3b86c734834ae5003e7f7ad5f0d4938b2e9b2de4a5f81cb63063bcf,,,65388,6000000,0.000000392328,,,,2026-08-31T22:40:37.561Z,,2026-08-31T22:40:44.000Z,2026-08-31T22:41:08.000Z,2026-08-31T22:41:11.157Z,2026-08-31T22:41:11.242Z,2026-08-31T22:41:14.163Z,30.439,33.596,36.602,,,24,3.157,3.006,completed,successo,,processed,,447,01a059fc-9697-751c-86cd-85e62b8fa81a,sent,0,1,13,2500.00,0.00,0
559,2026-09-01-paniere-completo,stablecoin,10.00,EUR,basesepolia,84532,0x91f7b2252256a112fe12ee79ba58e1cb290d21c3,,12,0x6d19f4f98dbd9e761af791b90a91411a414a15861f516963f2cc547792b9d19d,,,65376,6000000,0.000000392256,,,,2026-08-31T22:41:42.526Z,,2026-08-31T22:41:50.000Z,2026-08-31T22:42:14.000Z,2026-08-31T22:42:17.094Z,2026-08-31T22:42:17.175Z,2026-08-31T22:42:20.245Z,31.474,34.568,37.719,,,24,3.094,3.151,completed,successo,,processed,,455,01a059fc-ed53-7470-beb8-cf5419724211,sent,0,1,13,10.00,0.00,0
560,2026-09-01-paniere-completo,stablecoin,25.00,EUR,basesepolia,84532,0x91f7b2252256a112fe12ee79ba58e1cb290d21c3,,12,0x233d4be195490fff0c185b2ead3677726b955fc815268d5f9a166515bd9c03a4,,,65388,6000000,0.000000392328,,,,2026-08-31T22:41:42.614Z,,2026-08-31T22:41:54.000Z,2026-08-31T22:42:18.000Z,2026-08-31T22:42:24.795Z,2026-08-31T22:42:24.896Z,2026-08-31T22:42:28.429Z,35.386,42.181,45.815,,,24,6.795,3.634,completed,successo,,processed,,459,01a059fd-11a1-792a-8384-a1890b7e1449,sent,0,1,13,25.00,0.00,0
561,2026-09-01-paniere-completo,stablecoin,50.00,EUR,basesepolia,84532,0x91f7b2252256a112fe12ee79ba58e1cb290d21c3,,12,0x19d87e1515c86b4a3200375c39c4196d8072e494641ae13049309067ccc9dfda,,,65388,6000000,0.000000392328,,,,2026-08-31T22:41:42.689Z,,2026-08-31T22:41:52.000Z,2026-08-31T22:42:16.000Z,2026-08-31T22:42:24.165Z,2026-08-31T22:42:24.257Z,2026-08-31T22:42:26.415Z,33.311,41.476,43.726,,,24,8.165,2.25,completed,successo,,processed,,458,01a059fd-08b2-7ff3-87a7-cc5e8ad6ab72,sent,0,1,13,50.00,0.00,0
562,2026-09-01-paniere-completo,stablecoin,100.00,EUR,basesepolia,84532,0x91f7b2252256a112fe12ee79ba58e1cb290d21c3,,12,0x5866d17505e271e9256ca03080fb227322ce8e391930804406ad7d716e73b10a,,,65388,6000000,0.000000392328,,,,2026-08-31T22:41:42.767Z,,2026-08-31T22:41:54.000Z,2026-08-31T22:42:18.000Z,2026-08-31T22:42:25.808Z,2026-08-31T22:42:25.896Z,2026-08-31T22:42:28.383Z,35.233,43.041,45.616,,,24,7.808,2.575,completed,successo,,processed,,460,01a059fd-19aa-7172-b36c-c67b5ad87cff,sent,0,1,13,100.00,0.00,0
563,2026-09-01-paniere-completo,stablecoin,250.00,EUR,basesepolia,84532,0x91f7b2252256a112fe12ee79ba58e1cb290d21c3,,12,0x8c04b2d7f490d6d296724a0932e3814e82c597218a1d61090e1956e7a1d45ea5,,,65388,6000000,0.000000392328,,,,2026-08-31T22:41:42.846Z,,2026-08-31T22:41:52.000Z,2026-08-31T22:42:16.000Z,2026-08-31T22:42:23.645Z,2026-08-31T22:42:23.749Z,2026-08-31T22:42:26.434Z,33.154,40.799,43.588,,,24,7.645,2.789,completed,successo,,processed,,457,01a059fd-007d-7a64-879d-8abd7d8b639f,sent,0,1,13,250.00,0.00,0
564,2026-09-01-paniere-completo,stablecoin,500.00,EUR,basesepolia,84532,0x91f7b2252256a112fe12ee79ba58e1cb290d21c3,,12,0x030939ce4d561e4448c8c55d3c3a67a7c645923c975ce41823188865feaf25ea,,,65388,6000000,0.000000392328,,,,2026-08-31T22:41:42.919Z,,2026-08-31T22:41:50.000Z,2026-08-31T22:42:14.000Z,2026-08-31T22:42:17.653Z,2026-08-31T22:42:17.732Z,2026-08-31T22:42:20.227Z,31.081,34.735,37.308,,,24,3.653,2.574,completed,successo,,processed,,456,01a059fc-f6c1-72bf-b4b1-ae3e75f327fd,sent,0,1,13,500.00,0.00,0
565,2026-09-01-paniere-completo,stablecoin,1000.00,EUR,basesepolia,84532,0x91f7b2252256a112fe12ee79ba58e1cb290d21c3,,12,0x44fded7604635f513f5049b3a9f9a7e8315f3cbf3aa697d3240cfc9c592148ab,,,60588,6000000,0.000000363528,,,,2026-08-31T22:41:42.992Z,,2026-08-31T22:41:56.000Z,2026-08-31T22:42:20.000Z,2026-08-31T22:42:26.843Z,2026-08-31T22:42:26.928Z,2026-08-31T22:42:28.174Z,37.008,43.851,45.182,,,24,6.843,1.331,completed,successo,,processed,,461,01a059fd-22d3-703e-9d69-161ed25761f1,sent,0,1,13,1000.00,0.00,0
566,2026-09-01-paniere-completo,stablecoin,2500.00,EUR,basesepolia,84532,0x91f7b2252256a112fe12ee79ba58e1cb290d21c3,,12,0x70ec06451f3324487427f140c01d57a13a002f110ffa006b75e4713714d436b4,,,65388,6000000,0.000000392328,,,,2026-08-31T22:41:43.069Z,,2026-08-31T22:41:48.000Z,2026-08-31T22:42:12.000Z,2026-08-31T22:42:16.358Z,2026-08-31T22:42:16.448Z,2026-08-31T22:42:18.128Z,28.931,33.29,35.059,,,24,4.358,1.77,completed,successo,,processed,,454,01a059fc-e5d4-7731-a920-3096d8cd6f7a,sent,0,1,13,2500.00,0.00,0
567,2026-09-01-paniere-completo,stablecoin,10.00,EUR,basesepolia,84532,0x91f7b2252256a112fe12ee79ba58e1cb290d21c3,,12,0xe556a2a04cce88549761a967eb83db20d93f770efeda179f40e65d9b15f47556,,,65376,6000000,0.000000392256,,,,2026-08-31T22:43:04.491Z,,2026-08-31T22:43:14.000Z,2026-08-31T22:43:38.000Z,2026-08-31T22:43:46.796Z,2026-08-31T22:43:46.905Z,2026-08-31T22:43:48.196Z,33.509,42.305,43.705,,,24,8.796,1.4,completed,successo,,processed,,466,01a059fe-e9c1-7eb1-99b8-bfb924728f8d,sent,0,1,13,10.00,0.00,0
568,2026-09-01-paniere-completo,stablecoin,25.00,EUR,basesepolia,84532,0x91f7b2252256a112fe12ee79ba58e1cb290d21c3,,12,0x9eb5bd1fb07f5b7dcdaf1ba9262cd01d167daeb3dbdbeab9d0da58295a742fc8,,,60588,6000000,0.000000363528,,,,2026-08-31T22:43:04.574Z,,2026-08-31T22:43:18.000Z,2026-08-31T22:43:42.000Z,2026-08-31T22:43:48.589Z,2026-08-31T22:43:48.659Z,2026-08-31T22:43:50.406Z,37.426,44.016,45.832,,,24,6.589,1.817,completed,successo,,processed,,469,01a059ff-13c3-793f-8f14-b29e1e5fe08b,sent,0,1,13,25.00,0.00,0
569,2026-09-01-paniere-completo,stablecoin,50.00,EUR,basesepolia,84532,0x91f7b2252256a112fe12ee79ba58e1cb290d21c3,,12,0x242debbfdcf11e9942d093c3f218bccf96e05e4bf1f60d1289bcbb494e778d3a,,,65388,6000000,0.000000392328,,,,2026-08-31T22:43:04.664Z,,2026-08-31T22:43:12.000Z,2026-08-31T22:43:36.000Z,2026-08-31T22:43:40.786Z,2026-08-31T22:43:40.868Z,2026-08-31T22:43:42.498Z,31.336,36.122,37.834,,,24,4.786,1.712,completed,successo,,processed,,465,01a059fe-c675-75fb-af0a-dc388ab3324d,sent,0,1,13,50.00,0.00,0
570,2026-09-01-paniere-completo,stablecoin,100.00,EUR,basesepolia,84532,0x91f7b2252256a112fe12ee79ba58e1cb290d21c3,,12,0xb02b5ba5b56619e6ec0c7d0358f48481442498cc864df8fbd735f4a78c70bcb3,,,65388,6000000,0.000000392328,,,,2026-08-31T22:43:04.739Z,,2026-08-31T22:43:10.000Z,2026-08-31T22:43:34.000Z,2026-08-31T22:43:39.026Z,2026-08-31T22:43:39.114Z,2026-08-31T22:43:40.353Z,29.261,34.286,35.614,,,24,5.026,1.327,completed,successo,,processed,,462,01a059fe-9d37-7d19-999b-3a16703bea2d,sent,0,1,13,100.00,0.00,0
571,2026-09-01-paniere-completo,stablecoin,250.00,EUR,basesepolia,84532,0x91f7b2252256a112fe12ee79ba58e1cb290d21c3,,12,0x2042e6066a29bf3611c081cd805d97770c878d17ac4dea7a65ff93cdda95d8aa,,,65388,6000000,0.000000392328,,,,2026-08-31T22:43:04.821Z,,2026-08-31T22:43:18.000Z,2026-08-31T22:43:42.000Z,2026-08-31T22:43:48.072Z,2026-08-31T22:43:48.163Z,2026-08-31T22:43:50.195Z,37.179,43.251,45.374,,,24,6.072,2.123,completed,successo,,processed,,468,01a059ff-0b3f-7b2e-b2dc-b138cc0a5c86,sent,0,1,13,250.00,0.00,0
572,2026-09-01-paniere-completo,stablecoin,500.00,EUR,basesepolia,84532,0x91f7b2252256a112fe12ee79ba58e1cb290d21c3,,12,0x79c672fec6a0af1841594371fe01cab01d4811c1967255e4e65161695a49efbc,,,65388,6000000,0.000000392328,,,,2026-08-31T22:43:04.907Z,,2026-08-31T22:43:12.000Z,2026-08-31T22:43:36.000Z,2026-08-31T22:43:40.300Z,2026-08-31T22:43:40.388Z,2026-08-31T22:43:42.308Z,31.093,35.392,37.401,,,24,4.3,2.008,completed,successo,,processed,,464,01a059fe-bbac-7f49-b83d-d89f980eab63,sent,0,1,13,500.00,0.00,0
573,2026-09-01-paniere-completo,stablecoin,1000.00,EUR,basesepolia,84532,0x91f7b2252256a112fe12ee79ba58e1cb290d21c3,,12,0xe91e4ba004a16d298c43893637564b71568ac200f1e95f9460fa204f029cf2e1,,,65388,6000000,0.000000392328,,,,2026-08-31T22:43:04.991Z,,2026-08-31T22:43:10.000Z,2026-08-31T22:43:34.000Z,2026-08-31T22:43:39.644Z,2026-08-31T22:43:39.723Z,2026-08-31T22:43:42.307Z,29.009,34.653,37.316,,,24,5.644,2.663,completed,successo,,processed,,463,01a059fe-a5d7-728b-9a8b-39b974fc30a0,sent,0,1,13,1000.00,0.00,0
574,2026-09-01-paniere-completo,stablecoin,2500.00,EUR,basesepolia,84532,0x91f7b2252256a112fe12ee79ba58e1cb290d21c3,,12,0xf5c6f96606ba6dc45ae1ca306d96573de79b6d0a3e91f0d14a19c86289503ca8,,,65388,6000000,0.000000392328,,,,2026-08-31T22:43:05.086Z,,2026-08-31T22:43:14.000Z,2026-08-31T22:43:38.000Z,2026-08-31T22:43:47.443Z,2026-08-31T22:43:47.526Z,2026-08-31T22:43:50.310Z,32.914,42.357,45.224,,,24,9.443,2.867,completed,successo,,processed,,467,01a059ff-013b-7010-850a-7ab3d70ea1e5,sent,0,1,13,2500.00,0.00,0
575,2026-09-01-finalita-1,stablecoin,25.00,EUR,basesepolia,84532,0x91f7b2252256a112fe12ee79ba58e1cb290d21c3,,1,0xd3845a516754ee05e5692479c1df3b473e89923ba1ee6db43bc6d9828b8b5b69,,,65388,6000000,0.000000392328,,,,2026-08-31T22:50:19.029Z,,2026-08-31T22:50:36.000Z,2026-08-31T22:50:38.000Z,2026-08-31T22:50:49.920Z,2026-08-31T22:50:49.995Z,2026-08-31T22:50:52.386Z,18.971,30.891,33.357,,,2,11.92,2.466,completed,successo,,processed,,480,01a05c29-6c43-7bc9-90f7-8b8cfd3f8542,sent,0,1,13,25.00,0.00,0
576,2026-09-01-finalita-1,stablecoin,25.00,EUR,basesepolia,84532,0x91f7b2252256a112fe12ee79ba58e1cb290d21c3,,1,0xbfcec35c623b31ef01e6cf94a4f515f337a2ca7e496fbe38a81bd2f74f139443,,,65388,6000000,0.000000392328,,,,2026-08-31T22:50:19.175Z,,2026-08-31T22:50:28.000Z,2026-08-31T22:50:30.000Z,2026-08-31T22:50:38.461Z,2026-08-31T22:50:38.551Z,2026-08-31T22:50:40.465Z,10.825,19.286,21.29,,,2,8.461,2.004,completed,successo,,processed,,471,01a05c29-1373-7b05-b096-19d41080cd60,sent,0,1,13,25.00,0.00,0
577,2026-09-01-finalita-1,stablecoin,25.00,EUR,basesepolia,84532,0x91f7b2252256a112fe12ee79ba58e1cb290d21c3,,1,0xd435e5ff5013e6cee282609a2e333ca35d3d4b063340118b311cdaa1367b838c,,,65388,6000000,0.000000392328,,,,2026-08-31T22:50:19.323Z,,2026-08-31T22:50:30.000Z,2026-08-31T22:50:32.000Z,2026-08-31T22:50:39.564Z,2026-08-31T22:50:39.645Z,2026-08-31T22:50:42.331Z,12.677,20.24,23.008,,,2,7.564,2.767,completed,successo,,processed,,473,01a05c29-225b-767c-9724-48591591d94e,sent,0,1,13,25.00,0.00,0
578,2026-09-01-finalita-1,stablecoin,25.00,EUR,basesepolia,84532,0x91f7b2252256a112fe12ee79ba58e1cb290d21c3,,1,0x556831778c393e392fd2a23330f6f48e14b57fec8c38739464736be7b1d37156,,,65388,6000000,0.000000392328,,,,2026-08-31T22:50:19.483Z,,2026-08-31T22:50:38.000Z,2026-08-31T22:50:40.000Z,2026-08-31T22:50:50.616Z,2026-08-31T22:50:50.688Z,2026-08-31T22:50:52.296Z,20.517,31.133,32.813,,,2,10.616,1.68,completed,successo,,processed,,481,01a05c29-75fc-7f24-abba-e40cce7e1d85,sent,0,1,13,25.00,0.00,0
579,2026-09-01-finalita-1,stablecoin,25.00,EUR,basesepolia,84532,0x91f7b2252256a112fe12ee79ba58e1cb290d21c3,,1,0xc9da1aa8a53f012172e2c0fb2c8f13b4b7be19977644b1bd3e059323deb59965,,,65388,6000000,0.000000392328,,,,2026-08-31T22:50:19.669Z,,2026-08-31T22:50:40.000Z,2026-08-31T22:50:42.000Z,2026-08-31T22:50:51.109Z,2026-08-31T22:50:51.176Z,2026-08-31T22:50:54.425Z,22.331,31.44,34.756,,,2,9.109,3.316,completed,successo,,processed,,482,01a05c29-7f91-7862-aa27-22df820d12a7,sent,0,1,13,25.00,0.00,0
580,2026-09-01-finalita-1,stablecoin,100.00,EUR,basesepolia,84532,0x91f7b2252256a112fe12ee79ba58e1cb290d21c3,,1,0x63a40ce2b97545795772691dfba21fe740fae0633650476b89fb5a15b803fe37,,,65388,6000000,0.000000392328,,,,2026-08-31T22:50:19.820Z,,2026-08-31T22:50:34.000Z,2026-08-31T22:50:36.000Z,2026-08-31T22:50:48.974Z,2026-08-31T22:50:49.059Z,2026-08-31T22:50:50.243Z,16.18,29.153,30.423,,,2,12.974,1.269,completed,successo,,processed,,478,01a05c29-5264-7814-a213-4a7684433207,sent,0,1,13,100.00,0.00,0
581,2026-09-01-finalita-1,stablecoin,100.00,EUR,basesepolia,84532,0x91f7b2252256a112fe12ee79ba58e1cb290d21c3,,1,0x6bc49b740afb6d349e4558d92d153ecd7c7c2e95579fbc13795a6f7e5d3000d8,,,65388,6000000,0.000000392328,,,,2026-08-31T22:50:19.946Z,,2026-08-31T22:50:36.000Z,2026-08-31T22:50:38.000Z,2026-08-31T22:50:49.502Z,,,18.054,29.556,,,,2,11.502,,completed,successo,,,,479,01a05c29-5c0f-7f3e-9e6f-ced56f0de5fe,sent,0,1,13,100.00,0.00,0
582,2026-09-01-finalita-1,stablecoin,100.00,EUR,basesepolia,84532,0x91f7b2252256a112fe12ee79ba58e1cb290d21c3,,1,0xc8a07ddb102c300a78643bd2521a877d0c9449dbc652671fa55c23aa2b085720,,,60588,6000000,0.000000363528,,,,2026-08-31T22:50:20.067Z,,2026-08-31T22:50:42.000Z,2026-08-31T22:50:44.000Z,2026-08-31T22:50:52.252Z,2026-08-31T22:50:52.315Z,2026-08-31T22:50:54.229Z,23.933,32.184,34.162,,,2,8.252,1.977,completed,successo,,processed,,484,01a05c29-92e0-7db4-9859-0b12e6f4a113,sent,0,1,13,100.00,0.00,0
583,2026-09-01-finalita-1,stablecoin,100.00,EUR,basesepolia,84532,0x91f7b2252256a112fe12ee79ba58e1cb290d21c3,,1,0xa96c9660845a2c32f24ea913836710479b5ef2ad051a42446af2a82a8e4f51c4,,,65388,6000000,0.000000392328,,,,2026-08-31T22:50:20.181Z,,2026-08-31T22:50:26.000Z,2026-08-31T22:50:28.000Z,2026-08-31T22:50:29.191Z,2026-08-31T22:50:29.281Z,2026-08-31T22:50:32.243Z,7.819,9.009,12.062,,,2,1.191,3.052,completed,successo,,processed,,470,01a05c29-0a1a-71bd-9cd8-14a34254f33d,sent,0,1,13,100.00,0.00,0
584,2026-09-01-finalita-1,stablecoin,100.00,EUR,basesepolia,84532,0x91f7b2252256a112fe12ee79ba58e1cb290d21c3,,1,0x8ba5555010f975a5cce387678aa9c583de95febcb585aff15338ca6fea13589f,,,65388,6000000,0.000000392328,,,,2026-08-31T22:50:20.277Z,,2026-08-31T22:50:30.000Z,2026-08-31T22:50:32.000Z,2026-08-31T22:50:40.109Z,2026-08-31T22:50:40.196Z,2026-08-31T22:50:42.348Z,11.723,19.832,22.071,,,2,8.109,2.239,completed,successo,,processed,,474,01a05c29-2a01-7a8d-b69d-705b1e8ada73,sent,0,1,13,100.00,0.00,0
585,2026-09-01-finalita-1,stablecoin,500.00,EUR,basesepolia,84532,0x91f7b2252256a112fe12ee79ba58e1cb290d21c3,,1,0xda7bc751519de730dcf4719a01045f012857a1063e7e19a448389753bfca3656,,,65388,6000000,0.000000392328,,,,2026-08-31T22:50:20.393Z,,2026-08-31T22:50:34.000Z,2026-08-31T22:50:36.000Z,2026-08-31T22:50:48.444Z,2026-08-31T22:50:48.518Z,2026-08-31T22:50:50.285Z,15.607,28.051,29.892,,,2,12.444,1.841,completed,successo,,processed,,477,01a05c29-4724-70ef-9321-3f6143bf494a,sent,0,1,13,500.00,0.00,0
586,2026-09-01-finalita-1,stablecoin,500.00,EUR,basesepolia,84532,0x91f7b2252256a112fe12ee79ba58e1cb290d21c3,,1,0xdee231d8a327533932f89390217ffb97d17071432a0fcdbdf1e9de12cad7c926,,,65388,6000000,0.000000392328,,,,2026-08-31T22:50:20.504Z,,2026-08-31T22:50:28.000Z,2026-08-31T22:50:30.000Z,2026-08-31T22:50:39.010Z,2026-08-31T22:50:39.104Z,2026-08-31T22:50:40.472Z,9.496,18.506,19.968,,,2,9.01,1.462,completed,successo,,processed,,472,01a05c29-1b8d-7e0b-8543-6dfddcbd2cf0,sent,0,1,13,500.00,0.00,0
587,2026-09-01-finalita-1,stablecoin,500.00,EUR,basesepolia,84532,0x91f7b2252256a112fe12ee79ba58e1cb290d21c3,,1,0xea196c046b0bf6e5eb0204def628e882f43af045de23552754f75f321a1ac5d3,,,65388,6000000,0.000000392328,,,,2026-08-31T22:50:20.611Z,,2026-08-31T22:50:40.000Z,2026-08-31T22:50:42.000Z,2026-08-31T22:50:51.606Z,2026-08-31T22:50:51.676Z,2026-08-31T22:50:54.274Z,21.389,30.996,33.663,,,2,9.606,2.668,completed,successo,,processed,,483,01a05c29-8929-7d2e-a6d5-81afad302ea4,sent,0,1,13,500.00,0.00,0
588,2026-09-01-finalita-1,stablecoin,500.00,EUR,basesepolia,84532,0x91f7b2252256a112fe12ee79ba58e1cb290d21c3,,1,0xef981806cca60fb0de14e49fe5a595fbb2fd5805b670b627b1519e6cb31532ad,,,65388,6000000,0.000000392328,,,,2026-08-31T22:50:20.714Z,,2026-08-31T22:50:32.000Z,2026-08-31T22:50:34.000Z,2026-08-31T22:50:41.209Z,2026-08-31T22:50:41.328Z,2026-08-31T22:50:42.599Z,13.286,20.495,21.885,,,2,7.209,1.39,completed,successo,,processed,,476,01a05c29-3c06-73b6-aaaf-e95e61750cf9,sent,0,1,13,500.00,0.00,0
589,2026-09-01-finalita-1,stablecoin,500.00,EUR,basesepolia,84532,0x91f7b2252256a112fe12ee79ba58e1cb290d21c3,,1,0x47d098af64f386ced9c34ef6f7d36afacde555c2a0785c439745d39a640efa37,,,65388,6000000,0.000000392328,,,,2026-08-31T22:50:20.842Z,,2026-08-31T22:50:32.000Z,2026-08-31T22:50:34.000Z,2026-08-31T22:50:40.705Z,2026-08-31T22:50:40.788Z,2026-08-31T22:50:42.552Z,13.158,19.863,21.71,,,2,6.705,1.847,completed,successo,,processed,,475,01a05c29-3194-7bf4-aa7c-bede6b33696e,sent,0,1,13,500.00,0.00,0
590,2026-09-01-finalita-3,stablecoin,25.00,EUR,basesepolia,84532,0x91f7b2252256a112fe12ee79ba58e1cb290d21c3,,3,0xd9a04f22229e9e92d6666f1077a96a0e022afa192282a44bc4b45d46c3fbec43,,,65388,6000000,0.000000392328,,,,2026-08-31T22:51:28.220Z,,2026-08-31T22:51:40.000Z,2026-08-31T22:51:46.000Z,2026-08-31T22:51:51.306Z,2026-08-31T22:51:51.382Z,2026-08-31T22:51:52.401Z,17.78,23.086,24.181,,,6,5.306,1.095,completed,successo,,processed,,485,01a05c29-a667-7a0a-a40a-c5131a1307c2,sent,0,1,13,25.00,0.00,0
591,2026-09-01-finalita-3,stablecoin,25.00,EUR,basesepolia,84532,0x91f7b2252256a112fe12ee79ba58e1cb290d21c3,,3,0x584ee6a6c79691ff2996cc38fa94283b17cc3434c6e6b36b1d690507617ec378,,,60588,6000000,0.000000363528,,,,2026-08-31T22:51:28.313Z,,2026-08-31T22:51:56.000Z,2026-08-31T22:52:02.000Z,2026-08-31T22:52:11.946Z,2026-08-31T22:52:12.052Z,2026-08-31T22:52:14.258Z,33.687,43.633,45.945,,,6,9.946,2.312,completed,successo,,processed,,500,01a05c2a-1f91-7be5-acdd-d9073d797ee4,sent,0,1,13,25.00,0.00,0
592,2026-09-01-finalita-3,stablecoin,25.00,EUR,basesepolia,84532,0x91f7b2252256a112fe12ee79ba58e1cb290d21c3,,3,0xceb166e59e28a4077d87b01de02a3f36ecf86ace2b7bdcc27c231f0ff4e8af2d,,,65388,6000000,0.000000392328,,,,2026-08-31T22:51:28.409Z,,2026-08-31T22:51:42.000Z,2026-08-31T22:51:48.000Z,2026-08-31T22:51:53.114Z,2026-08-31T22:51:53.192Z,2026-08-31T22:51:56.261Z,19.591,24.706,27.852,,,6,5.114,3.147,completed,successo,,processed,,490,01a05c29-c216-7065-8f56-4cbdfa87fb4e,sent,0,1,13,25.00,0.00,0
593,2026-09-01-finalita-3,stablecoin,25.00,EUR,basesepolia,84532,0x91f7b2252256a112fe12ee79ba58e1cb290d21c3,,3,0x2943b75e6e4df71dce8f6fa63d8d7a0b3c9f925de443ac85b049df8e9332403a,,,65388,6000000,0.000000392328,,,,2026-08-31T22:51:28.499Z,,2026-08-31T22:51:50.000Z,2026-08-31T22:51:56.000Z,2026-08-31T22:52:04.723Z,2026-08-31T22:52:04.818Z,2026-08-31T22:52:06.523Z,27.501,36.225,38.024,,,6,8.723,1.8,completed,successo,,processed,,497,01a05c2a-0319-7ebc-a408-20d536dd5891,sent,0,1,13,25.00,0.00,0
594,2026-09-01-finalita-3,stablecoin,25.00,EUR,basesepolia,84532,0x91f7b2252256a112fe12ee79ba58e1cb290d21c3,,3,0xae628abc09230688411415f546f247876634314a77f94f8eec42e33066bfd0bb,,,65388,6000000,0.000000392328,,,,2026-08-31T22:51:28.584Z,,2026-08-31T22:51:48.000Z,2026-08-31T22:51:54.000Z,2026-08-31T22:52:03.143Z,2026-08-31T22:52:03.227Z,2026-08-31T22:52:04.634Z,25.416,34.56,36.05,,,6,9.143,1.491,completed,successo,,processed,,494,01a05c29-e70a-748d-968f-b7a832c4d5f1,sent,0,1,13,25.00,0.00,0
595,2026-09-01-finalita-3,stablecoin,100.00,EUR,basesepolia,84532,0x91f7b2252256a112fe12ee79ba58e1cb290d21c3,,3,0x7fd47a2cf5b0d76313bf12a1dcb63e4e6c871504c087954735d14f034bbb2158,,,65388,6000000,0.000000392328,,,,2026-08-31T22:51:28.673Z,,2026-08-31T22:51:46.000Z,2026-08-31T22:51:52.000Z,2026-08-31T22:52:02.459Z,2026-08-31T22:52:02.547Z,2026-08-31T22:52:04.517Z,23.327,33.786,35.844,,,6,10.459,2.058,completed,successo,,processed,,493,01a05c29-dda8-7b2f-ba9c-79869fbe2a78,sent,0,1,13,100.00,0.00,0
596,2026-09-01-finalita-3,stablecoin,100.00,EUR,basesepolia,84532,0x91f7b2252256a112fe12ee79ba58e1cb290d21c3,,3,0xb4a1a87cf934133551efa2247266c964f040a85cd8bee0cfc04c052a21efa8f9,,,65388,6000000,0.000000392328,,,,2026-08-31T22:51:28.763Z,,2026-08-31T22:51:56.000Z,2026-08-31T22:52:02.000Z,2026-08-31T22:52:11.397Z,2026-08-31T22:52:11.510Z,2026-08-31T22:52:14.172Z,33.237,42.634,45.409,,,6,9.397,2.775,completed,successo,,processed,,499,01a05c2a-172b-7819-bad5-654b0a1d8b80,sent,0,1,13,100.00,0.00,0
597,2026-09-01-finalita-3,stablecoin,100.00,EUR,basesepolia,84532,0x91f7b2252256a112fe12ee79ba58e1cb290d21c3,,3,0x55cd0e2d27d1bf2348d3ba4058c8de2fee9e4e66d148e93c7b12b5ad98395d03,,,65388,6000000,0.000000392328,,,,2026-08-31T22:51:28.853Z,,2026-08-31T22:51:38.000Z,2026-08-31T22:51:44.000Z,2026-08-31T22:51:49.917Z,2026-08-31T22:51:50.000Z,2026-08-31T22:51:52.366Z,15.147,21.064,23.513,,,6,5.917,2.449,completed,successo,,processed,,484,01a05c29-9d6b-786a-882b-ad2c340ea3a0,sent,0,1,13,100.00,0.00,0
598,2026-09-01-finalita-3,stablecoin,100.00,EUR,basesepolia,84532,0x91f7b2252256a112fe12ee79ba58e1cb290d21c3,,3,0x2eca04775ae42949142114fd61b588be78619c03b1d911bd59d48ee248003f64,,,65388,6000000,0.000000392328,,,,2026-08-31T22:51:28.929Z,,2026-08-31T22:51:42.000Z,2026-08-31T22:51:48.000Z,2026-08-31T22:51:52.537Z,2026-08-31T22:51:52.616Z,2026-08-31T22:51:54.332Z,19.071,23.609,25.403,,,6,4.537,1.795,completed,successo,,processed,,487,01a05c29-b928-7533-93f6-d88dec655cc0,sent,0,1,13,100.00,0.00,0
599,2026-09-01-finalita-3,stablecoin,100.00,EUR,basesepolia,84532,0x91f7b2252256a112fe12ee79ba58e1cb290d21c3,,3,0x0048b91756d3e5efc653ec9f82fd37e222722f7c404b31abdaa14dffe15d55cc,,,65388,6000000,0.000000392328,,,,2026-08-31T22:51:29.021Z,,2026-08-31T22:51:40.000Z,2026-08-31T22:51:46.000Z,2026-08-31T22:51:51.849Z,2026-08-31T22:51:51.927Z,2026-08-31T22:51:54.304Z,16.979,22.828,25.283,,,6,5.849,2.455,completed,successo,,processed,,486,01a05c29-afd2-78d6-a4c2-122a21235ad1,sent,0,1,13,100.00,0.00,0
600,2026-09-01-finalita-3,stablecoin,500.00,EUR,basesepolia,84532,0x91f7b2252256a112fe12ee79ba58e1cb290d21c3,,3,0xc1788c0c5f5b5880c0a47f2541fea2d2081cc71012e6f9a9a4aaf19705bb376b,,,65388,6000000,0.000000392328,,,,2026-08-31T22:51:29.106Z,,2026-08-31T22:51:44.000Z,2026-08-31T22:51:50.000Z,2026-08-31T22:51:59.987Z,2026-08-31T22:52:00.108Z,2026-08-31T22:52:02.302Z,20.894,30.88,33.196,,,6,9.987,2.315,completed,successo,,processed,,491,01a05c29-cabc-7ed5-80e7-3bdeef1cadc9,sent,0,1,13,500.00,0.00,0
601,2026-09-01-finalita-3,stablecoin,500.00,EUR,basesepolia,84532,0x91f7b2252256a112fe12ee79ba58e1cb290d21c3,,3,0x80fcc421c6d220a40661c658ca1c29101b18998c31613b09bf3cf3957f46e29f,,,65388,6000000,0.000000392328,,,,2026-08-31T22:51:29.189Z,,2026-08-31T22:51:44.000Z,2026-08-31T22:51:50.000Z,2026-08-31T22:52:01.875Z,2026-08-31T22:52:01.966Z,2026-08-31T22:52:04.405Z,20.811,32.686,35.216,,,6,11.875,2.53,completed,successo,,processed,,492,01a05c29-d476-7d78-ae2f-04426a0f3b9e,sent,0,1,13,500.00,0.00,0
602,2026-09-01-finalita-3,stablecoin,500.00,EUR,basesepolia,84532,0x91f7b2252256a112fe12ee79ba58e1cb290d21c3,,3,0x09228ffc28e7c87779d6e70497648f92a01af2038e6c2ff97260fa8d1c36ce1b,,,65388,6000000,0.000000392328,,,,2026-08-31T22:51:29.279Z,,2026-08-31T22:51:50.000Z,2026-08-31T22:51:56.000Z,2026-08-31T22:52:04.124Z,2026-08-31T22:52:04.206Z,2026-08-31T22:52:06.325Z,26.721,34.845,37.046,,,6,8.124,2.201,completed,successo,,processed,,496,01a05c29-fa10-78e7-8f58-ae3d0eb6eca7,sent,0,1,13,500.00,0.00,0
603,2026-09-01-finalita-3,stablecoin,500.00,EUR,basesepolia,84532,0x91f7b2252256a112fe12ee79ba58e1cb290d21c3,,3,0xa6fb81d8b19ac81d9aeab4f861d222afa0895155fd68da94b2bda35f1ea6deec,,,65388,6000000,0.000000392328,,,,2026-08-31T22:51:29.379Z,,2026-08-31T22:51:52.000Z,2026-08-31T22:51:58.000Z,2026-08-31T22:52:05.388Z,2026-08-31T22:52:05.473Z,2026-08-31T22:52:08.251Z,28.621,36.009,38.872,,,6,7.388,2.863,completed,successo,,processed,,498,01a05c2a-0e09-7ed9-8b15-4ba38e226ca5,sent,0,1,13,500.00,0.00,0
604,2026-09-01-finalita-3,stablecoin,500.00,EUR,basesepolia,84532,0x91f7b2252256a112fe12ee79ba58e1cb290d21c3,,3,0x365bb011b2446b637610e65237735828d9b1d6b16fd83a34e28478a40272c8ff,,,65388,6000000,0.000000392328,,,,2026-08-31T22:51:29.468Z,,2026-08-31T22:51:48.000Z,2026-08-31T22:51:54.000Z,2026-08-31T22:52:03.626Z,2026-08-31T22:52:03.702Z,2026-08-31T22:52:06.335Z,24.532,34.158,36.867,,,6,9.626,2.709,completed,successo,,processed,,495,01a05c29-f0f6-7370-a23e-74aff00d192b,sent,0,1,13,500.00,0.00,0
605,2026-09-01-finalita-6,stablecoin,25.00,EUR,basesepolia,84532,0x91f7b2252256a112fe12ee79ba58e1cb290d21c3,,6,0x54099f9295df100a07f53f752a3d56168b16c9a9e8034879556869afa255489d,,,65376,6000000,0.000000392256,,,,2026-08-31T22:52:55.008Z,,2026-08-31T22:53:06.000Z,2026-08-31T22:53:18.000Z,2026-08-31T22:53:29.392Z,2026-08-31T22:53:29.492Z,2026-08-31T22:53:30.682Z,22.992,34.384,35.674,,,12,11.392,1.29,completed,successo,,processed,,507,01a05c2a-6751-7d78-9762-28164e31e1f0,sent,0,1,13,25.00,0.00,0
606,2026-09-01-finalita-6,stablecoin,25.00,EUR,basesepolia,84532,0x91f7b2252256a112fe12ee79ba58e1cb290d21c3,,6,0xa14ce31537efc9f0fd5a1568e49861489f11a9792506dd2153658b99ede703b6,,,65376,6000000,0.000000392256,,,,2026-08-31T22:52:55.088Z,,2026-08-31T22:53:10.000Z,2026-08-31T22:53:22.000Z,2026-08-31T22:53:30.769Z,2026-08-31T22:53:30.877Z,2026-08-31T22:53:32.505Z,26.912,35.681,37.417,,,12,8.769,1.736,completed,successo,,processed,,509,01a05c2a-7a14-7902-8161-515ac8d72f35,sent,0,1,13,25.00,0.00,0
607,2026-09-01-finalita-6,stablecoin,25.00,EUR,basesepolia,84532,0x91f7b2252256a112fe12ee79ba58e1cb290d21c3,,6,0xd8ed9383992acf7f0f7a009b84d214bfc554516b3d113240e00f31999f65ace5,,,60576,6000000,0.000000363456,,,,2026-08-31T22:52:55.169Z,,2026-08-31T22:53:16.000Z,2026-08-31T22:53:28.000Z,2026-08-31T22:53:39.804Z,2026-08-31T22:53:39.880Z,2026-08-31T22:53:42.235Z,32.831,44.634,47.066,,,12,11.804,2.431,completed,successo,,processed,,515,01a05c2a-b7be-7319-9ac6-30281dd2e44e,sent,0,1,13,25.00,0.00,0
608,2026-09-01-finalita-6,stablecoin,25.00,EUR,basesepolia,84532,0x91f7b2252256a112fe12ee79ba58e1cb290d21c3,,6,0x585c981e24c6fe37d6a3ba4cb5fc98d10b03029246adeeac77a4e58633d92470,,,65388,6000000,0.000000392328,,,,2026-08-31T22:52:55.244Z,,2026-08-31T22:53:04.000Z,2026-08-31T22:53:16.000Z,2026-08-31T22:53:27.687Z,2026-08-31T22:53:27.763Z,2026-08-31T22:53:30.341Z,20.756,32.444,35.097,,,12,11.687,2.654,completed,successo,,processed,,504,01a05c2a-4923-73ce-941c-c8d7f5b912da,sent,0,1,13,25.00,0.00,0
609,2026-09-01-finalita-6,stablecoin,25.00,EUR,basesepolia,84532,0x91f7b2252256a112fe12ee79ba58e1cb290d21c3,,6,0x77e2becf887f3a16322e72e873d1889df6a4636e6e6967aa2ecda6e6f1d4ad8d,,,65388,6000000,0.000000392328,,,,2026-08-31T22:52:55.320Z,,2026-08-31T22:53:06.000Z,2026-08-31T22:53:18.000Z,2026-08-31T22:53:28.876Z,2026-08-31T22:53:28.963Z,2026-08-31T22:53:30.619Z,22.68,33.556,35.299,,,12,10.876,1.743,completed,successo,,processed,,506,01a05c2a-5d34-7452-b50f-acf42eb10438,sent,0,1,13,25.00,0.00,0
610,2026-09-01-finalita-6,stablecoin,100.00,EUR,basesepolia,84532,0x91f7b2252256a112fe12ee79ba58e1cb290d21c3,,6,0x040da18a172b17d174e73dc33d4815ba0a47cdcaed9153c620e6929289044287,,,65388,6000000,0.000000392328,,,,2026-08-31T22:52:55.416Z,,2026-08-31T22:53:04.000Z,2026-08-31T22:53:16.000Z,2026-08-31T22:53:28.188Z,2026-08-31T22:53:28.268Z,2026-08-31T22:53:30.424Z,20.584,32.772,35.008,,,12,12.188,2.236,completed,successo,,processed,,505,01a05c2a-529f-7e21-aade-031be69ee862,sent,0,1,13,100.00,0.00,0
611,2026-09-01-finalita-6,stablecoin,100.00,EUR,basesepolia,84532,0x91f7b2252256a112fe12ee79ba58e1cb290d21c3,,6,0x9d3f37310e1705885241aa4e4aef2207a638611c92dc8740c823a4d7bd2161cc,,,65388,6000000,0.000000392328,,,,2026-08-31T22:52:55.503Z,,2026-08-31T22:53:02.000Z,2026-08-31T22:53:14.000Z,2026-08-31T22:53:21.312Z,2026-08-31T22:53:21.410Z,2026-08-31T22:53:24.132Z,18.497,25.81,28.629,,,12,7.312,2.82,completed,successo,,processed,,503,01a05c2a-3f2e-7174-ae27-089c3eb32a61,sent,0,1,13,100.00,0.00,0
612,2026-09-01-finalita-6,stablecoin,100.00,EUR,basesepolia,84532,0x91f7b2252256a112fe12ee79ba58e1cb290d21c3,,6,0xc3b3029276caa15d3f623d53cccbf64560d82fed95af6929275b6bc4e2fae3f4,,,65376,6000000,0.000000392256,,,,2026-08-31T22:52:55.590Z,,2026-08-31T22:53:14.000Z,2026-08-31T22:53:26.000Z,2026-08-31T22:53:33.215Z,2026-08-31T22:53:33.313Z,2026-08-31T22:53:36.151Z,30.41,37.625,40.561,,,12,7.215,2.936,completed,successo,,processed,,513,01a05c2a-a49f-76b9-97ff-05cbc33fcae4,sent,0,1,13,100.00,0.00,0
613,2026-09-01-finalita-6,stablecoin,100.00,EUR,basesepolia,84532,0x91f7b2252256a112fe12ee79ba58e1cb290d21c3,,6,0x1159a606baea5307b532f3999f02d2285d43b6f00dd5b2f082fdbd9c0a4acd9f,,,65388,6000000,0.000000392328,,,,2026-08-31T22:52:55.664Z,,2026-08-31T22:53:10.000Z,2026-08-31T22:53:22.000Z,2026-08-31T22:53:31.307Z,2026-08-31T22:53:31.381Z,2026-08-31T22:53:34.482Z,26.336,35.643,38.818,,,12,9.307,3.175,completed,successo,,processed,,510,01a05c2a-88d0-7e66-972a-44d9f11be677,sent,0,1,13,100.00,0.00,0
614,2026-09-01-finalita-6,stablecoin,100.00,EUR,basesepolia,84532,0x91f7b2252256a112fe12ee79ba58e1cb290d21c3,,6,0x60c481dbf5a0054d4ec9b8db2a0cd05d587690a9eeec623677807ea5990164e2,,,65388,6000000,0.000000392328,,,,2026-08-31T22:52:55.743Z,,2026-08-31T22:53:12.000Z,2026-08-31T22:53:24.000Z,2026-08-31T22:53:32.539Z,2026-08-31T22:53:32.611Z,2026-08-31T22:53:34.349Z,28.257,36.797,38.606,,,12,8.539,1.81,completed,successo,,processed,,512,01a05c2a-9bba-76da-b092-86d2004c7757,sent,0,1,13,100.00,0.00,0
615,2026-09-01-finalita-6,stablecoin,500.00,EUR,basesepolia,84532,0x91f7b2252256a112fe12ee79ba58e1cb290d21c3,,6,0x34be34a2ffa8db34f5d72296da633b7827523bab965dca0ff9ea297be1344980,,,65388,6000000,0.000000392328,,,,2026-08-31T22:52:55.817Z,,2026-08-31T22:53:00.000Z,2026-08-31T22:53:12.000Z,2026-08-31T22:53:19.379Z,2026-08-31T22:53:19.476Z,2026-08-31T22:53:22.225Z,16.183,23.561,26.408,,,12,7.379,2.846,completed,successo,,processed,,501,01a05c2a-2998-7e88-9e05-76140c77a01c,sent,0,1,13,500.00,0.00,0
616,2026-09-01-finalita-6,stablecoin,500.00,EUR,basesepolia,84532,0x91f7b2252256a112fe12ee79ba58e1cb290d21c3,,6,0x9ace644d33a8b493171d67b962e944becaf041aad56cb7e3500c54f8a7644e16,,,65388,6000000,0.000000392328,,,,2026-08-31T22:52:55.893Z,,2026-08-31T22:53:02.000Z,2026-08-31T22:53:14.000Z,2026-08-31T22:53:20.888Z,,,18.107,24.996,,,,12,6.888,,completed,successo,,,,502,01a05c2a-3287-7823-a8a3-76f8d2080035,sent,0,1,13,500.00,0.00,0
617,2026-09-01-finalita-6,stablecoin,500.00,EUR,basesepolia,84532,0x91f7b2252256a112fe12ee79ba58e1cb290d21c3,,6,0x3aa70f983df6f51041a854fc6013954e8c028d4906be0f6cd1225145828c223f,,,65388,6000000,0.000000392328,,,,2026-08-31T22:52:55.964Z,,2026-08-31T22:53:08.000Z,2026-08-31T22:53:20.000Z,2026-08-31T22:53:30.046Z,2026-08-31T22:53:30.141Z,2026-08-31T22:53:32.461Z,24.036,34.082,36.497,,,12,10.046,2.415,completed,successo,,processed,,508,01a05c2a-70aa-72b7-83b3-57948bb7a24b,sent,0,1,13,500.00,0.00,0
618,2026-09-01-finalita-6,stablecoin,500.00,EUR,basesepolia,84532,0x91f7b2252256a112fe12ee79ba58e1cb290d21c3,,6,0xc6b400eb6621c3c68acd5347ea36286b7593c2d9040d5c0e2ce964181c7c82b1,,,65388,6000000,0.000000392328,,,,2026-08-31T22:52:56.044Z,,2026-08-31T22:53:14.000Z,2026-08-31T22:53:26.000Z,2026-08-31T22:53:33.740Z,2026-08-31T22:53:33.850Z,2026-08-31T22:53:36.238Z,29.956,37.696,40.194,,,12,7.74,2.498,completed,successo,,processed,,514,01a05c2a-adf5-7a07-bdbf-b38c07db0e10,sent,0,1,13,500.00,0.00,0
619,2026-09-01-finalita-6,stablecoin,500.00,EUR,basesepolia,84532,0x91f7b2252256a112fe12ee79ba58e1cb290d21c3,,6,0x8b21b1d92d6a632ad67727954676935c0511ecac507c8cafc568efc48c06fb3a,,,65388,6000000,0.000000392328,,,,2026-08-31T22:52:56.124Z,,2026-08-31T22:53:12.000Z,2026-08-31T22:53:24.000Z,2026-08-31T22:53:31.931Z,2026-08-31T22:53:32.017Z,2026-08-31T22:53:34.302Z,27.876,35.807,38.178,,,12,7.931,2.371,completed,successo,,processed,,511,01a05c2a-9235-7e18-bf25-b0267ddda945,sent,0,1,13,500.00,0.00,0
620,2026-09-01-finalita-24,stablecoin,25.00,EUR,basesepolia,84532,0x91f7b2252256a112fe12ee79ba58e1cb290d21c3,,24,0xb1669ef4cc7f3d13b27618e3d12302aebabf7b0ef6d4c75f3034a99c4b4441fe,,,65388,6000000,0.000000392328,,,,2026-08-31T22:54:24.952Z,,2026-08-31T22:54:48.000Z,2026-08-31T22:55:36.000Z,2026-08-31T22:55:41.073Z,2026-08-31T22:55:41.156Z,2026-08-31T22:55:44.167Z,71.048,76.121,79.215,,,48,5.073,3.094,completed,successo,,processed,,493,01a05c29-f022-7254-8c83-3738ed2be0b1,sent,0,1,13,25.00,0.00,0
621,2026-09-01-finalita-24,stablecoin,25.00,EUR,basesepolia,84532,0x91f7b2252256a112fe12ee79ba58e1cb290d21c3,,24,0xc62c916e4d134ab517a56f520f459be9e7fc746ced6daa8069559551daf7f2ed,,,65376,6000000,0.000000392256,,,,2026-08-31T22:54:25.042Z,,2026-08-31T22:54:48.000Z,2026-08-31T22:55:36.000Z,2026-08-31T22:55:41.606Z,,,70.958,76.564,,,,48,5.606,,completed,successo,,,,494,01a05c29-f91a-7a90-a188-95823ddf01bd,sent,0,1,13,25.00,0.00,0
622,2026-09-01-finalita-24,stablecoin,25.00,EUR,basesepolia,84532,0x91f7b2252256a112fe12ee79ba58e1cb290d21c3,,24,0xe4e6cd3ac9c4a6dbc7c93fbcf33a8ba330d8db49f9f3ff12b035d9ea2d5be9b8,,,65388,6000000,0.000000392328,,,,2026-08-31T22:54:25.133Z,,2026-08-31T22:54:44.000Z,2026-08-31T22:55:32.000Z,2026-08-31T22:55:39.076Z,2026-08-31T22:55:39.162Z,2026-08-31T22:55:42.514Z,66.867,73.943,77.381,,,48,7.076,3.438,completed,successo,,processed,,490,01a05c29-d26c-7516-b650-ea61c1500f8f,sent,0,1,13,25.00,0.00,0
623,2026-09-01-finalita-24,stablecoin,25.00,EUR,basesepolia,84532,0x91f7b2252256a112fe12ee79ba58e1cb290d21c3,,24,0xb6ce0e79c212b75cc0389aa1aabc7b4fdf55251b20e7821569017cfc91931d5c,,,65388,6000000,0.000000392328,,,,2026-08-31T22:54:25.227Z,,2026-08-31T22:54:42.000Z,2026-08-31T22:55:30.000Z,2026-08-31T22:55:37.879Z,2026-08-31T22:55:37.963Z,2026-08-31T22:55:40.418Z,64.773,72.652,75.191,,,48,7.879,2.539,completed,successo,,processed,,489,01a05c29-bf4b-7132-a2f9-ea1bdcd6d4b2,sent,0,1,13,25.00,0.00,0
624,2026-09-01-finalita-24,stablecoin,25.00,EUR,basesepolia,84532,0x91f7b2252256a112fe12ee79ba58e1cb290d21c3,,24,0xd12b6a8d21284837b23ebad9b18f3e93dd1c8e9583782edd19375f5680a2d59e,,,65388,6000000,0.000000392328,,,,2026-08-31T22:54:25.306Z,,2026-08-31T22:54:50.000Z,2026-08-31T22:55:38.000Z,2026-08-31T22:55:47.533Z,2026-08-31T22:55:47.696Z,2026-08-31T22:55:50.223Z,72.694,82.227,84.917,,,48,9.533,2.69,completed,successo,,processed,,495,01a05c2a-027e-729d-9ff5-5a1b6909595b,sent,0,1,13,25.00,0.00,0
625,2026-09-01-finalita-24,stablecoin,100.00,EUR,basesepolia,84532,0x91f7b2252256a112fe12ee79ba58e1cb290d21c3,,24,0x45d12884dc6c3eccd23c1898ffe4ec6c70529feaa97eb1769ce9008edeec16c2,,,65388,6000000,0.000000392328,,,,2026-08-31T22:54:25.403Z,,2026-08-31T22:54:40.000Z,2026-08-31T22:55:28.000Z,2026-08-31T22:55:31.818Z,,,62.597,66.415,,,,48,3.818,,completed,successo,,,,488,01a05c29-b58d-794f-9890-deeb985f8ae4,sent,0,1,13,100.00,0.00,0
626,2026-09-01-finalita-24,stablecoin,100.00,EUR,basesepolia,84532,0x91f7b2252256a112fe12ee79ba58e1cb290d21c3,,24,0x5c3f259cc57da7c8552f9fee6e5ee181c2ca6ad00e9fa1205eb6820508d1b908,,,65388,6000000,0.000000392328,,,,2026-08-31T22:54:25.489Z,,2026-08-31T22:54:38.000Z,2026-08-31T22:55:26.000Z,2026-08-31T22:55:30.687Z,2026-08-31T22:55:30.764Z,2026-08-31T22:55:32.476Z,60.511,65.198,66.987,,,48,4.687,1.789,completed,successo,,processed,,486,01a05c29-a0e0-705a-9fec-cea2e29df8ea,sent,0,1,13,100.00,0.00,0
627,2026-09-01-finalita-24,stablecoin,100.00,EUR,basesepolia,84532,0x91f7b2252256a112fe12ee79ba58e1cb290d21c3,,24,0xfed69e438f98374354c671b613d130d5f07bd21980500e84bfdfab9f5a4d6254,,,65388,6000000,0.000000392328,,,,2026-08-31T22:54:25.571Z,,2026-08-31T22:54:38.000Z,2026-08-31T22:55:26.000Z,2026-08-31T22:55:31.194Z,2026-08-31T22:55:31.278Z,2026-08-31T22:55:34.202Z,60.429,65.623,68.631,,,48,5.194,3.008,completed,successo,,processed,,487,01a05c29-ac52-7be9-b5df-68ee36587320,sent,0,1,13,100.00,0.00,0
628,2026-09-01-finalita-24,stablecoin,100.00,EUR,basesepolia,84532,0x91f7b2252256a112fe12ee79ba58e1cb290d21c3,,24,0x46e596c0f084bd1f95cbecb1c73f6b1d9580423f8db982c93eac89d7e57ed372,,,65388,6000000,0.000000392328,,,,2026-08-31T22:54:25.659Z,,2026-08-31T22:54:36.000Z,2026-08-31T22:55:24.000Z,2026-08-31T22:55:28.710Z,2026-08-31T22:55:28.798Z,2026-08-31T22:55:32.302Z,58.341,63.051,66.643,,,48,4.71,3.592,completed,successo,,processed,,484,01a05c29-8eb2-7103-aff5-b9bafb47dc24,sent,0,1,13,100.00,0.00,0
629,2026-09-01-finalita-24,stablecoin,100.00,EUR,basesepolia,84532,0x91f7b2252256a112fe12ee79ba58e1cb290d21c3,,24,0xaf89a20284502c7c64c1db064ce721349bcfd825550f1ffbe6d7df0d04fa9c5e,,,60588,6000000,0.000000363528,,,,2026-08-31T22:54:25.755Z,,2026-08-31T22:54:52.000Z,2026-08-31T22:55:40.000Z,2026-08-31T22:55:49.040Z,2026-08-31T22:55:49.192Z,2026-08-31T22:55:50.416Z,74.245,83.285,84.661,,,48,9.04,1.376,completed,successo,,processed,,497,01a05c2a-160e-765f-99bc-804c90b0c0cd,sent,0,1,13,100.00,0.00,0
630,2026-09-01-finalita-24,stablecoin,500.00,EUR,basesepolia,84532,0x91f7b2252256a112fe12ee79ba58e1cb290d21c3,,24,0xa281e0def42afa2c5b9ebaa6524de4fcb2e7e1b6771d1de3f910079ea9c13112,,,65388,6000000,0.000000392328,,,,2026-08-31T22:54:25.842Z,,2026-08-31T22:54:46.000Z,2026-08-31T22:55:34.000Z,2026-08-31T22:55:39.774Z,2026-08-31T22:55:39.868Z,2026-08-31T22:55:42.327Z,68.158,73.933,76.485,,,48,5.774,2.553,completed,successo,,processed,,491,01a05c29-dc9c-7810-9804-c4c54b0b7787,sent,0,1,13,500.00,0.00,0
631,2026-09-01-finalita-24,stablecoin,500.00,EUR,basesepolia,84532,0x91f7b2252256a112fe12ee79ba58e1cb290d21c3,,24,0xd656f5fa35fcc6e14b6134e25feadf2706a07bfca223223fb64196e37ac6b021,,,65388,6000000,0.000000392328,,,,2026-08-31T22:54:25.927Z,,2026-08-31T22:54:50.000Z,2026-08-31T22:55:38.000Z,2026-08-31T22:55:48.237Z,2026-08-31T22:55:48.376Z,2026-08-31T22:55:50.254Z,72.073,82.31,84.327,,,48,10.237,2.017,completed,successo,,processed,,496,01a05c2a-0c68-7eee-8231-c6ea96d00370,sent,0,1,13,500.00,0.00,0
632,2026-09-01-finalita-24,stablecoin,500.00,EUR,basesepolia,84532,0x91f7b2252256a112fe12ee79ba58e1cb290d21c3,,24,0xc3d7968268a8e21faebb3c52091ae6d2d356021529aaf713729437babb5699d0,,,65376,6000000,0.000000392256,,,,2026-08-31T22:54:26.011Z,,2026-08-31T22:54:46.000Z,2026-08-31T22:55:34.000Z,2026-08-31T22:55:40.437Z,2026-08-31T22:55:40.518Z,2026-08-31T22:55:42.278Z,67.989,74.427,76.267,,,48,6.437,1.841,completed,successo,,processed,,492,01a05c29-e5f4-781c-a09c-bf9e907a00ca,sent,0,1,13,500.00,0.00,0
633,2026-09-01-finalita-24,stablecoin,500.00,EUR,basesepolia,84532,0x91f7b2252256a112fe12ee79ba58e1cb290d21c3,,24,0xe12f310b9aa38b16233585f5099df4b46276b894594b87b2d75644b31f803a1b,,,65388,6000000,0.000000392328,,,,2026-08-31T22:54:26.090Z,,2026-08-31T22:54:36.000Z,2026-08-31T22:55:24.000Z,2026-08-31T22:55:30.048Z,2026-08-31T22:55:30.136Z,2026-08-31T22:55:32.307Z,57.91,63.959,66.217,,,48,6.048,2.259,completed,successo,,processed,,485,01a05c29-97e9-746a-ac99-fa358a8ce8f8,sent,0,1,13,500.00,0.00,0
634,2026-09-01-finalita-24,stablecoin,500.00,EUR,basesepolia,84532,0x91f7b2252256a112fe12ee79ba58e1cb290d21c3,,24,0x3eb477ed55aa9d952e0e5a82c07c472d265fd73fafa7eb6a4ba21f4cc0b84fa3,,,65388,6000000,0.000000392328,,,,2026-08-31T22:54:26.169Z,,2026-08-31T22:54:44.000Z,2026-08-31T22:55:32.000Z,2026-08-31T22:55:38.518Z,2026-08-31T22:55:38.593Z,2026-08-31T22:55:40.423Z,65.831,72.349,74.254,,,48,6.518,1.905,completed,successo,,processed,,490,01a05c29-c8cb-72ff-9133-017ded3eb85a,sent,0,1,13,500.00,0.00,0
635,2026-09-01-finalita-safe,stablecoin,25.00,EUR,basesepolia,84532,0x91f7b2252256a112fe12ee79ba58e1cb290d21c3,safe,0,0xea0a6dddf5292255cafec8fcac5bad63bb41967aeb292ee221ec3aa46b25fcdf,,,65388,6000000,0.000000392328,,,,2026-08-31T23:28:29.594Z,,2026-08-31T23:28:48.000Z,2026-08-31T23:30:22.000Z,2026-08-31T23:31:01.277Z,2026-08-31T23:31:01.360Z,2026-08-31T23:31:03.043Z,112.406,151.682,153.449,,,94,39.277,1.766,completed,successo,,processed,,506,01a05c2a-68e6-7ad1-9a75-191fafa343f4,sent,0,1,13,25.00,0.00,0
636,2026-09-01-finalita-safe,stablecoin,25.00,EUR,basesepolia,84532,0x91f7b2252256a112fe12ee79ba58e1cb290d21c3,safe,0,0x4af1231ca896aa455edd6f119a9c35f758d5d74e7ee30b9e842bf036d306a1b1,,,65388,6000000,0.000000392328,,,,2026-08-31T23:28:29.667Z,,2026-08-31T23:28:40.000Z,2026-08-31T23:30:22.000Z,2026-08-31T23:30:58.087Z,2026-08-31T23:30:58.170Z,2026-08-31T23:31:00.444Z,112.333,148.42,150.777,,,102,36.087,2.357,completed,successo,,processed,,500,01a05c2a-34e2-7d62-b61e-ebda0ad8574e,sent,0,1,13,25.00,0.00,0
637,2026-09-01-finalita-safe,stablecoin,25.00,EUR,basesepolia,84532,0x91f7b2252256a112fe12ee79ba58e1cb290d21c3,safe,0,0x2bf88b9f46e728f6066341437d2f3d191e541a9d48c315c15edd8b713eee6c00,,,65388,6000000,0.000000392328,,,,2026-08-31T23:28:29.754Z,,2026-08-31T23:28:42.000Z,2026-08-31T23:30:22.000Z,2026-08-31T23:30:59.654Z,,,112.246,149.9,,,,100,37.654,,completed,successo,,,,503,01a05c2a-4dec-738a-8c04-78099fd83852,sent,0,1,13,25.00,0.00,0
638,2026-09-01-finalita-safe,stablecoin,25.00,EUR,basesepolia,84532,0x91f7b2252256a112fe12ee79ba58e1cb290d21c3,safe,0,0x4a1ee069e2111f0be0ce9b1dfc8b2983bca15d1f961487eb4b8f60df90310999,,,65388,6000000,0.000000392328,,,,2026-08-31T23:28:29.832Z,,2026-08-31T23:28:52.000Z,2026-08-31T23:30:22.000Z,2026-08-31T23:31:03.656Z,2026-08-31T23:31:03.747Z,2026-08-31T23:31:06.467Z,112.168,153.824,156.635,,,90,41.656,2.811,completed,successo,,processed,,510,01a05c2a-8c6f-7a05-a343-53daecf14b40,sent,0,1,13,25.00,0.00,0
639,2026-09-01-finalita-safe,stablecoin,25.00,EUR,basesepolia,84532,0x91f7b2252256a112fe12ee79ba58e1cb290d21c3,safe,0,0xf75c30d84b07f1b7610d99b85b07698cea2fa5883ca987ec369d1b3c1b9b87d7,,,65388,6000000,0.000000392328,,,,2026-08-31T23:28:29.901Z,,2026-08-31T23:28:42.000Z,2026-08-31T23:30:22.000Z,2026-08-31T23:30:59.142Z,2026-08-31T23:30:59.223Z,2026-08-31T23:31:02.325Z,112.099,149.241,152.424,,,100,37.142,3.183,completed,successo,,processed,,502,01a05c2a-4688-7cef-ac20-b1c28445f571,sent,0,1,13,25.00,0.00,0
640,2026-09-01-finalita-safe,stablecoin,100.00,EUR,basesepolia,84532,0x91f7b2252256a112fe12ee79ba58e1cb290d21c3,safe,0,0x05140057dac77c00d130dd3479cc67e2f614708085ea6de7c0bb83d7a4ecad33,,,65388,6000000,0.000000392328,,,,2026-08-31T23:28:29.972Z,,2026-08-31T23:28:48.000Z,2026-08-31T23:30:22.000Z,2026-08-31T23:31:01.768Z,2026-08-31T23:31:01.859Z,2026-08-31T23:31:04.529Z,112.028,151.796,154.557,,,94,39.768,2.761,completed,successo,,processed,,507,01a05c2a-7164-78d4-bc91-c56b96f4d657,sent,0,1,13,100.00,0.00,0
641,2026-09-01-finalita-safe,stablecoin,100.00,EUR,basesepolia,84532,0x91f7b2252256a112fe12ee79ba58e1cb290d21c3,safe,0,0x6229e5b95ff93f3945c9476ae81af1b6821fcad41262c3dae0115f8e40b8ff92,,,65376,6000000,0.000000392256,,,,2026-08-31T23:28:30.050Z,,2026-08-31T23:28:38.000Z,2026-08-31T23:30:22.000Z,2026-08-31T23:30:57.560Z,2026-08-31T23:30:57.660Z,2026-08-31T23:31:00.309Z,111.95,147.51,150.259,,,104,35.56,2.749,completed,successo,,processed,,499,01a05c2a-2b59-73a3-859c-291a505bda03,sent,0,1,13,100.00,0.00,0
642,2026-09-01-finalita-safe,stablecoin,100.00,EUR,basesepolia,84532,0x91f7b2252256a112fe12ee79ba58e1cb290d21c3,safe,0,0xf9c6ffca0bf282676ae06d1a242bff9c83669236ca547292885f82698cd0991e,,,65388,6000000,0.000000392328,,,,2026-08-31T23:28:30.122Z,,2026-08-31T23:28:44.000Z,2026-08-31T23:30:22.000Z,2026-08-31T23:31:00.054Z,2026-08-31T23:31:00.147Z,2026-08-31T23:31:02.621Z,111.878,149.932,152.499,,,98,38.054,2.567,completed,successo,,processed,,504,01a05c2a-57b8-7565-9e0f-1b146bbf0934,sent,0,1,13,100.00,0.00,0
643,2026-09-01-finalita-safe,stablecoin,100.00,EUR,basesepolia,84532,0x91f7b2252256a112fe12ee79ba58e1cb290d21c3,safe,0,0x114a9a89a59a5774d1be7ef0d2790cb1fb8d351740d06f3efc76a48da1388e52,,,65388,6000000,0.000000392328,,,,2026-08-31T23:28:30.203Z,,2026-08-31T23:28:40.000Z,2026-08-31T23:30:22.000Z,2026-08-31T23:30:58.658Z,2026-08-31T23:30:58.734Z,2026-08-31T23:31:00.573Z,111.797,148.455,150.37,,,102,36.658,1.915,completed,successo,,processed,,501,01a05c2a-3e4a-79c0-8ec3-195512db15e0,sent,0,1,13,100.00,0.00,0
644,2026-09-01-finalita-safe,stablecoin,100.00,EUR,basesepolia,84532,0x91f7b2252256a112fe12ee79ba58e1cb290d21c3,safe,0,0xd0d954cec13998db3b982799d80640ff8ac920146c79fdb0c76a3cc8dfca5275,,,65388,6000000,0.000000392328,,,,2026-08-31T23:28:30.286Z,,2026-08-31T23:28:52.000Z,2026-08-31T23:30:22.000Z,2026-08-31T23:31:03.161Z,2026-08-31T23:31:03.260Z,2026-08-31T23:31:06.336Z,111.714,152.875,156.05,,,90,41.161,3.175,completed,successo,,processed,,509,01a05c2a-82a7-7ae9-876f-5693b28545de,sent,0,1,13,100.00,0.00,0
645,2026-09-01-finalita-safe,stablecoin,500.00,EUR,basesepolia,84532,0x91f7b2252256a112fe12ee79ba58e1cb290d21c3,safe,0,0xc0320301da1eb2ce003e96e31085382d36465edc2e66f881c6d0a3f3c484fd4b,,,65388,6000000,0.000000392328,,,,2026-08-31T23:28:30.365Z,,2026-08-31T23:28:50.000Z,2026-08-31T23:30:22.000Z,2026-08-31T23:31:02.424Z,2026-08-31T23:31:02.512Z,2026-08-31T23:31:04.689Z,111.635,152.059,154.324,,,92,40.424,2.265,completed,successo,,processed,,508,01a05c2a-79a4-7cbf-bc74-5fde96dcbb45,sent,0,1,13,500.00,0.00,0
646,2026-09-01-finalita-safe,stablecoin,500.00,EUR,basesepolia,84532,0x91f7b2252256a112fe12ee79ba58e1cb290d21c3,safe,0,0x43bbabfbe0d75c99f2da290229c1378f39463015dbc56690bda07ca07da02319,,,60588,6000000,0.000000363528,,,,2026-08-31T23:28:30.445Z,,2026-08-31T23:28:54.000Z,2026-08-31T23:30:22.000Z,2026-08-31T23:31:04.748Z,,,111.555,154.303,,,,88,42.748,,completed,successo,,,,511,01a05c2a-a1e7-7026-9598-b6cf745c4592,sent,0,1,13,500.00,0.00,0
647,2026-09-01-finalita-safe,stablecoin,500.00,EUR,basesepolia,84532,0x91f7b2252256a112fe12ee79ba58e1cb290d21c3,safe,0,0xed1c0888404e80871427a7afbac16de72967bc7777dbba16f976182dbb936037,,,65388,6000000,0.000000392328,,,,2026-08-31T23:28:30.522Z,,2026-08-31T23:28:48.000Z,2026-08-31T23:30:22.000Z,2026-08-31T23:31:00.744Z,2026-08-31T23:31:00.834Z,2026-08-31T23:31:02.741Z,111.478,150.222,152.219,,,94,38.744,1.997,completed,successo,,processed,,505,01a05c2a-60ab-710a-835f-7ed04037af16,sent,0,1,13,500.00,0.00,0
648,2026-09-01-finalita-safe,stablecoin,500.00,EUR,basesepolia,84532,0x91f7b2252256a112fe12ee79ba58e1cb290d21c3,safe,0,0x59e610a45a81285a345c8008aa97ca3cde7acaffabc98093932334366d270789,,,65388,6000000,0.000000392328,,,,2026-08-31T23:28:30.606Z,,2026-08-31T23:28:36.000Z,2026-08-31T23:30:22.000Z,2026-08-31T23:30:54.530Z,2026-08-31T23:30:54.645Z,2026-08-31T23:30:58.308Z,111.394,143.924,147.702,,,106,32.53,3.778,completed,successo,,processed,,498,01a05c2a-21b2-7bb0-b53a-acb72c1442a2,sent,0,1,13,500.00,0.00,0
649,2026-09-01-finalita-safe,stablecoin,500.00,EUR,basesepolia,84532,0x91f7b2252256a112fe12ee79ba58e1cb290d21c3,safe,0,0x6febb9c090c7ffb1f5a9350ecf3a6cb4bae3d2bbc94a0ca4e097909f714d46c4,,,65388,6000000,0.000000392328,,,,2026-08-31T23:28:30.691Z,,2026-08-31T23:28:54.000Z,2026-08-31T23:30:22.000Z,2026-08-31T23:31:04.167Z,2026-08-31T23:31:04.237Z,2026-08-31T23:31:06.233Z,111.309,153.476,155.542,,,88,42.167,2.066,completed,successo,,processed,,510,01a05c2a-956e-7dfe-8e11-dfebb2994025,sent,0,1,13,500.00,0.00,0
650,2026-09-01-finalita-finalized,stablecoin,25.00,EUR,basesepolia,84532,0x91f7b2252256a112fe12ee79ba58e1cb290d21c3,finalized,0,0xd92b0e8c72fb211093a917e7435e12842cb0ce1f2f871e6f0c1c3c8b8f3bec21,,,65388,6000000,0.000000392328,,,,2026-08-31T23:32:17.799Z,,2026-08-31T23:32:28.000Z,2026-08-31T23:36:52.000Z,2026-08-31T23:55:23.353Z,2026-08-31T23:55:23.416Z,2026-08-31T23:55:26.467Z,274.201,1385.554,1388.668,,,264,1111.353,3.114,completed,successo,,processed,,514,01a05c2a-bc12-7fe0-8460-3238064232d2,sent,0,1,13,25.00,0.00,0
651,2026-09-01-finalita-finalized,stablecoin,25.00,EUR,basesepolia,84532,0x91f7b2252256a112fe12ee79ba58e1cb290d21c3,finalized,0,0x66c542b4712f52ed767a4084dc5d648ad96deccab2990f1cd258f1b3d46eb2f5,,,65388,6000000,0.000000392328,,,,2026-08-31T23:32:17.875Z,,2026-08-31T23:32:24.000Z,2026-08-31T23:36:52.000Z,2026-08-31T23:55:21.048Z,2026-08-31T23:55:21.140Z,2026-08-31T23:55:24.226Z,274.125,1383.174,1386.351,,,268,1109.048,3.178,completed,successo,,processed,,512,01a05c2a-ac0c-744f-99c2-fe9aee997528,sent,0,1,13,25.00,0.00,0
652,2026-09-01-finalita-finalized,stablecoin,25.00,EUR,basesepolia,84532,0x91f7b2252256a112fe12ee79ba58e1cb290d21c3,finalized,0,0xcad064df060c4973aefc3f1a48b0a43453ec2e62ff4368c6858d3ae22926d9ff,,,65388,6000000,0.000000392328,,,,2026-08-31T23:32:17.942Z,,2026-08-31T23:32:36.000Z,2026-08-31T23:36:52.000Z,2026-08-31T23:55:28.164Z,2026-08-31T23:55:28.255Z,2026-08-31T23:55:30.359Z,274.058,1390.222,1392.417,,,256,1116.164,2.195,completed,successo,,processed,,522,01a05c2b-191f-711b-88e4-472a2f43763f,sent,0,1,13,25.00,0.00,0
653,2026-09-01-finalita-finalized,stablecoin,25.00,EUR,basesepolia,84532,0x91f7b2252256a112fe12ee79ba58e1cb290d21c3,finalized,0,0xa147aa4d68327affbab2ea88926e17c7fc322162be8e94e8abfcec483574227f,,,65376,6000000,0.000000392256,,,,2026-08-31T23:32:18.017Z,,2026-08-31T23:32:36.000Z,2026-08-31T23:36:52.000Z,2026-08-31T23:55:27.634Z,2026-08-31T23:55:27.707Z,2026-08-31T23:55:30.367Z,273.983,1389.617,1392.35,,,256,1115.634,2.733,completed,successo,,processed,,521,01a05c2b-0fe5-7d2e-9734-edd9b1c35e32,sent,0,1,13,25.00,0.00,0
654,2026-09-01-finalita-finalized,stablecoin,25.00,EUR,basesepolia,84532,0x91f7b2252256a112fe12ee79ba58e1cb290d21c3,finalized,0,0x0f47940219f865be96c19c1c9bf012f7bfdb51712867cefdb4dd0a5449ee293c,,,60588,6000000,0.000000363528,,,,2026-08-31T23:32:18.094Z,,2026-08-31T23:32:40.000Z,2026-08-31T23:36:52.000Z,2026-08-31T23:55:29.752Z,2026-08-31T23:55:29.822Z,2026-08-31T23:55:32.396Z,273.906,1391.658,1394.302,,,252,1117.752,2.644,completed,successo,,processed,,525,01a05c2b-3d64-7db1-903d-01d401f54b8b,sent,0,1,13,25.00,0.00,0
655,2026-09-01-finalita-finalized,stablecoin,100.00,EUR,basesepolia,84532,0x91f7b2252256a112fe12ee79ba58e1cb290d21c3,finalized,0,0x2083963adcb9f83042b607adc8d0040c8899580d009cdea831ca2c481d624bcd,,,65388,6000000,0.000000392328,,,,2026-08-31T23:32:18.172Z,,2026-08-31T23:32:30.000Z,2026-08-31T23:36:52.000Z,2026-08-31T23:55:24.418Z,2026-08-31T23:55:24.492Z,2026-08-31T23:55:26.197Z,273.828,1386.246,1388.025,,,262,1112.418,1.779,completed,successo,,processed,,515,01a05c2a-cf37-7653-9f86-d0cd5cedf6b8,sent,0,1,13,100.00,0.00,0
656,2026-09-01-finalita-finalized,stablecoin,100.00,EUR,basesepolia,84532,0x91f7b2252256a112fe12ee79ba58e1cb290d21c3,finalized,0,0xa0af6b9ad4cce1639de0ac6dc0721624745222d7705390214b7140140530414f,,,65388,6000000,0.000000392328,,,,2026-08-31T23:32:18.253Z,,2026-08-31T23:32:34.000Z,2026-08-31T23:36:52.000Z,2026-08-31T23:55:27.166Z,2026-08-31T23:55:27.239Z,2026-08-31T23:55:30.606Z,273.747,1388.914,1392.353,,,258,1115.166,3.44,completed,successo,,processed,,520,01a05c2b-05db-7cc7-99b3-25430bb52e84,sent,0,1,13,100.00,0.00,0
657,2026-09-01-finalita-finalized,stablecoin,100.00,EUR,basesepolia,84532,0x91f7b2252256a112fe12ee79ba58e1cb290d21c3,finalized,0,0x99dee59c8238ce56c4c48a79521c01ae1d09cfb129b2a995dce491ecd17deac5,,,65388,6000000,0.000000392328,,,,2026-08-31T23:32:18.321Z,,2026-08-31T23:32:26.000Z,2026-08-31T23:36:52.000Z,2026-08-31T23:55:22.811Z,2026-08-31T23:55:22.896Z,2026-08-31T23:55:24.223Z,273.679,1384.49,1385.902,,,266,1110.811,1.412,completed,successo,,processed,,513,01a05c2a-b3d9-7a91-aa97-29f36997f306,sent,0,1,13,100.00,0.00,0
658,2026-09-01-finalita-finalized,stablecoin,100.00,EUR,basesepolia,84532,0x91f7b2252256a112fe12ee79ba58e1cb290d21c3,finalized,0,0x0f73b8e6bdc16f925e11842645c7e3513fb32ed6dbdc10e8104dc6a3d6b0e335,,,65388,6000000,0.000000392328,,,,2026-08-31T23:32:18.400Z,,2026-08-31T23:32:32.000Z,2026-08-31T23:36:52.000Z,2026-08-31T23:55:26.111Z,2026-08-31T23:55:26.193Z,2026-08-31T23:55:28.434Z,273.6,1387.712,1390.034,,,260,1114.111,2.323,completed,successo,,processed,,518,01a05c2a-eba3-7455-97ae-c869f51e47bf,sent,0,1,13,100.00,0.00,0
659,2026-09-01-finalita-finalized,stablecoin,100.00,EUR,basesepolia,84532,0x91f7b2252256a112fe12ee79ba58e1cb290d21c3,finalized,0,0xfdb9ee55feab1bec12764949c7c3f6e1a511952920aac8f4baf8c33c81d7f474,,,65388,6000000,0.000000392328,,,,2026-08-31T23:32:18.475Z,,2026-08-31T23:32:38.000Z,2026-08-31T23:36:52.000Z,2026-08-31T23:55:28.756Z,2026-08-31T23:55:28.826Z,2026-08-31T23:55:30.832Z,273.525,1390.281,1392.357,,,254,1116.756,2.076,completed,successo,,processed,,523,01a05c2b-24b2-7021-b864-c0604980e522,sent,0,1,13,100.00,0.00,0
660,2026-09-01-finalita-finalized,stablecoin,500.00,EUR,basesepolia,84532,0x91f7b2252256a112fe12ee79ba58e1cb290d21c3,finalized,0,0x7586fca6c813a6aa3d66db87d8db31b3b9b0329a955c818d016e2d72e691bc34,,,65388,6000000,0.000000392328,,,,2026-08-31T23:32:18.545Z,,2026-08-31T23:32:34.000Z,2026-08-31T23:36:52.000Z,2026-08-31T23:55:26.674Z,2026-08-31T23:55:26.746Z,2026-08-31T23:55:28.678Z,273.455,1388.129,1390.133,,,258,1114.674,2.004,completed,successo,,processed,,519,01a05c2a-f50e-7c05-af5d-41c8842d2ae5,sent,0,1,13,500.00,0.00,0
661,2026-09-01-finalita-finalized,stablecoin,500.00,EUR,basesepolia,84532,0x91f7b2252256a112fe12ee79ba58e1cb290d21c3,finalized,0,0x637b0b72d6dbc98975f73cbcc88d23e5abe29271114890bba5f0beec3ecfc3d5,,,65388,6000000,0.000000392328,,,,2026-08-31T23:32:18.609Z,,2026-08-31T23:32:38.000Z,2026-08-31T23:36:52.000Z,2026-08-31T23:55:29.273Z,2026-08-31T23:55:29.345Z,2026-08-31T23:55:32.279Z,273.391,1390.664,1393.67,,,254,1117.273,3.006,completed,successo,,processed,,524,01a05c2b-33c8-7cbd-848f-f84b17e1b1ea,sent,0,1,13,500.00,0.00,0
662,2026-09-01-finalita-finalized,stablecoin,500.00,EUR,basesepolia,84532,0x91f7b2252256a112fe12ee79ba58e1cb290d21c3,finalized,0,0x088f7d6c7dea3c6df2d8490a2c4334f966661f7616687cfa2a1034bb469190ef,,,65388,6000000,0.000000392328,,,,2026-08-31T23:32:18.687Z,,2026-08-31T23:32:32.000Z,2026-08-31T23:36:52.000Z,2026-08-31T23:55:25.621Z,2026-08-31T23:55:25.692Z,2026-08-31T23:55:28.146Z,273.313,1386.934,1389.459,,,260,1113.621,2.525,completed,successo,,processed,,517,01a05c2a-e1ed-72ab-b800-8276f2021b07,sent,0,1,13,500.00,0.00,0
663,2026-09-01-finalita-finalized,stablecoin,500.00,EUR,basesepolia,84532,0x91f7b2252256a112fe12ee79ba58e1cb290d21c3,finalized,0,0x4c28483f31f8c11ba7384feea51693ff68bb2d79d55c3aa641bd3a447f240f33,,,65388,6000000,0.000000392328,,,,2026-08-31T23:32:18.761Z,,2026-08-31T23:32:30.000Z,2026-08-31T23:36:52.000Z,2026-08-31T23:55:24.910Z,2026-08-31T23:55:24.992Z,2026-08-31T23:55:28.418Z,273.239,1386.149,1389.657,,,262,1112.91,3.508,completed,successo,,processed,,516,01a05c2a-d889-7de0-a81e-ca709a1f785e,sent,0,1,13,500.00,0.00,0
664,2026-09-01-finalita-finalized,stablecoin,500.00,EUR,basesepolia,84532,0x91f7b2252256a112fe12ee79ba58e1cb290d21c3,finalized,0,0x41de6d51cb4d6f524157f169934b33e310a0683a92d8f3714a65bad006a14ebe,,,65388,6000000,0.000000392328,,,,2026-08-31T23:32:18.843Z,,2026-08-31T23:32:28.000Z,2026-08-31T23:36:52.000Z,2026-08-31T23:55:23.852Z,2026-08-31T23:55:23.929Z,2026-08-31T23:55:26.226Z,273.157,1385.009,1387.383,,,264,1111.852,2.374,completed,successo,,processed,,515,01a05c2a-c589-7a4f-89bf-55570a483f61,sent,0,1,13,500.00,0.00,0
665,2026-09-01-safe-v2,stablecoin,25.00,EUR,basesepolia,84532,0x91f7b2252256a112fe12ee79ba58e1cb290d21c3,safe,0,0xb552ca868b5ce29c891316c16e452bb10285f6cf1fe7bbdf044342b23200aa40,,,65376,6000000,0.000000392256,,,,2026-08-31T23:57:23.708Z,,2026-08-31T23:57:46.000Z,2026-08-31T23:59:41.709Z,2026-08-31T23:59:49.655Z,2026-08-31T23:59:49.723Z,2026-08-31T23:59:52.390Z,138.001,145.946,148.682,,,115.709,7.946,2.735,completed,successo,,processed,,526,01a05c2b-2c3c-7f62-9b81-c519b5a86610,sent,0,1,13,25.00,0.00,0
666,2026-09-01-safe-v2,stablecoin,25.00,EUR,basesepolia,84532,0x91f7b2252256a112fe12ee79ba58e1cb290d21c3,safe,0,0xcdf1291b4cc391a8500c460283ad72db43d901c7134782660f6060e63b37451a,,,65376,6000000,0.000000392256,,,,2026-08-31T23:57:23.787Z,,2026-08-31T23:57:42.000Z,2026-08-31T23:59:41.709Z,2026-08-31T23:59:47.135Z,2026-08-31T23:59:47.221Z,2026-08-31T23:59:50.657Z,137.922,143.348,146.87,,,119.709,5.426,3.522,completed,successo,,processed,,521,01a05c2a-fd4e-77b9-b518-2c40b87a22b0,sent,0,1,13,25.00,0.00,0
667,2026-09-01-safe-v2,stablecoin,25.00,EUR,basesepolia,84532,0x91f7b2252256a112fe12ee79ba58e1cb290d21c3,safe,0,0x92be7fe5c4cd7800d56ca2e1d40038616bbbf9fcb1640fcc53fcc3ed129d01fb,,,65388,6000000,0.000000392328,,,,2026-08-31T23:57:23.865Z,,2026-08-31T23:57:44.000Z,2026-08-31T23:59:41.709Z,2026-08-31T23:59:48.680Z,2026-08-31T23:59:48.751Z,2026-08-31T23:59:50.945Z,137.844,144.815,147.08,,,117.709,6.971,2.265,completed,successo,,processed,,524,01a05c2b-18a5-7584-adeb-0ad3b833ff62,sent,0,1,13,25.00,0.00,0
668,2026-09-01-safe-v2,stablecoin,25.00,EUR,basesepolia,84532,0x91f7b2252256a112fe12ee79ba58e1cb290d21c3,safe,0,0x0bf2b14fbbcb18dec6af5b45fa0fa57e400874f791a77916d9b2944991670d36,,,65388,6000000,0.000000392328,,,,2026-08-31T23:57:23.944Z,,2026-08-31T23:57:34.000Z,2026-08-31T23:59:41.709Z,2026-08-31T23:59:45.649Z,2026-08-31T23:59:45.718Z,2026-08-31T23:59:48.196Z,137.765,141.705,144.252,,,127.709,3.94,2.547,completed,successo,,processed,,518,01a05c2a-dfa3-743f-9776-2cc69a68950c,sent,0,1,13,25.00,0.00,0
669,2026-09-01-safe-v2,stablecoin,25.00,EUR,basesepolia,84532,0x91f7b2252256a112fe12ee79ba58e1cb290d21c3,safe,0,0x258a7fb53572ee15caadd7dc556b2a34c05de24f53d27a68c3ca8e075a8a1b04,,,65388,6000000,0.000000392328,,,,2026-08-31T23:57:24.010Z,,2026-08-31T23:57:34.000Z,2026-08-31T23:59:41.709Z,2026-08-31T23:59:46.142Z,2026-08-31T23:59:46.210Z,2026-08-31T23:59:48.484Z,137.699,142.133,144.474,,,127.709,4.433,2.342,completed,successo,,processed,,519,01a05c2a-eaa1-7295-85cc-3fb39e8ce325,sent,0,1,13,25.00,0.00,0
670,2026-09-01-safe-v2,stablecoin,100.00,EUR,basesepolia,84532,0x91f7b2252256a112fe12ee79ba58e1cb290d21c3,safe,0,0xa2562fba502924e4694660ae9ae8dcf5f50271e8ea876e450219fea63738baec,,,65388,6000000,0.000000392328,,,,2026-08-31T23:57:24.093Z,,2026-08-31T23:57:48.000Z,2026-08-31T23:59:41.709Z,2026-08-31T23:59:50.816Z,2026-08-31T23:59:50.879Z,2026-08-31T23:59:52.585Z,137.616,146.724,148.492,,,113.709,9.107,1.769,completed,successo,,processed,,528,01a05c2b-3e67-7b9c-b1ba-edaa6ab01001,sent,0,1,13,100.00,0.00,0
671,2026-09-01-safe-v2,stablecoin,100.00,EUR,basesepolia,84532,0x91f7b2252256a112fe12ee79ba58e1cb290d21c3,safe,0,0xbf18e4146dd6ee2b52fa4417da75e455f598a9775f1860a259df3d2b68d90a55,,,60588,6000000,0.000000363528,,,,2026-08-31T23:57:24.165Z,,2026-08-31T23:57:50.000Z,2026-08-31T23:59:41.709Z,2026-08-31T23:59:51.328Z,2026-08-31T23:59:51.392Z,2026-08-31T23:59:52.870Z,137.544,147.163,148.705,,,111.709,9.619,1.542,completed,successo,,processed,,529,01a05c2b-47d4-70de-8ca1-e4ecbb67823a,sent,0,1,13,100.00,0.00,0
672,2026-09-01-safe-v2,stablecoin,100.00,EUR,basesepolia,84532,0x91f7b2252256a112fe12ee79ba58e1cb290d21c3,safe,0,0x2904f3d94a3b5e483e28234b95549940cec7c3457a9e03fda2b38416e9a4b295,,,65388,6000000,0.000000392328,,,,2026-08-31T23:57:24.244Z,,2026-08-31T23:57:40.000Z,2026-08-31T23:59:41.709Z,2026-08-31T23:59:46.626Z,2026-08-31T23:59:46.692Z,2026-08-31T23:59:48.527Z,137.465,142.381,144.283,,,121.709,4.917,1.901,completed,successo,,processed,,520,01a05c2a-f32c-787e-b1a0-920c8d40f788,sent,0,1,13,100.00,0.00,0
673,2026-09-01-safe-v2,stablecoin,100.00,EUR,basesepolia,84532,0x91f7b2252256a112fe12ee79ba58e1cb290d21c3,safe,0,0x7f0eb0d78566bf500b310bf8635e73ac28c2d32fa715b91cba3fa649ca5c9171,,,65388,6000000,0.000000392328,,,,2026-08-31T23:57:24.322Z,,2026-08-31T23:57:42.000Z,2026-08-31T23:59:41.709Z,2026-08-31T23:59:47.638Z,2026-08-31T23:59:47.701Z,2026-08-31T23:59:50.318Z,137.387,143.316,145.996,,,119.709,5.929,2.68,completed,successo,,processed,,522,01a05c2b-06d3-7133-8911-f60bc637aa9b,sent,0,1,13,100.00,0.00,0
674,2026-09-01-safe-v2,stablecoin,100.00,EUR,basesepolia,84532,0x91f7b2252256a112fe12ee79ba58e1cb290d21c3,safe,0,0x45c283d31653562096361efea7169d9f4f0a57b9d673152abf62e4013ed4816f,,,65388,6000000,0.000000392328,,,,2026-08-31T23:57:24.411Z,,2026-08-31T23:57:32.000Z,2026-08-31T23:59:41.709Z,2026-08-31T23:59:45.078Z,2026-08-31T23:59:45.144Z,2026-08-31T23:59:48.234Z,137.298,140.667,143.823,,,129.709,3.369,3.156,completed,successo,,processed,,517,01a05c2a-d4af-7482-9bc6-5d8d5ff1a8a8,sent,0,1,13,100.00,0.00,0
675,2026-09-01-safe-v2,stablecoin,500.00,EUR,basesepolia,84532,0x91f7b2252256a112fe12ee79ba58e1cb290d21c3,safe,0,0x1477b1c5036b6cf3d58ca2a7e6d6387c323cea13f6710513921e300a3bb6ebd6,,,65388,6000000,0.000000392328,,,,2026-08-31T23:57:24.484Z,,2026-08-31T23:57:48.000Z,2026-08-31T23:59:41.709Z,2026-08-31T23:59:50.212Z,2026-08-31T23:59:50.273Z,2026-08-31T23:59:52.276Z,137.225,145.729,147.792,,,113.709,8.503,2.064,completed,successo,,processed,,527,01a05c2b-3527-7ab9-a5ab-9bc978082cd5,sent,0,1,13,500.00,0.00,0
676,2026-09-01-safe-v2,stablecoin,500.00,EUR,basesepolia,84532,0x91f7b2252256a112fe12ee79ba58e1cb290d21c3,safe,0,0x765b191e4f7c61969d35b5826350154c78c563034c9c4f606cdef8f64140717d,,,65388,6000000,0.000000392328,,,,2026-08-31T23:57:24.560Z,,2026-08-31T23:57:46.000Z,2026-08-31T23:59:41.709Z,2026-08-31T23:59:49.176Z,2026-08-31T23:59:49.244Z,2026-08-31T23:59:52.958Z,137.149,144.616,148.398,,,115.709,7.467,3.782,completed,successo,,processed,,525,01a05c2b-22bb-7d42-a341-88abee57f7d5,sent,0,1,13,500.00,0.00,0
677,2026-09-01-safe-v2,stablecoin,500.00,EUR,basesepolia,84532,0x91f7b2252256a112fe12ee79ba58e1cb290d21c3,safe,0,0x6c7bc9e05dad3b70e900efbe75b8c0e1bd40524c9c871736aa426215c61aa2f4,,,65388,6000000,0.000000392328,,,,2026-08-31T23:57:24.642Z,,2026-08-31T23:57:30.000Z,2026-08-31T23:59:41.709Z,2026-08-31T23:59:43.505Z,2026-08-31T23:59:43.607Z,2026-08-31T23:59:46.188Z,137.067,138.863,141.546,,,131.709,1.796,2.683,completed,successo,,processed,,516,01a05c2a-cb4d-72a6-9b8a-3960599af7d4,sent,0,1,13,500.00,0.00,0
678,2026-09-01-safe-v2,stablecoin,500.00,EUR,basesepolia,84532,0x91f7b2252256a112fe12ee79ba58e1cb290d21c3,safe,0,0xce4cfad3fec3c2c5a1279c1fa9f774970013503844e2ece7be55378ea4d5c431,,,65388,6000000,0.000000392328,,,,2026-08-31T23:57:24.714Z,,2026-08-31T23:57:30.000Z,2026-08-31T23:59:41.709Z,2026-08-31T23:59:41.841Z,2026-08-31T23:59:41.938Z,2026-08-31T23:59:44.312Z,136.995,137.127,139.598,,,131.709,0.132,2.471,completed,successo,,processed,,515,01a05c2a-c24d-7661-8034-1023e12782af,sent,0,1,13,500.00,0.00,0
679,2026-09-01-safe-v2,stablecoin,500.00,EUR,basesepolia,84532,0x91f7b2252256a112fe12ee79ba58e1cb290d21c3,safe,0,0x36830344def818d5cd9ee5bd1bb9cd36bdcf51f6bff44b280c003d12be5d9d43,,,65388,6000000,0.000000392328,,,,2026-08-31T23:57:24.789Z,,2026-08-31T23:57:44.000Z,2026-08-31T23:59:41.709Z,2026-08-31T23:59:48.141Z,2026-08-31T23:59:48.208Z,2026-08-31T23:59:50.586Z,136.92,143.352,145.797,,,117.709,6.432,2.445,completed,successo,,processed,,523,01a05c2b-0f3a-7741-815c-75d675fb0cd4,sent,0,1,13,500.00,0.00,0
680,2026-09-01-finalized-v2,stablecoin,25.00,EUR,basesepolia,84532,0x91f7b2252256a112fe12ee79ba58e1cb290d21c3,finalized,0,0x3de4a5fce67d76fbaeb557d4e65d7e0e651c0adadb6c70820a2c409e8e2d37dd,,,65388,6000000,0.000000392328,,,,2026-09-01T00:00:24.018Z,,2026-09-01T00:00:44.000Z,2026-09-01T00:20:59.327Z,2026-09-01T00:21:08.083Z,2026-09-01T00:21:08.170Z,2026-09-01T00:21:10.238Z,1235.309,1244.065,1246.22,,,1215.327,8.756,2.155,completed,successo,,processed,,542,01a05c2b-cca7-7d9b-be82-f73432f68bf5,sent,0,1,13,25.00,0.00,0
681,2026-09-01-finalized-v2,stablecoin,25.00,EUR,basesepolia,84532,0x91f7b2252256a112fe12ee79ba58e1cb290d21c3,finalized,0,0x5a7d917121b32e0e55fc6667841061a32baab23dd8ac188b82b2ad3ef41ef10d,,,65388,6000000,0.000000392328,,,,2026-09-01T00:00:24.105Z,,2026-09-01T00:00:30.000Z,2026-09-01T00:20:59.327Z,2026-09-01T00:20:59.437Z,2026-09-01T00:20:59.524Z,2026-09-01T00:21:02.300Z,1235.222,1235.332,1238.195,,,1229.327,0.11,2.863,completed,successo,,processed,,530,01a05c2b-5203-7053-91fd-d88e0da9a1f2,sent,0,1,13,25.00,0.00,0
682,2026-09-01-finalized-v2,stablecoin,25.00,EUR,basesepolia,84532,0x91f7b2252256a112fe12ee79ba58e1cb290d21c3,finalized,0,0xd615a77cfecf330c74742b72f646089bdce6163ed6a2f2fb6eb1e2bc90ca018f,,,65388,6000000,0.000000392328,,,,2026-09-01T00:00:24.188Z,,2026-09-01T00:00:40.000Z,2026-09-01T00:20:59.327Z,2026-09-01T00:21:04.884Z,2026-09-01T00:21:04.959Z,2026-09-01T00:21:06.713Z,1235.139,1240.696,1242.525,,,1219.327,5.557,1.829,completed,successo,,processed,,538,01a05c2b-a16f-7140-9d96-55f641e1618f,sent,0,1,13,25.00,0.00,0
683,2026-09-01-finalized-v2,stablecoin,25.00,EUR,basesepolia,84532,0x91f7b2252256a112fe12ee79ba58e1cb290d21c3,finalized,0,0xe25139991aeb53523f9365fb967c20296d09da5aa78ed2edc837a910ddae3759,,,65388,6000000,0.000000392328,,,,2026-09-01T00:00:24.278Z,,2026-09-01T00:00:38.000Z,2026-09-01T00:20:59.327Z,2026-09-01T00:21:03.343Z,2026-09-01T00:21:03.414Z,2026-09-01T00:21:06.316Z,1235.049,1239.065,1242.038,,,1221.327,4.016,2.973,completed,successo,,processed,,535,01a05c2b-84e2-7408-8e89-5d2776d0ba10,sent,0,1,13,25.00,0.00,0
684,2026-09-01-finalized-v2,stablecoin,25.00,EUR,basesepolia,84532,0x91f7b2252256a112fe12ee79ba58e1cb290d21c3,finalized,0,0xfe2da51a3d231c802757496665ccf45caeca3ffdeef3af7ceb406f1c3f8ffe5a,,,65388,6000000,0.000000392328,,,,2026-09-01T00:00:24.363Z,,2026-09-01T00:00:36.000Z,2026-09-01T00:20:59.327Z,2026-09-01T00:21:02.838Z,2026-09-01T00:21:02.910Z,2026-09-01T00:21:04.309Z,1234.964,1238.476,1239.946,,,1223.327,3.511,1.471,completed,successo,,processed,,534,01a05c2b-7a38-7835-975f-f9bcd42d99b8,sent,0,1,13,25.00,0.00,0
685,2026-09-01-finalized-v2,stablecoin,100.00,EUR,basesepolia,84532,0x91f7b2252256a112fe12ee79ba58e1cb290d21c3,finalized,0,0x3125661d0eb047d0f75a47ef5ddbfdc888f14a3c62f5a34b95ab1595fd20db31,,,65388,6000000,0.000000392328,,,,2026-09-01T00:00:24.447Z,,2026-09-01T00:00:38.000Z,2026-09-01T00:20:59.327Z,2026-09-01T00:21:03.830Z,2026-09-01T00:21:03.904Z,2026-09-01T00:21:06.385Z,1234.88,1239.383,1241.938,,,1221.327,4.503,2.555,completed,successo,,processed,,536,01a05c2b-8e8e-7e62-8a02-9d71f3b35a4c,sent,0,1,13,100.00,0.00,0
686,2026-09-01-finalized-v2,stablecoin,100.00,EUR,basesepolia,84532,0x91f7b2252256a112fe12ee79ba58e1cb290d21c3,finalized,0,0x38a15e217aaa58141a602a016f45c8323a1055ec52adc8ffae04f9b064056c53,,,65388,6000000,0.000000392328,,,,2026-09-01T00:00:24.529Z,,2026-09-01T00:00:42.000Z,2026-09-01T00:20:59.327Z,2026-09-01T00:21:05.954Z,2026-09-01T00:21:06.037Z,2026-09-01T00:21:08.329Z,1234.798,1241.425,1243.8,,,1217.327,6.627,2.375,completed,successo,,processed,,540,01a05c2b-b4fc-74d8-ba27-2e42d5839a05,sent,0,1,13,100.00,0.00,0
687,2026-09-01-finalized-v2,stablecoin,100.00,EUR,basesepolia,84532,0x91f7b2252256a112fe12ee79ba58e1cb290d21c3,finalized,0,0x2891aec018b02bb77652d12cc1c0d4ed186f3c58ddbf19344459798186906c45,,,65388,6000000,0.000000392328,,,,2026-09-01T00:00:24.612Z,,2026-09-01T00:00:34.000Z,2026-09-01T00:20:59.327Z,2026-09-01T00:21:01.835Z,,,1234.715,1237.222,,,,1225.327,2.508,,completed,successo,,,,532,01a05c2b-66e6-70ac-8179-01108cbb4132,sent,0,1,13,100.00,0.00,0
688,2026-09-01-finalized-v2,stablecoin,100.00,EUR,basesepolia,84532,0x91f7b2252256a112fe12ee79ba58e1cb290d21c3,finalized,0,0x23d1cbff29cfce2931654fc0e058484dbd4b8f4562e73c412693efdce3332bf7,,,65388,6000000,0.000000392328,,,,2026-09-01T00:00:24.691Z,,2026-09-01T00:00:46.000Z,2026-09-01T00:20:59.327Z,2026-09-01T00:21:08.675Z,2026-09-01T00:21:08.744Z,2026-09-01T00:21:10.380Z,1234.636,1243.984,1245.689,,,1213.327,9.348,1.705,completed,successo,,processed,,543,01a05c2b-d5bc-772b-9c46-e1bf0ef6d0f7,sent,0,1,13,100.00,0.00,0
689,2026-09-01-finalized-v2,stablecoin,100.00,EUR,basesepolia,84532,0x91f7b2252256a112fe12ee79ba58e1cb290d21c3,finalized,0,0xc31d9c14f862c30251aa57fcf22524f2bf5d69c9c505d056fc17913a8e8bbf9d,,,65388,6000000,0.000000392328,,,,2026-09-01T00:00:24.780Z,,2026-09-01T00:00:32.000Z,2026-09-01T00:20:59.327Z,2026-09-01T00:21:01.299Z,2026-09-01T00:21:01.382Z,2026-09-01T00:21:04.507Z,1234.547,1236.519,1239.727,,,1227.327,1.972,3.208,completed,successo,,processed,,531,01a05c2b-5afb-7c43-8b22-bb57f4d22986,sent,0,1,13,100.00,0.00,0
690,2026-09-01-finalized-v2,stablecoin,500.00,EUR,basesepolia,84532,0x91f7b2252256a112fe12ee79ba58e1cb290d21c3,finalized,0,0x4fe217262ddd6cd9e1cd58481891f736c4524d6e3a079b32bdeea2b49e1856f8,,,65388,6000000,0.000000392328,,,,2026-09-01T00:00:24.868Z,,2026-09-01T00:00:42.000Z,2026-09-01T00:20:59.327Z,2026-09-01T00:21:05.460Z,2026-09-01T00:21:05.533Z,2026-09-01T00:21:08.199Z,1234.459,1240.592,1243.331,,,1217.327,6.133,2.739,completed,successo,,processed,,539,01a05c2b-aae7-7c22-8ac1-e6d0a6517c83,sent,0,1,13,500.00,0.00,0
691,2026-09-01-finalized-v2,stablecoin,500.00,EUR,basesepolia,84532,0x91f7b2252256a112fe12ee79ba58e1cb290d21c3,finalized,0,0xbc4ea46c0e9c9e8145b921b78023cf6faeb03aa7220c621564860cc94dc651e9,,,65376,6000000,0.000000392256,,,,2026-09-01T00:00:24.960Z,,2026-09-01T00:00:36.000Z,2026-09-01T00:20:59.327Z,2026-09-01T00:21:02.339Z,2026-09-01T00:21:02.426Z,2026-09-01T00:21:04.270Z,1234.367,1237.379,1239.31,,,1223.327,3.012,1.931,completed,successo,,processed,,533,01a05c2b-7081-74b4-a655-5150199680b8,sent,0,1,13,500.00,0.00,0
692,2026-09-01-finalized-v2,stablecoin,500.00,EUR,basesepolia,84532,0x91f7b2252256a112fe12ee79ba58e1cb290d21c3,finalized,0,0x60118d14e6c028ddddacfe7320422b948c5b87d3f1c5d63a2e6269589d4f17fa,,,65388,6000000,0.000000392328,,,,2026-09-01T00:00:25.051Z,,2026-09-01T00:00:40.000Z,2026-09-01T00:20:59.327Z,2026-09-01T00:21:04.380Z,2026-09-01T00:21:04.449Z,2026-09-01T00:21:06.658Z,1234.276,1239.329,1241.607,,,1219.327,5.053,2.278,completed,successo,,processed,,537,01a05c2b-979a-7b49-8525-a8a9e4c67ec2,sent,0,1,13,500.00,0.00,0
693,2026-09-01-finalized-v2,stablecoin,500.00,EUR,basesepolia,84532,0x91f7b2252256a112fe12ee79ba58e1cb290d21c3,finalized,0,0x7b16cce5111d148591a52bb0bd67f42838cdc10e6945b84e2858ac9f65085f80,,,65388,6000000,0.000000392328,,,,2026-09-01T00:00:25.132Z,,2026-09-01T00:00:44.000Z,2026-09-01T00:20:59.327Z,2026-09-01T00:21:06.607Z,2026-09-01T00:21:06.710Z,2026-09-01T00:21:08.573Z,1234.195,1241.475,1243.441,,,1215.327,7.28,1.966,completed,successo,,processed,,541,01a05c2b-bd23-75a9-820a-c27371c5c78f,sent,0,1,13,500.00,0.00,0
694,2026-09-01-finalized-v2,stablecoin,500.00,EUR,basesepolia,84532,0x91f7b2252256a112fe12ee79ba58e1cb290d21c3,finalized,0,0x0a7c74558bbfcf0eee820e9008522d1f387bf9791a713d87937702b27514f18f,,,60588,6000000,0.000000363528,,,,2026-09-01T00:00:25.218Z,,2026-09-01T00:00:46.000Z,2026-09-01T00:20:59.327Z,2026-09-01T00:21:10.742Z,2026-09-01T00:21:10.818Z,2026-09-01T00:21:12.390Z,1234.109,1245.524,1247.172,,,1213.327,11.415,1.648,completed,successo,,processed,,544,01a05c2b-df23-7a7c-8d6a-d4c4f8a42623,sent,0,1,13,500.00,0.00,0
695,ampliamento-t1-2026-09-01,stablecoin,10.00,EUR,basesepolia,84532,0x91f7b2252256a112fe12ee79ba58e1cb290d21c3,confirmations,12,0x3547156fe573793409d95546a8bb6c32879000afdd33d399e9e09dc8633534ea,,,65376,6000000,0.000000392256,,,,2026-09-01T08:29:11.546Z,,2026-09-01T08:29:26.000Z,2026-09-01T08:29:50.000Z,2026-09-01T08:29:58.473Z,2026-09-01T08:29:58.538Z,2026-09-01T08:30:00.722Z,38.454,46.927,49.176,,,24,8.473,2.249,completed,successo,,processed,,547,01a05c2c-1a07-7b48-b9de-da892fc23501,sent,0,1,13,10.00,0.00,0
696,ampliamento-t1-2026-09-01,stablecoin,25.00,EUR,basesepolia,84532,0x91f7b2252256a112fe12ee79ba58e1cb290d21c3,confirmations,12,0xe52ee6af114ff8a08d8241e8e21bae8edca5c8ee83e4316717a655c4d7aa5fa9,,,60588,6000000,0.000000363528,,,,2026-09-01T08:29:11.639Z,,2026-09-01T08:29:28.000Z,2026-09-01T08:29:52.000Z,2026-09-01T08:29:59.698Z,2026-09-01T08:29:59.767Z,2026-09-01T08:30:02.297Z,40.361,48.059,50.658,,,24,7.698,2.599,completed,successo,,processed,,549,01a05c2c-2bff-7a94-984a-5cc113cb9409,sent,0,1,13,25.00,0.00,0
697,ampliamento-t1-2026-09-01,stablecoin,50.00,EUR,basesepolia,84532,0x91f7b2252256a112fe12ee79ba58e1cb290d21c3,confirmations,12,0x05f0b67e28666bf1ff5551ae2b6b912ed300e26d95693da2aff85ee71c6f44bf,,,65388,6000000,0.000000392328,,,,2026-09-01T08:29:11.720Z,,2026-09-01T08:29:28.000Z,2026-09-01T08:29:52.000Z,2026-09-01T08:29:59.166Z,2026-09-01T08:29:59.242Z,2026-09-01T08:30:02.367Z,40.28,47.446,50.647,,,24,7.166,3.201,completed,successo,,processed,,548,01a05c2c-22ae-78c2-bc82-12962c04c3f6,sent,0,1,13,50.00,0.00,0
698,ampliamento-t1-2026-09-01,stablecoin,100.00,EUR,basesepolia,84532,0x91f7b2252256a112fe12ee79ba58e1cb290d21c3,confirmations,12,0xfd20edbc38899b14937f43fb088f8664a98dc85c8174bf1077586c77fc616253,,,65388,6000000,0.000000392328,,,,2026-09-01T08:29:11.802Z,,2026-09-01T08:29:22.000Z,2026-09-01T08:29:46.000Z,2026-09-01T08:29:50.513Z,2026-09-01T08:29:50.606Z,2026-09-01T08:29:52.326Z,34.198,38.71,40.524,,,24,4.513,1.813,completed,successo,,processed,,543,01a05c2b-f2ae-768c-9c71-f7279be349a0,sent,0,1,13,100.00,0.00,0
699,ampliamento-t1-2026-09-01,stablecoin,250.00,EUR,basesepolia,84532,0x91f7b2252256a112fe12ee79ba58e1cb290d21c3,confirmations,12,0xb82ed9255e7b965cbc6b9807a59d430c0d1f89d30ef66787ac06076633afeacb,,,65388,6000000,0.000000392328,,,,2026-09-01T08:29:11.890Z,,2026-09-01T08:29:24.000Z,2026-09-01T08:29:48.000Z,2026-09-01T08:29:57.223Z,2026-09-01T08:29:57.311Z,2026-09-01T08:30:00.513Z,36.11,45.334,48.623,,,24,9.223,3.29,completed,successo,,processed,,545,01a05c2c-0617-7e19-b5d2-054cd0cad352,sent,0,1,13,250.00,0.00,0
700,ampliamento-t1-2026-09-01,stablecoin,500.00,EUR,basesepolia,84532,0x91f7b2252256a112fe12ee79ba58e1cb290d21c3,confirmations,12,0x139c7e934ccd2c8e1c234bf3c0e458b3ac0ab2b84d1ee35a02084ebe8d89c90d,,,65388,6000000,0.000000392328,,,,2026-09-01T08:29:11.969Z,,2026-09-01T08:29:24.000Z,2026-09-01T08:29:48.000Z,2026-09-01T08:29:56.621Z,2026-09-01T08:29:56.703Z,2026-09-01T08:29:58.184Z,36.031,44.653,46.215,,,24,8.621,1.563,completed,successo,,processed,,544,01a05c2b-fc73-78f9-b678-aad78abea68d,sent,0,1,13,500.00,0.00,0
701,ampliamento-t1-2026-09-01,stablecoin,1000.00,EUR,basesepolia,84532,0x91f7b2252256a112fe12ee79ba58e1cb290d21c3,confirmations,12,0x48c85e361bd523766a2577d0fef7e3ed46d2d2c49b2e50f774193710223cb818,,,65388,6000000,0.000000392328,,,,2026-09-01T08:29:12.046Z,,2026-09-01T08:29:26.000Z,2026-09-01T08:29:50.000Z,2026-09-01T08:29:57.887Z,2026-09-01T08:29:57.976Z,2026-09-01T08:30:00.405Z,37.954,45.841,48.359,,,24,7.887,2.518,completed,successo,,processed,,546,01a05c2c-105d-7efa-b7a0-ec79747f840e,sent,0,1,13,1000.00,0.00,0
702,ampliamento-t1-2026-09-01,stablecoin,2500.00,EUR,basesepolia,84532,0x91f7b2252256a112fe12ee79ba58e1cb290d21c3,confirmations,12,0x4f916f33c7af8d1ec2884678dd443db21f8e69654e27d4e726554cecce5cff9d,,,65388,6000000,0.000000392328,,,,2026-09-01T08:29:12.134Z,,2026-09-01T08:29:22.000Z,2026-09-01T08:29:46.000Z,2026-09-01T08:29:48.327Z,2026-09-01T08:29:48.445Z,2026-09-01T08:29:52.281Z,33.866,36.193,40.147,,,24,2.327,3.954,completed,successo,,processed,,542,01a05c2b-e8db-704f-a22f-c740e8c05817,sent,0,1,13,2500.00,0.00,0
703,ampliamento-t1-2026-09-01,stablecoin,10.00,EUR,basesepolia,84532,0x91f7b2252256a112fe12ee79ba58e1cb290d21c3,confirmations,12,0xc900363246eefda9e56b4aa63b781db439722f8a1b70e07d2e88a96416fa48ba,,,60576,6000000,0.000000363456,,,,2026-09-01T08:30:35.368Z,,2026-09-01T08:30:48.000Z,2026-09-01T08:31:12.000Z,2026-09-01T08:31:17.808Z,2026-09-01T08:31:17.890Z,2026-09-01T08:31:20.443Z,36.632,42.44,45.075,,,24,5.808,2.635,completed,successo,,processed,,557,01a05c2c-77e2-7df0-8bce-41273fe1812c,sent,0,1,13,10.00,0.00,0
704,ampliamento-t1-2026-09-01,stablecoin,25.00,EUR,basesepolia,84532,0x91f7b2252256a112fe12ee79ba58e1cb290d21c3,confirmations,12,0x8d543fcb67cf80b32176b6202b70800b31b70b484e3f0ef43197ff94f4e8394d,,,65388,6000000,0.000000392328,,,,2026-09-01T08:30:35.442Z,,2026-09-01T08:30:46.000Z,2026-09-01T08:31:10.000Z,2026-09-01T08:31:17.128Z,2026-09-01T08:31:17.207Z,2026-09-01T08:31:18.585Z,34.558,41.686,43.143,,,24,7.128,1.457,completed,successo,,processed,,556,01a05c2c-6e63-78e1-ab90-ca57da8fdaa9,sent,0,1,13,25.00,0.00,0
705,ampliamento-t1-2026-09-01,stablecoin,50.00,EUR,basesepolia,84532,0x91f7b2252256a112fe12ee79ba58e1cb290d21c3,confirmations,12,0xc3617dc97d7842e8147a752871bee778c350903065b358b1421ebe6e3fe584d0,,,65388,6000000,0.000000392328,,,,2026-09-01T08:30:35.512Z,,2026-09-01T08:30:42.000Z,2026-09-01T08:31:06.000Z,2026-09-01T08:31:08.807Z,2026-09-01T08:31:08.885Z,2026-09-01T08:31:10.275Z,30.488,33.295,34.763,,,24,2.807,1.468,completed,successo,,processed,,551,01a05c2c-3ee7-793e-aa18-2fe1dc79548c,sent,0,1,13,50.00,0.00,0
706,ampliamento-t1-2026-09-01,stablecoin,100.00,EUR,basesepolia,84532,0x91f7b2252256a112fe12ee79ba58e1cb290d21c3,confirmations,12,0xb328ccdf35a5a48c562a444bdc273fb7d09460469a86e208e55edd6a3100be1c,,,65388,6000000,0.000000392328,,,,2026-09-01T08:30:35.595Z,,2026-09-01T08:30:42.000Z,2026-09-01T08:31:06.000Z,2026-09-01T08:31:09.377Z,2026-09-01T08:31:09.466Z,2026-09-01T08:31:12.341Z,30.405,33.782,36.746,,,24,3.377,2.964,completed,successo,,processed,,552,01a05c2c-4868-742f-876a-e51fae756d81,sent,0,1,13,100.00,0.00,0
707,ampliamento-t1-2026-09-01,stablecoin,250.00,EUR,basesepolia,84532,0x91f7b2252256a112fe12ee79ba58e1cb290d21c3,confirmations,12,0xab6e78307d9c20d738d5720c3230433a161c81e20020d58075d77907f60b8212,,,65388,6000000,0.000000392328,,,,2026-09-01T08:30:35.667Z,,2026-09-01T08:30:44.000Z,2026-09-01T08:31:08.000Z,2026-09-01T08:31:15.952Z,2026-09-01T08:31:16.050Z,2026-09-01T08:31:18.344Z,32.333,40.285,42.677,,,24,7.952,2.392,completed,successo,,processed,,554,01a05c2c-5b7c-7cd1-83b6-c42f9d0518a4,sent,0,1,13,250.00,0.00,0
708,ampliamento-t1-2026-09-01,stablecoin,500.00,EUR,basesepolia,84532,0x91f7b2252256a112fe12ee79ba58e1cb290d21c3,confirmations,12,0xe7fa2ccce322a44e4fe671c6f183158540f3d79755d481abb1d3bc65f54a6e07,,,65388,6000000,0.000000392328,,,,2026-09-01T08:30:35.744Z,,2026-09-01T08:30:40.000Z,2026-09-01T08:31:04.000Z,2026-09-01T08:31:08.070Z,2026-09-01T08:31:08.160Z,2026-09-01T08:31:10.238Z,28.256,32.326,34.494,,,24,4.07,2.168,completed,successo,,processed,,550,01a05c2c-35dd-7903-8dd6-298f23e35386,sent,0,1,13,500.00,0.00,0
709,ampliamento-t1-2026-09-01,stablecoin,1000.00,EUR,basesepolia,84532,0x91f7b2252256a112fe12ee79ba58e1cb290d21c3,confirmations,12,0xc79afac928b0866b95cd5ac71932928673fca759f4d6ae6d322cb2a26cc5d55e,,,65388,6000000,0.000000392328,,,,2026-09-01T08:30:35.815Z,,2026-09-01T08:30:46.000Z,2026-09-01T08:31:10.000Z,2026-09-01T08:31:16.625Z,2026-09-01T08:31:16.709Z,2026-09-01T08:31:18.565Z,34.185,40.81,42.75,,,24,6.625,1.94,completed,successo,,processed,,555,01a05c2c-656e-7ee5-85ad-bb13311db4e7,sent,0,1,13,1000.00,0.00,0
710,ampliamento-t1-2026-09-01,stablecoin,2500.00,EUR,basesepolia,84532,0x91f7b2252256a112fe12ee79ba58e1cb290d21c3,confirmations,12,0x290344c2504eca5b83d27c61c0ffc22e045f9cd64beb2f0362d7e512e7336ea0,,,65388,6000000,0.000000392328,,,,2026-09-01T08:30:35.888Z,,2026-09-01T08:30:44.000Z,2026-09-01T08:31:08.000Z,2026-09-01T08:31:15.383Z,2026-09-01T08:31:15.475Z,2026-09-01T08:31:18.331Z,32.112,39.495,42.443,,,24,7.383,2.948,completed,successo,,processed,,553,01a05c2c-5200-7f9c-b99e-91cea97b87bf,sent,0,1,13,2500.00,0.00,0
711,ampliamento-t1-2026-09-01,stablecoin,10.00,EUR,basesepolia,84532,0x91f7b2252256a112fe12ee79ba58e1cb290d21c3,confirmations,12,0x2a189ca105b13d2bf1a7ef310c6e095156a6345f5caf733a0d7f21d20d663c8e,,,65376,6000000,0.000000392256,,,,2026-09-01T08:31:39.633Z,,2026-09-01T08:31:56.000Z,2026-09-01T08:32:20.000Z,2026-09-01T08:32:25.927Z,2026-09-01T08:32:26.005Z,2026-09-01T08:32:28.255Z,40.367,46.294,48.622,,,24,5.927,2.328,completed,successo,,processed,,563,01a05c2c-af40-72b4-ae13-1f54686834df,sent,0,1,13,10.00,0.00,0
712,ampliamento-t1-2026-09-01,stablecoin,25.00,EUR,basesepolia,84532,0x91f7b2252256a112fe12ee79ba58e1cb290d21c3,confirmations,12,0x0ee1290d3525f184085ba1fc5be06a679003fb855d3fa64369e334e4ea06785a,,,65388,6000000,0.000000392328,,,,2026-09-01T08:31:39.697Z,,2026-09-01T08:31:56.000Z,2026-09-01T08:32:20.000Z,2026-09-01T08:32:26.695Z,2026-09-01T08:32:26.762Z,2026-09-01T08:32:28.455Z,40.303,46.998,48.758,,,24,6.695,1.76,completed,successo,,processed,,564,01a05c2c-be27-738b-a5e1-e39506d06947,sent,0,1,13,25.00,0.00,0
713,ampliamento-t1-2026-09-01,stablecoin,50.00,EUR,basesepolia,84532,0x91f7b2252256a112fe12ee79ba58e1cb290d21c3,confirmations,12,0x8024b846151390f4767ea1c69f6c9d798f4e83aa6295cb502f6e5616695177b4,,,65388,6000000,0.000000392328,,,,2026-09-01T08:31:39.764Z,,2026-09-01T08:31:54.000Z,2026-09-01T08:32:18.000Z,2026-09-01T08:32:24.311Z,2026-09-01T08:32:24.403Z,2026-09-01T08:32:26.425Z,38.236,44.547,46.661,,,24,6.311,2.114,completed,successo,,processed,,561,01a05c2c-9cf4-7d2e-b595-bd6e6d01b736,sent,0,1,13,50.00,0.00,0
714,ampliamento-t1-2026-09-01,stablecoin,100.00,EUR,basesepolia,84532,0x91f7b2252256a112fe12ee79ba58e1cb290d21c3,confirmations,12,0x7aede66304304f6db2440011a5175b5219d57059d00edaefad42ab5e26f133db,,,65388,6000000,0.000000392328,,,,2026-09-01T08:31:39.829Z,,2026-09-01T08:31:54.000Z,2026-09-01T08:32:18.000Z,2026-09-01T08:32:24.820Z,2026-09-01T08:32:24.889Z,2026-09-01T08:32:28.210Z,38.171,44.991,48.381,,,24,6.82,3.39,completed,successo,,processed,,562,01a05c2c-a631-7df6-955d-21d156a68ce3,sent,0,1,13,100.00,0.00,0
715,ampliamento-t1-2026-09-01,stablecoin,250.00,EUR,basesepolia,84532,0x91f7b2252256a112fe12ee79ba58e1cb290d21c3,confirmations,12,0xf8d352eb3412acdf39b6e56df957ec4b83095a9e498cbaa5bec607c9131b9651,,,65388,6000000,0.000000392328,,,,2026-09-01T08:31:39.895Z,,2026-09-01T08:31:52.000Z,2026-09-01T08:32:16.000Z,2026-09-01T08:32:23.098Z,2026-09-01T08:32:23.185Z,2026-09-01T08:32:26.735Z,36.105,43.203,46.84,,,24,7.098,3.637,completed,successo,,processed,,559,01a05c2c-8b05-795f-8c03-f66e033e500e,sent,0,1,13,250.00,0.00,0
716,ampliamento-t1-2026-09-01,stablecoin,500.00,EUR,basesepolia,84532,0x91f7b2252256a112fe12ee79ba58e1cb290d21c3,confirmations,12,0xcba9597779043880d92682d315f0b8dc5aeed56ba4bc51d4c6245356288dd0db,,,65388,6000000,0.000000392328,,,,2026-09-01T08:31:39.959Z,,2026-09-01T08:31:52.000Z,2026-09-01T08:32:16.000Z,2026-09-01T08:32:23.652Z,2026-09-01T08:32:23.740Z,2026-09-01T08:32:26.395Z,36.041,43.693,46.436,,,24,7.652,2.743,completed,successo,,processed,,560,01a05c2c-93a3-7fbc-b369-47aba09096fc,sent,0,1,13,500.00,0.00,0
717,ampliamento-t1-2026-09-01,stablecoin,1000.00,EUR,basesepolia,84532,0x91f7b2252256a112fe12ee79ba58e1cb290d21c3,confirmations,12,0x59888f4db7553ac91814c5dcdae328161033c68790ee3a5ecd8a0bb227777519,,,60588,6000000,0.000000363528,,,,2026-09-01T08:31:40.023Z,,2026-09-01T08:31:58.000Z,2026-09-01T08:32:22.000Z,2026-09-01T08:32:27.348Z,2026-09-01T08:32:27.439Z,2026-09-01T08:32:30.256Z,41.977,47.325,50.233,,,24,5.348,2.908,completed,successo,,processed,,565,01a05c2c-c77a-7e6b-9838-4cb2bf3d5b91,sent,0,1,13,1000.00,0.00,0
718,ampliamento-t1-2026-09-01,stablecoin,2500.00,EUR,basesepolia,84532,0x91f7b2252256a112fe12ee79ba58e1cb290d21c3,confirmations,12,0xad2fe7616ac7db927294771d4a9dc37618a367871870cfc3f27b40de32899b65,,,65388,6000000,0.000000392328,,,,2026-09-01T08:31:40.089Z,,2026-09-01T08:31:50.000Z,2026-09-01T08:32:14.000Z,2026-09-01T08:32:17.042Z,2026-09-01T08:32:17.122Z,2026-09-01T08:32:20.320Z,33.911,36.953,40.231,,,24,3.042,3.278,completed,successo,,processed,,558,01a05c2c-8146-75c3-b0b6-3a864b418fd1,sent,0,1,13,2500.00,0.00,0
719,ampliamento-t1-2026-09-01,stablecoin,10.00,EUR,basesepolia,84532,0x91f7b2252256a112fe12ee79ba58e1cb290d21c3,confirmations,12,0x060c442a6b74b3861111a855818762b0bea82f7e2672351e8afcdc8bdc8497d3,,,65376,6000000,0.000000392256,,,,2026-09-01T08:32:49.907Z,,2026-09-01T08:33:02.000Z,2026-09-01T08:33:26.000Z,2026-09-01T08:33:29.752Z,2026-09-01T08:33:29.818Z,2026-09-01T08:33:32.325Z,36.093,39.845,42.418,,,24,3.752,2.573,completed,successo,,processed,,527,01a05c2b-52a1-7a22-8e21-dd0b196ab01b,sent,0,1,13,10.00,0.00,0
720,ampliamento-t1-2026-09-01,stablecoin,25.00,EUR,basesepolia,84532,0x91f7b2252256a112fe12ee79ba58e1cb290d21c3,confirmations,12,0xc488467ada62214c2fc0d4e33a6e1dd0cdaed53cb372063aa640931e2addc8ac,,,65388,6000000,0.000000392328,,,,2026-09-01T08:32:49.985Z,,2026-09-01T08:33:04.000Z,2026-09-01T08:33:28.000Z,2026-09-01T08:33:32.406Z,2026-09-01T08:33:32.466Z,2026-09-01T08:33:34.278Z,38.015,42.422,44.293,,,24,4.406,1.872,completed,successo,,processed,,530,01a05c2b-6d75-731c-a11d-049861b488f5,sent,0,1,13,25.00,0.00,0
721,ampliamento-t1-2026-09-01,stablecoin,50.00,EUR,basesepolia,84532,0x91f7b2252256a112fe12ee79ba58e1cb290d21c3,confirmations,12,0x9a1f9483c9ec495ec563f34b7bfeac9dc58d80a4b34899815eda907ba8748101,,,65388,6000000,0.000000392328,,,,2026-09-01T08:32:50.060Z,,2026-09-01T08:33:06.000Z,2026-09-01T08:33:30.000Z,2026-09-01T08:33:38.351Z,2026-09-01T08:33:38.429Z,2026-09-01T08:33:40.393Z,39.94,48.291,50.333,,,24,8.351,2.042,completed,successo,,processed,,531,01a05c2b-773b-79dc-b77a-feef5f214adc,sent,0,1,13,50.00,0.00,0
722,ampliamento-t1-2026-09-01,stablecoin,100.00,EUR,basesepolia,84532,0x91f7b2252256a112fe12ee79ba58e1cb290d21c3,confirmations,12,0x18c2fabf9bc9234f3a284cea6cc52d9b01f9124f4d762faa75b48eb01fab0786,,,65376,6000000,0.000000392256,,,,2026-09-01T08:32:50.142Z,,2026-09-01T08:33:00.000Z,2026-09-01T08:33:24.000Z,2026-09-01T08:33:29.025Z,2026-09-01T08:33:29.109Z,2026-09-01T08:33:32.314Z,33.858,38.883,42.172,,,24,5.025,3.289,completed,successo,,processed,,526,01a05c2b-497e-72bd-92a5-bab01f0f9294,sent,0,1,13,100.00,0.00,0
723,ampliamento-t1-2026-09-01,stablecoin,250.00,EUR,basesepolia,84532,0x91f7b2252256a112fe12ee79ba58e1cb290d21c3,confirmations,12,0x67fe330cfe3dd9f4222208e5aba76bf4a653ff72f10de3810a8f5ed18ec49ed6,,,65388,6000000,0.000000392328,,,,2026-09-01T08:32:50.210Z,,2026-09-01T08:33:06.000Z,2026-09-01T08:33:30.000Z,2026-09-01T08:33:38.859Z,2026-09-01T08:33:38.943Z,2026-09-01T08:33:40.411Z,39.79,48.648,50.201,,,24,8.859,1.552,completed,successo,,processed,,532,01a05c2b-802a-73e4-a49f-f2db2b2e65ee,sent,0,1,13,250.00,0.00,0
724,ampliamento-t1-2026-09-01,stablecoin,500.00,EUR,basesepolia,84532,0x91f7b2252256a112fe12ee79ba58e1cb290d21c3,confirmations,12,0xe2c181446ad624f2934fd32b06f0018c1155f79ad23d6cf78fe3caf5a4a9fa44,,,60588,6000000,0.000000363528,,,,2026-09-01T08:32:50.288Z,,2026-09-01T08:33:08.000Z,2026-09-01T08:33:32.000Z,2026-09-01T08:33:39.543Z,2026-09-01T08:33:39.625Z,2026-09-01T08:33:42.264Z,41.712,49.255,51.976,,,24,7.543,2.721,completed,successo,,processed,,533,01a05c2b-882e-7491-a495-63c00df66d1f,sent,0,1,13,500.00,0.00,0
725,ampliamento-t1-2026-09-01,stablecoin,1000.00,EUR,basesepolia,84532,0x91f7b2252256a112fe12ee79ba58e1cb290d21c3,confirmations,12,0xb085aee3841e5154bce610f6ca6559a38091a3c8d9539cce439e24229806dde8,,,65388,6000000,0.000000392328,,,,2026-09-01T08:32:50.359Z,,2026-09-01T08:33:04.000Z,2026-09-01T08:33:28.000Z,2026-09-01T08:33:31.786Z,2026-09-01T08:33:31.858Z,2026-09-01T08:33:34.216Z,37.641,41.428,43.857,,,24,3.786,2.43,completed,successo,,processed,,529,01a05c2b-64c7-7045-813c-7121e0c42645,sent,0,1,13,1000.00,0.00,0
726,ampliamento-t1-2026-09-01,stablecoin,2500.00,EUR,basesepolia,84532,0x91f7b2252256a112fe12ee79ba58e1cb290d21c3,confirmations,12,0x7bb1ff0263cf9e00ceed549496142531befa1936e4dab2ebcd58a597c1532c7e,,,65388,6000000,0.000000392328,,,,2026-09-01T08:32:50.431Z,,2026-09-01T08:33:02.000Z,2026-09-01T08:33:26.000Z,2026-09-01T08:33:31.118Z,2026-09-01T08:33:31.197Z,2026-09-01T08:33:34.514Z,35.569,40.687,44.083,,,24,5.118,3.396,completed,successo,,processed,,528,01a05c2b-5c28-7152-8d3f-9c108dce3236,sent,0,1,13,2500.00,0.00,0
727,ampliamento-t1-2026-09-01,stablecoin,10.00,EUR,basesepolia,84532,0x91f7b2252256a112fe12ee79ba58e1cb290d21c3,confirmations,12,0x4e8fc0734ce7348bb2982d654bfefc0ae63bcae948996f82d4cbbf7893413d43,,,60576,6000000,0.000000363456,,,,2026-09-01T08:34:14.491Z,,2026-09-01T08:34:30.000Z,2026-09-01T08:34:54.000Z,2026-09-01T08:35:04.090Z,2026-09-01T08:35:04.168Z,2026-09-01T08:35:06.259Z,39.509,49.599,51.768,,,24,10.09,2.169,completed,successo,,processed,,541,01a05c2b-e06f-7e29-8a1a-db2d05dc5d3a,sent,0,1,13,10.00,0.00,0
728,ampliamento-t1-2026-09-01,stablecoin,25.00,EUR,basesepolia,84532,0x91f7b2252256a112fe12ee79ba58e1cb290d21c3,confirmations,12,0x619c3d08071328b45421cb5137f476a918a094069de96fd91cbef96e0c729b1f,,,65388,6000000,0.000000392328,,,,2026-09-01T08:34:14.573Z,,2026-09-01T08:34:26.000Z,2026-09-01T08:34:50.000Z,2026-09-01T08:34:55.434Z,2026-09-01T08:34:55.511Z,2026-09-01T08:34:58.190Z,35.427,40.861,43.617,,,24,5.434,2.756,completed,successo,,processed,,537,01a05c2b-b66e-7a79-9a4f-d94d449c4214,sent,0,1,13,25.00,0.00,0
729,ampliamento-t1-2026-09-01,stablecoin,50.00,EUR,basesepolia,84532,0x91f7b2252256a112fe12ee79ba58e1cb290d21c3,confirmations,12,0xbf8d8119dce70d710b27ac6021a697f21ccd93b7fdae519d666beee4111d2fe4,,,65388,6000000,0.000000392328,,,,2026-09-01T08:34:14.643Z,,2026-09-01T08:34:28.000Z,2026-09-01T08:34:52.000Z,2026-09-01T08:34:56.715Z,2026-09-01T08:34:56.791Z,2026-09-01T08:34:58.379Z,37.357,42.072,43.736,,,24,4.715,1.664,completed,successo,,processed,,539,01a05c2b-cdf9-7ee4-970d-5867fde29f42,sent,0,1,13,50.00,0.00,0
730,ampliamento-t1-2026-09-01,stablecoin,100.00,EUR,basesepolia,84532,0x91f7b2252256a112fe12ee79ba58e1cb290d21c3,confirmations,12,0x55d7fbf2485c55ba96732ebaaa0f6b4cd48200cbb9ee8cccb156c721938bcafa,,,65388,6000000,0.000000392328,,,,2026-09-01T08:34:14.718Z,,2026-09-01T08:34:22.000Z,2026-09-01T08:34:46.000Z,2026-09-01T08:34:47.980Z,2026-09-01T08:34:48.063Z,2026-09-01T08:34:50.187Z,31.282,33.262,35.469,,,24,1.98,2.207,completed,successo,,processed,,534,01a05c2b-915c-7a7c-9532-d46975f1d73c,sent,0,1,13,100.00,0.00,0
731,ampliamento-t1-2026-09-01,stablecoin,250.00,EUR,basesepolia,84532,0x91f7b2252256a112fe12ee79ba58e1cb290d21c3,confirmations,12,0x7ff259f0541b892532f97fb80b12621a7549899362411d57f89f4cc7b2d21acb,,,65388,6000000,0.000000392328,,,,2026-09-01T08:34:14.790Z,,2026-09-01T08:34:26.000Z,2026-09-01T08:34:50.000Z,2026-09-01T08:34:55.960Z,2026-09-01T08:34:56.026Z,2026-09-01T08:34:58.200Z,35.21,41.17,43.41,,,24,5.96,2.24,completed,successo,,processed,,538,01a05c2b-bfce-7427-b051-85f76e2d7b00,sent,0,1,13,250.00,0.00,0
732,ampliamento-t1-2026-09-01,stablecoin,500.00,EUR,basesepolia,84532,0x91f7b2252256a112fe12ee79ba58e1cb290d21c3,confirmations,12,0x8191f3edfad849ffa9fbeda9c73a6f2e8995ffd968d50d1ddb267130d8330a8e,,,65388,6000000,0.000000392328,,,,2026-09-01T08:34:14.864Z,,2026-09-01T08:34:28.000Z,2026-09-01T08:34:52.000Z,2026-09-01T08:34:57.222Z,2026-09-01T08:34:57.285Z,2026-09-01T08:35:00.307Z,37.136,42.358,45.443,,,24,5.222,3.085,completed,successo,,processed,,540,01a05c2b-d6d2-7f71-b19b-f94e3617f2cc,sent,0,1,13,500.00,0.00,0
733,ampliamento-t1-2026-09-01,stablecoin,1000.00,EUR,basesepolia,84532,0x91f7b2252256a112fe12ee79ba58e1cb290d21c3,confirmations,12,0xf8f1e42a01a4796dffa48f0ee852be785a2f3471967ea9a51140af2fec239cba,,,65388,6000000,0.000000392328,,,,2026-09-01T08:34:14.936Z,,2026-09-01T08:34:24.000Z,2026-09-01T08:34:48.000Z,2026-09-01T08:34:54.073Z,2026-09-01T08:34:54.154Z,2026-09-01T08:34:56.339Z,33.064,39.137,41.403,,,24,6.073,2.266,completed,successo,,processed,,535,01a05c2b-a47a-749b-858b-12ee7c00e2d4,sent,0,1,13,1000.00,0.00,0
734,ampliamento-t1-2026-09-01,stablecoin,2500.00,EUR,basesepolia,84532,0x91f7b2252256a112fe12ee79ba58e1cb290d21c3,confirmations,12,0xb099cd65dfed04e23e0a89f0a8b02f6e27ccc05e0b8592ace1e2c7d323bd9adc,,,65388,6000000,0.000000392328,,,,2026-09-01T08:34:15.010Z,,2026-09-01T08:34:24.000Z,2026-09-01T08:34:48.000Z,2026-09-01T08:34:54.593Z,2026-09-01T08:34:54.684Z,2026-09-01T08:34:56.300Z,32.99,39.583,41.29,,,24,6.593,1.707,completed,successo,,processed,,536,01a05c2b-ad15-7380-8a37-0048d49b981e,sent,0,1,13,2500.00,0.00,0
735,ampliamento-t1-2026-09-01,stablecoin,10.00,EUR,basesepolia,84532,0x91f7b2252256a112fe12ee79ba58e1cb290d21c3,confirmations,12,0x3bb4c138d23f98ba86f599d641b389193af610e6cc916d05b845b5dae9bfdccb,,,65376,6000000,0.000000392256,,,,2026-09-01T08:35:21.243Z,,2026-09-01T08:35:30.000Z,2026-09-01T08:35:54.000Z,2026-09-01T08:35:57.496Z,2026-09-01T08:35:57.583Z,2026-09-01T08:35:58.672Z,32.757,36.253,37.429,,,24,3.496,1.176,completed,successo,,processed,,543,01a05c2c-01cb-74a4-bc7d-9099dac28ceb,sent,0,1,13,10.00,0.00,0
736,ampliamento-t1-2026-09-01,stablecoin,25.00,EUR,basesepolia,84532,0x91f7b2252256a112fe12ee79ba58e1cb290d21c3,confirmations,12,0x5c4d39ef1043965f8864462d0c2470884fff07198eaec323a87ad6b098aa4b70,,,65388,6000000,0.000000392328,,,,2026-09-01T08:35:21.313Z,,2026-09-01T08:35:34.000Z,2026-09-01T08:35:58.000Z,2026-09-01T08:36:06.707Z,2026-09-01T08:36:06.790Z,2026-09-01T08:36:08.375Z,36.687,45.394,47.062,,,24,8.707,1.668,completed,successo,,processed,,547,01a05c2c-2505-787a-9f65-f7c4a9857ca4,sent,0,1,13,25.00,0.00,0
737,ampliamento-t1-2026-09-01,stablecoin,50.00,EUR,basesepolia,84532,0x91f7b2252256a112fe12ee79ba58e1cb290d21c3,confirmations,12,0x2b7b910f6ab95e3f47018a65cab69320a117088b4e7116841fd80f652d2130c0,,,65388,6000000,0.000000392328,,,,2026-09-01T08:35:21.385Z,,2026-09-01T08:35:28.000Z,2026-09-01T08:35:52.000Z,2026-09-01T08:35:55.893Z,2026-09-01T08:35:55.969Z,2026-09-01T08:35:58.415Z,30.615,34.509,37.03,,,24,3.893,2.522,completed,successo,,processed,,542,01a05c2b-ea5b-7719-aef2-8a79adef1833,sent,0,1,13,50.00,0.00,0
738,ampliamento-t1-2026-09-01,stablecoin,100.00,EUR,basesepolia,84532,0x91f7b2252256a112fe12ee79ba58e1cb290d21c3,confirmations,12,0x7afafd3617596651eedfa763d20d7fbb7b98c004e49652fadf397bae82a2ee9c,,,65388,6000000,0.000000392328,,,,2026-09-01T08:35:21.450Z,,2026-09-01T08:35:32.000Z,2026-09-01T08:35:56.000Z,2026-09-01T08:36:04.218Z,2026-09-01T08:36:04.301Z,2026-09-01T08:36:06.164Z,34.55,42.768,44.714,,,24,8.218,1.946,completed,successo,,processed,,545,01a05c2c-1245-71ea-8a20-e338d7f0bb94,sent,0,1,13,100.00,0.00,0
739,ampliamento-t1-2026-09-01,stablecoin,250.00,EUR,basesepolia,84532,0x91f7b2252256a112fe12ee79ba58e1cb290d21c3,confirmations,12,0x8ef8f06f37bda0e4aef14bc4c6511ac204d27726ad0ad09898e334dd104282cb,,,60588,6000000,0.000000363528,,,,2026-09-01T08:35:21.517Z,,2026-09-01T08:35:34.000Z,2026-09-01T08:35:58.000Z,2026-09-01T08:36:07.255Z,2026-09-01T08:36:07.335Z,2026-09-01T08:36:08.506Z,36.483,45.739,46.989,,,24,9.255,1.251,completed,successo,,processed,,548,01a05c2c-2f2b-7661-baa0-15132d1fe7cb,sent,0,1,13,250.00,0.00,0
740,ampliamento-t1-2026-09-01,stablecoin,500.00,EUR,basesepolia,84532,0x91f7b2252256a112fe12ee79ba58e1cb290d21c3,confirmations,12,0x4018719c9773941a05395a488551d71c8fb39fe77fc599f4d9333aba9bddc54a,,,65388,6000000,0.000000392328,,,,2026-09-01T08:35:21.584Z,,2026-09-01T08:35:32.000Z,2026-09-01T08:35:56.000Z,2026-09-01T08:36:06.023Z,2026-09-01T08:36:06.107Z,2026-09-01T08:36:08.303Z,34.416,44.439,46.719,,,24,10.023,2.28,completed,successo,,processed,,546,01a05c2c-1ba8-7199-a392-7ddfb47ed976,sent,0,1,13,500.00,0.00,0
741,ampliamento-t1-2026-09-01,stablecoin,1000.00,EUR,basesepolia,84532,0x91f7b2252256a112fe12ee79ba58e1cb290d21c3,confirmations,12,0xae332d9089b943e1d38625b85cf471bd6724db44f4015d02473dccc21ab51627,,,65376,6000000,0.000000392256,,,,2026-09-01T08:35:21.651Z,,2026-09-01T08:35:30.000Z,2026-09-01T08:35:54.000Z,2026-09-01T08:35:58.039Z,2026-09-01T08:35:58.107Z,2026-09-01T08:36:00.309Z,32.349,36.388,38.658,,,24,4.039,2.27,completed,successo,,processed,,544,01a05c2c-0a0b-72b3-beb9-3a60243ee80d,sent,0,1,13,1000.00,0.00,0
742,ampliamento-t1-2026-09-01,stablecoin,2500.00,EUR,basesepolia,84532,0x91f7b2252256a112fe12ee79ba58e1cb290d21c3,confirmations,12,0x5e292a3077c95f4a14ece4d148f4ed3e73530b31ec819f5d082ff6038e325173,,,65388,6000000,0.000000392328,,,,2026-09-01T08:35:21.715Z,,2026-09-01T08:35:28.000Z,2026-09-01T08:35:52.000Z,2026-09-01T08:35:56.448Z,2026-09-01T08:35:56.529Z,2026-09-01T08:35:58.491Z,30.285,34.732,36.776,,,24,4.448,2.043,completed,successo,,processed,,542,01a05c2b-f483-7417-a50f-4898d4a166d3,sent,0,1,13,2500.00,0.00,0
743,ampliamento-t1-2026-09-01,stablecoin,10.00,EUR,basesepolia,84532,0x91f7b2252256a112fe12ee79ba58e1cb290d21c3,confirmations,12,0xa160baf75653bb06ce349901dacdfb93f2db13452c6870f80f5333b29102f56e,,,65376,6000000,0.000000392256,,,,2026-09-01T08:36:41.319Z,,2026-09-01T08:36:54.000Z,2026-09-01T08:37:18.000Z,2026-09-01T08:37:23.666Z,2026-09-01T08:37:23.732Z,2026-09-01T08:37:26.320Z,36.681,42.347,45.001,,,24,5.666,2.654,completed,successo,,processed,,554,01a05c2c-6f93-78e3-a485-ca161f2b8f45,sent,0,1,13,10.00,0.00,0
744,ampliamento-t1-2026-09-01,stablecoin,25.00,EUR,basesepolia,84532,0x91f7b2252256a112fe12ee79ba58e1cb290d21c3,confirmations,12,0x44c42e981d698262fab3ba89ffeee7bfc73e91196ba61b2a6627981d78fd9bd0,,,65388,6000000,0.000000392328,,,,2026-09-01T08:36:41.392Z,,2026-09-01T08:36:54.000Z,2026-09-01T08:37:18.000Z,2026-09-01T08:37:23.153Z,2026-09-01T08:37:23.241Z,2026-09-01T08:37:26.342Z,36.608,41.761,44.95,,,24,5.153,3.189,completed,successo,,processed,,553,01a05c2c-6782-7050-9210-6cb3a9974adf,sent,0,1,13,25.00,0.00,0
745,ampliamento-t1-2026-09-01,stablecoin,50.00,EUR,basesepolia,84532,0x91f7b2252256a112fe12ee79ba58e1cb290d21c3,confirmations,12,0x7eb43536309fdd7116cdbbb9b80d30f82701cb5f08e49ccbbd2bf4a9b359aa31,,,60588,6000000,0.000000363528,,,,2026-09-01T08:36:41.464Z,,2026-09-01T08:36:56.000Z,2026-09-01T08:37:20.000Z,2026-09-01T08:37:30.129Z,2026-09-01T08:37:30.196Z,2026-09-01T08:37:32.308Z,38.536,48.666,50.844,,,24,10.129,2.179,completed,successo,,processed,,556,01a05c2c-862f-7a02-9460-c13273dd9715,sent,0,1,13,50.00,0.00,0
746,ampliamento-t1-2026-09-01,stablecoin,100.00,EUR,basesepolia,84532,0x91f7b2252256a112fe12ee79ba58e1cb290d21c3,confirmations,12,0xc238c0596bcf2aa6205c37612ad8a1f20343ff6d940e248f0c9bd1e834d10f35,,,65388,6000000,0.000000392328,,,,2026-09-01T08:36:41.532Z,,2026-09-01T08:36:50.000Z,2026-09-01T08:37:14.000Z,2026-09-01T08:37:21.201Z,2026-09-01T08:37:21.267Z,2026-09-01T08:37:24.419Z,32.468,39.669,42.887,,,24,7.201,3.218,completed,successo,,processed,,550,01a05c2c-4a7b-7517-b94e-e305466c303e,sent,0,1,13,100.00,0.00,0
747,ampliamento-t1-2026-09-01,stablecoin,250.00,EUR,basesepolia,84532,0x91f7b2252256a112fe12ee79ba58e1cb290d21c3,confirmations,12,0xa54c5c54cd3d67c68041e81bce4c94d92d59f0c26be03da4eba7f78202495db1,,,65388,6000000,0.000000392328,,,,2026-09-01T08:36:41.599Z,,2026-09-01T08:36:50.000Z,2026-09-01T08:37:14.000Z,2026-09-01T08:37:19.503Z,2026-09-01T08:37:19.589Z,2026-09-01T08:37:22.368Z,32.401,37.904,40.769,,,24,5.503,2.865,completed,successo,,processed,,549,01a05c2c-3871-7a2a-b144-68f1d49e58e0,sent,0,1,13,250.00,0.00,0
748,ampliamento-t1-2026-09-01,stablecoin,500.00,EUR,basesepolia,84532,0x91f7b2252256a112fe12ee79ba58e1cb290d21c3,confirmations,12,0x6a9d4ad3c24229f4877a300be82ed9a887394a30ee5a24a227da45f21ec47df1,,,65388,6000000,0.000000392328,,,,2026-09-01T08:36:41.675Z,,2026-09-01T08:36:56.000Z,2026-09-01T08:37:20.000Z,2026-09-01T08:37:29.620Z,2026-09-01T08:37:29.701Z,2026-09-01T08:37:32.259Z,38.325,47.946,50.584,,,24,9.62,2.639,completed,successo,,processed,,555,01a05c2c-7d4e-70ab-b3df-b0a71f4ffbf2,sent,0,1,13,500.00,0.00,0
749,ampliamento-t1-2026-09-01,stablecoin,1000.00,EUR,basesepolia,84532,0x91f7b2252256a112fe12ee79ba58e1cb290d21c3,confirmations,12,0x4b5d6e960bf9b2c1ecd7c22bcb752e4ca74593e4e2120585cf3b90ae1483b327,,,65388,6000000,0.000000392328,,,,2026-09-01T08:36:41.749Z,,2026-09-01T08:36:52.000Z,2026-09-01T08:37:16.000Z,2026-09-01T08:37:22.484Z,2026-09-01T08:37:22.552Z,2026-09-01T08:37:24.657Z,34.251,40.735,42.908,,,24,6.484,2.173,completed,successo,,processed,,552,01a05c2c-5c86-7737-923e-7f9d26c0c89b,sent,0,1,13,1000.00,0.00,0
750,ampliamento-t1-2026-09-01,stablecoin,2500.00,EUR,basesepolia,84532,0x91f7b2252256a112fe12ee79ba58e1cb290d21c3,confirmations,12,0xb9f99772e3ab362110f7c3bc35e12fa86e77c94ec4b309baa4d489b83177fe13,,,65388,6000000,0.000000392328,,,,2026-09-01T08:36:41.824Z,,2026-09-01T08:36:52.000Z,2026-09-01T08:37:16.000Z,2026-09-01T08:37:21.945Z,2026-09-01T08:37:22.039Z,2026-09-01T08:37:24.399Z,34.176,40.121,42.575,,,24,5.945,2.454,completed,successo,,processed,,551,01a05c2c-5370-7da2-b509-5a8acad2644d,sent,0,1,13,2500.00,0.00,0
751,ampliamento-t1-2026-09-01,stablecoin,10.00,EUR,basesepolia,84532,0x91f7b2252256a112fe12ee79ba58e1cb290d21c3,confirmations,12,0xb3b850dad7f22e0178b926ee8e06976c72407ff5c5ff9e5a1a68632a2e70f021,,,65376,6000000,0.000000392256,,,,2026-09-01T08:37:48.189Z,,2026-09-01T08:37:58.000Z,2026-09-01T08:38:22.000Z,2026-09-01T08:38:30.263Z,2026-09-01T08:38:30.344Z,2026-09-01T08:38:32.386Z,33.811,42.074,44.197,,,24,8.263,2.123,completed,successo,,processed,,561,01a05c2c-b65e-7444-a37e-c625dbe75bed,sent,0,1,13,10.00,0.00,0
752,ampliamento-t1-2026-09-01,stablecoin,25.00,EUR,basesepolia,84532,0x91f7b2252256a112fe12ee79ba58e1cb290d21c3,confirmations,12,0xf18887885b8f52177b69730cff82daab94d6cc5af2cbabd424a82582ae723c63,,,65388,6000000,0.000000392328,,,,2026-09-01T08:37:48.261Z,,2026-09-01T08:38:00.000Z,2026-09-01T08:38:24.000Z,2026-09-01T08:38:30.931Z,2026-09-01T08:38:31.010Z,2026-09-01T08:38:32.598Z,35.739,42.67,44.337,,,24,6.931,1.667,completed,successo,,processed,,562,01a05c2c-bfd3-7323-a05e-aacca62300fe,sent,0,1,13,25.00,0.00,0
753,ampliamento-t1-2026-09-01,stablecoin,50.00,EUR,basesepolia,84532,0x91f7b2252256a112fe12ee79ba58e1cb290d21c3,confirmations,12,0xaa0e6faff2262ff287dc21bd92d255503381e0460700e9e4b5c4db9985678566,,,65388,6000000,0.000000392328,,,,2026-09-01T08:37:48.328Z,,2026-09-01T08:38:00.000Z,2026-09-01T08:38:24.000Z,2026-09-01T08:38:31.428Z,2026-09-01T08:38:31.494Z,2026-09-01T08:38:32.635Z,35.672,43.1,44.307,,,24,7.428,1.207,completed,successo,,processed,,563,01a05c2c-c8a9-73f6-9959-fb51e4da2ff6,sent,0,1,13,50.00,0.00,0
754,ampliamento-t1-2026-09-01,stablecoin,100.00,EUR,basesepolia,84532,0x91f7b2252256a112fe12ee79ba58e1cb290d21c3,confirmations,12,0x2e24efc4138741e166e2803d973c5038473addda46050bc7ebd473ebbeac34f2,,,65388,6000000,0.000000392328,,,,2026-09-01T08:37:48.409Z,,2026-09-01T08:37:58.000Z,2026-09-01T08:38:22.000Z,2026-09-01T08:38:29.710Z,2026-09-01T08:38:29.788Z,2026-09-01T08:38:32.315Z,33.591,41.301,43.906,,,24,7.71,2.605,completed,successo,,processed,,560,01a05c2c-ac8f-7cce-b42b-85cfb0906b3a,sent,0,1,13,100.00,0.00,0
755,ampliamento-t1-2026-09-01,stablecoin,250.00,EUR,basesepolia,84532,0x91f7b2252256a112fe12ee79ba58e1cb290d21c3,confirmations,12,0xe2b4f84c036f4ae789c41852e1a04730e3105623db41d414272d5e298e6467c7,,,65388,6000000,0.000000392328,,,,2026-09-01T08:37:48.486Z,,2026-09-01T08:37:56.000Z,2026-09-01T08:38:20.000Z,2026-09-01T08:38:23.407Z,2026-09-01T08:38:23.480Z,2026-09-01T08:38:26.152Z,31.514,34.921,37.666,,,24,3.407,2.745,completed,successo,,processed,,559,01a05c2c-a385-798f-bddd-b24333f44c05,sent,0,1,13,250.00,0.00,0
756,ampliamento-t1-2026-09-01,stablecoin,500.00,EUR,basesepolia,84532,0x91f7b2252256a112fe12ee79ba58e1cb290d21c3,confirmations,12,0x77de5e1e23fca1449dc5f46206d9e6e937f055e03908c80c3e3bd722c9004acd,,,65388,6000000,0.000000392328,,,,2026-09-01T08:37:48.564Z,,2026-09-01T08:37:56.000Z,2026-09-01T08:38:20.000Z,2026-09-01T08:38:22.864Z,2026-09-01T08:38:22.945Z,2026-09-01T08:38:24.184Z,31.436,34.301,35.62,,,24,2.864,1.32,completed,successo,,processed,,558,01a05c2c-99b9-756d-bc3c-23a942db16d1,sent,0,1,13,500.00,0.00,0
757,ampliamento-t1-2026-09-01,stablecoin,1000.00,EUR,basesepolia,84532,0x91f7b2252256a112fe12ee79ba58e1cb290d21c3,confirmations,12,0x5daedd21e85f0600a15047845ce870e59f0d7c8389ac2c3ed281c256f6767045,,,60576,6000000,0.000000363456,,,,2026-09-01T08:37:48.635Z,,2026-09-01T08:38:02.000Z,2026-09-01T08:38:26.000Z,2026-09-01T08:38:32.049Z,2026-09-01T08:38:32.123Z,2026-09-01T08:38:34.276Z,37.365,43.414,45.641,,,24,6.049,2.227,completed,successo,,processed,,564,01a05c2c-d1a6-710b-bd69-35abbf8bd0aa,sent,0,1,13,1000.00,0.00,0
758,ampliamento-t1-2026-09-01,stablecoin,2500.00,EUR,basesepolia,84532,0x91f7b2252256a112fe12ee79ba58e1cb290d21c3,confirmations,12,0x0e7d5523b3880c979f55964a5ef926f883058c2dedbf9dea4b73ddacdefe8073,,,65388,6000000,0.000000392328,,,,2026-09-01T08:37:48.709Z,,2026-09-01T08:37:54.000Z,2026-09-01T08:38:18.000Z,2026-09-01T08:38:20.874Z,2026-09-01T08:38:20.972Z,2026-09-01T08:38:22.184Z,29.291,32.165,33.475,,,24,2.874,1.31,completed,successo,,processed,,557,01a05c2c-8ffc-7615-b96f-68a29cee0c26,sent,0,1,13,2500.00,0.00,0
759,ampliamento-t1-2026-09-01,stablecoin,10.00,EUR,basesepolia,84532,0x91f7b2252256a112fe12ee79ba58e1cb290d21c3,confirmations,12,0xa33cf938104856a5f4eccc9bd1d13389a72b34bfb32786491dd6978ce8d54512,,,65376,6000000,0.000000392256,,,,2026-09-01T08:38:53.252Z,,2026-09-01T08:39:04.000Z,2026-09-01T08:39:28.000Z,2026-09-01T08:39:31.253Z,2026-09-01T08:39:31.332Z,2026-09-01T08:39:34.379Z,34.748,38.001,41.127,,,24,3.253,3.126,completed,successo,,processed,,567,01a05c2d-0280-70f2-b4c7-5299fcea6ed1,sent,0,1,13,10.00,0.00,0
760,ampliamento-t1-2026-09-01,stablecoin,25.00,EUR,basesepolia,84532,0x91f7b2252256a112fe12ee79ba58e1cb290d21c3,confirmations,12,0x43b0ae94f7a36dcadb7913e9b591b37760937b975ec1efc7297d9e34a01169c7,,,65376,6000000,0.000000392256,,,,2026-09-01T08:38:53.324Z,,2026-09-01T08:39:02.000Z,2026-09-01T08:39:26.000Z,2026-09-01T08:39:30.552Z,2026-09-01T08:39:30.621Z,2026-09-01T08:39:32.404Z,32.676,37.228,39.08,,,24,4.552,1.852,completed,successo,,processed,,566,01a05c2c-f825-79a1-9982-8d435347f42b,sent,0,1,13,25.00,0.00,0
761,ampliamento-t1-2026-09-01,stablecoin,50.00,EUR,basesepolia,84532,0x91f7b2252256a112fe12ee79ba58e1cb290d21c3,confirmations,12,0x97b3c6c71303ef7b82075a41809da53a52761fc3f61e43b04fb99d846a3a6b73,,,65376,6000000,0.000000392256,,,,2026-09-01T08:38:53.395Z,,2026-09-01T08:39:06.000Z,2026-09-01T08:39:30.000Z,2026-09-01T08:39:37.772Z,2026-09-01T08:39:37.854Z,2026-09-01T08:39:40.327Z,36.605,44.378,46.932,,,24,7.772,2.555,completed,successo,,processed,,569,01a05c2d-1943-7fc4-8519-047564dfbc18,sent,0,1,13,50.00,0.00,0
762,ampliamento-t1-2026-09-01,stablecoin,100.00,EUR,basesepolia,84532,0x91f7b2252256a112fe12ee79ba58e1cb290d21c3,confirmations,12,0xf456fe869dd7e6d91b782407baf1c6abdc742613915af1152a2da1acd1fccfe7,,,65388,6000000,0.000000392328,,,,2026-09-01T08:38:53.462Z,,2026-09-01T08:39:00.000Z,2026-09-01T08:39:24.000Z,2026-09-01T08:39:29.287Z,2026-09-01T08:39:29.382Z,2026-09-01T08:39:32.378Z,30.538,35.824,38.916,,,24,5.287,3.091,completed,successo,,processed,,565,01a05c2c-e443-73d6-b9d7-aab8cb9cc197,sent,0,1,13,100.00,0.00,0
763,ampliamento-t1-2026-09-01,stablecoin,250.00,EUR,basesepolia,84532,0x91f7b2252256a112fe12ee79ba58e1cb290d21c3,confirmations,12,0x8d6695be5181fed0dccc634a4f0131a15a3c6050154f44af4e78b0a41b9a3943,,,65388,6000000,0.000000392328,,,,2026-09-01T08:38:53.528Z,,2026-09-01T08:39:02.000Z,2026-09-01T08:39:26.000Z,2026-09-01T08:39:29.938Z,2026-09-01T08:39:30.021Z,2026-09-01T08:39:32.575Z,32.472,36.41,39.047,,,24,3.938,2.637,completed,successo,,processed,,566,01a05c2c-edce-73e2-a913-b0169d3867fc,sent,0,1,13,250.00,0.00,0
764,ampliamento-t1-2026-09-01,stablecoin,500.00,EUR,basesepolia,84532,0x91f7b2252256a112fe12ee79ba58e1cb290d21c3,confirmations,12,0x9a5647eeab5168bdb7add1dc3976069a3e3331825fae3292738f178d46bc1ccc,,,65388,6000000,0.000000392328,,,,2026-09-01T08:38:53.597Z,,2026-09-01T08:39:04.000Z,2026-09-01T08:39:28.000Z,2026-09-01T08:39:31.756Z,2026-09-01T08:39:31.825Z,2026-09-01T08:39:34.283Z,34.403,38.16,40.686,,,24,3.756,2.527,completed,successo,,processed,,568,01a05c2d-0f7f-7c8b-be28-24f6a9c57f81,sent,0,1,13,500.00,0.00,0
765,ampliamento-t1-2026-09-01,stablecoin,1000.00,EUR,basesepolia,84532,0x91f7b2252256a112fe12ee79ba58e1cb290d21c3,confirmations,12,0x577a59a603744207bfa1a99121354e98421f284226163d6d549725e1bb61bd65,,,60588,6000000,0.000000363528,,,,2026-09-01T08:38:53.666Z,,2026-09-01T08:39:06.000Z,2026-09-01T08:39:30.000Z,2026-09-01T08:39:38.315Z,2026-09-01T08:39:38.383Z,2026-09-01T08:39:40.341Z,36.334,44.649,46.675,,,24,8.315,2.026,completed,successo,,processed,,570,01a05c2d-230b-7601-9a81-c56ee359e13e,sent,0,1,13,1000.00,0.00,0
766,ampliamento-t1-2026-09-01,stablecoin,2500.00,EUR,basesepolia,84532,0x91f7b2252256a112fe12ee79ba58e1cb290d21c3,confirmations,12,0x710d75c6d089821eeebc7d000b09ac721e762be7bb6bc30489cdff26732c8744,,,65388,6000000,0.000000392328,,,,2026-09-01T08:38:53.736Z,,2026-09-01T08:39:00.000Z,2026-09-01T08:39:24.000Z,2026-09-01T08:39:28.685Z,2026-09-01T08:39:28.787Z,2026-09-01T08:39:30.356Z,30.264,34.949,36.62,,,24,4.685,1.671,completed,successo,,processed,,564,01a05c2c-daa1-7393-8084-d0e500195ac9,sent,0,1,13,2500.00,0.00,0
767,ampliamento-t1-2026-09-01,stablecoin,10.00,EUR,basesepolia,84532,0x91f7b2252256a112fe12ee79ba58e1cb290d21c3,confirmations,12,0xbe7c9e32fd8a3400f78328618dbf7e067f2692e5a10d8139b32443b96e612253,,,60576,6000000,0.000000363456,,,,2026-09-01T08:40:13.563Z,,2026-09-01T08:40:28.000Z,2026-09-01T08:40:52.000Z,2026-09-01T08:40:56.469Z,2026-09-01T08:40:56.541Z,2026-09-01T08:40:58.284Z,38.437,42.906,44.721,,,24,4.469,1.815,completed,successo,,processed,,571,01a05c2d-1a32-786a-843a-ea082108d5fc,sent,0,1,13,10.00,0.00,0
768,ampliamento-t1-2026-09-01,stablecoin,25.00,EUR,basesepolia,84532,0x91f7b2252256a112fe12ee79ba58e1cb290d21c3,confirmations,12,0x6c75ce063b0432a90ec469257efa3a87f27c06852a8869c535ce9411b78c8264,,,65388,6000000,0.000000392328,,,,2026-09-01T08:40:13.643Z,,2026-09-01T08:40:22.000Z,2026-09-01T08:40:46.000Z,2026-09-01T08:40:53.099Z,2026-09-01T08:40:53.192Z,2026-09-01T08:40:56.539Z,32.357,39.456,42.896,,,24,7.099,3.44,completed,successo,,processed,,566,01a05c2c-e6b8-7e85-a49f-0e20dabca6c1,sent,0,1,13,25.00,0.00,0
769,ampliamento-t1-2026-09-01,stablecoin,50.00,EUR,basesepolia,84532,0x91f7b2252256a112fe12ee79ba58e1cb290d21c3,confirmations,12,0x291d8279bbb7b80f798b0e7543ad29e94907ff6e59065cd653723d23add8be85,,,65388,6000000,0.000000392328,,,,2026-09-01T08:40:13.719Z,,2026-09-01T08:40:18.000Z,2026-09-01T08:40:42.000Z,2026-09-01T08:40:46.018Z,2026-09-01T08:40:46.102Z,2026-09-01T08:40:48.173Z,28.281,32.299,34.454,,,24,4.018,2.155,completed,successo,,processed,,564,01a05c2c-d163-7c26-ab41-d0948f0b205f,sent,0,1,13,50.00,0.00,0
770,ampliamento-t1-2026-09-01,stablecoin,100.00,EUR,basesepolia,84532,0x91f7b2252256a112fe12ee79ba58e1cb290d21c3,confirmations,12,0xe9d51fceeee024c5ff7022650aca0a4a184e2a159603e117a6f42a85560a491c,,,65388,6000000,0.000000392328,,,,2026-09-01T08:40:13.801Z,,2026-09-01T08:40:24.000Z,2026-09-01T08:40:48.000Z,2026-09-01T08:40:54.339Z,2026-09-01T08:40:54.420Z,2026-09-01T08:40:56.260Z,34.199,40.539,42.459,,,24,6.339,1.921,completed,successo,,processed,,568,01a05c2c-fd06-7028-b14b-25f38b75b2ea,sent,0,1,13,100.00,0.00,0
771,ampliamento-t1-2026-09-01,stablecoin,250.00,EUR,basesepolia,84532,0x91f7b2252256a112fe12ee79ba58e1cb290d21c3,confirmations,12,0x4cda6309eafdfe209a44fd80f64b554f86cb5947b6614c682c63810f4c46ce60,,,65388,6000000,0.000000392328,,,,2026-09-01T08:40:13.878Z,,2026-09-01T08:40:22.000Z,2026-09-01T08:40:46.000Z,2026-09-01T08:40:53.644Z,2026-09-01T08:40:53.733Z,2026-09-01T08:40:56.302Z,32.122,39.766,42.424,,,24,7.644,2.658,completed,successo,,processed,,567,01a05c2c-f0e4-74df-ab04-61546ec0695c,sent,0,1,13,250.00,0.00,0
772,ampliamento-t1-2026-09-01,stablecoin,500.00,EUR,basesepolia,84532,0x91f7b2252256a112fe12ee79ba58e1cb290d21c3,confirmations,12,0x26227815d382cd8b3debffd76443617532c4a3cc7004ab5d17760d53f9c22de3,,,65388,6000000,0.000000392328,,,,2026-09-01T08:40:13.951Z,,2026-09-01T08:40:20.000Z,2026-09-01T08:40:44.000Z,2026-09-01T08:40:46.715Z,2026-09-01T08:40:46.801Z,2026-09-01T08:40:48.210Z,30.049,32.764,34.259,,,24,2.715,1.495,completed,successo,,processed,,565,01a05c2c-dc2e-7996-a6d7-c594250675d5,sent,0,1,13,500.00,0.00,0
773,ampliamento-t1-2026-09-01,stablecoin,1000.00,EUR,basesepolia,84532,0x91f7b2252256a112fe12ee79ba58e1cb290d21c3,confirmations,12,0x5ea204cadb27fcffb11faf04c2e6442686cf9ac1ed722176ea5fef357062693e,,,65388,6000000,0.000000392328,,,,2026-09-01T08:40:14.029Z,,2026-09-01T08:40:26.000Z,2026-09-01T08:40:50.000Z,2026-09-01T08:40:55.757Z,2026-09-01T08:40:55.838Z,2026-09-01T08:40:58.464Z,35.971,41.728,44.435,,,24,5.757,2.707,completed,successo,,processed,,570,01a05c2d-1087-7181-a504-e57dafb6f80a,sent,0,1,13,1000.00,0.00,0
774,ampliamento-t1-2026-09-01,stablecoin,2500.00,EUR,basesepolia,84532,0x91f7b2252256a112fe12ee79ba58e1cb290d21c3,confirmations,12,0xad5e0beb2f5e0cb9deff102ac1db4dad03c8922ae13a0940192dbb34ab6afaec,,,65388,6000000,0.000000392328,,,,2026-09-01T08:40:14.103Z,,2026-09-01T08:40:24.000Z,2026-09-01T08:40:48.000Z,2026-09-01T08:40:54.919Z,2026-09-01T08:40:54.986Z,2026-09-01T08:40:58.233Z,33.897,40.817,44.13,,,24,6.919,3.314,completed,successo,,processed,,569,01a05c2d-06f6-76c3-afc4-9ba4e36f77ca,sent,0,1,13,2500.00,0.00,0
775,ampliamento-t2-2026-09-01,stablecoin,10.00,EUR,basesepolia,84532,0x91f7b2252256a112fe12ee79ba58e1cb290d21c3,confirmations,12,0xaa6aef44cc3129f8cd0d27ca428aed4b427f8cdf9892df399f3c41db9ee16f06,,,65376,6000000,0.000000392256,,,,2026-09-01T10:24:48.881Z,,2026-09-01T10:24:56.000Z,2026-09-01T10:25:20.000Z,2026-09-01T10:25:30.140Z,2026-09-01T10:25:30.206Z,2026-09-01T10:25:31.712Z,31.119,41.26,42.831,,,24,10.14,1.572,completed,successo,,processed,,572,01a05c80-d3bd-710e-b613-53e6182013f1,sent,0,1,13,10.00,0.00,0
776,ampliamento-t2-2026-09-01,stablecoin,25.00,EUR,basesepolia,84532,0x91f7b2252256a112fe12ee79ba58e1cb290d21c3,confirmations,12,0xfceaf3bf4e5ae4598c19a5de2d3782151ebe671d87bf1f75c090fbacfbce5782,,,65388,6000000,0.000000392328,,,,2026-09-01T10:24:48.959Z,,2026-09-01T10:25:02.000Z,2026-09-01T10:25:26.000Z,2026-09-01T10:25:33.349Z,2026-09-01T10:25:33.425Z,2026-09-01T10:25:35.829Z,37.041,44.39,46.87,,,24,7.349,2.48,completed,successo,,processed,,577,01a05c81-06a6-7283-9cc2-ae20cfdfae11,sent,0,1,13,25.00,0.00,0
777,ampliamento-t2-2026-09-01,stablecoin,50.00,EUR,basesepolia,84532,0x91f7b2252256a112fe12ee79ba58e1cb290d21c3,confirmations,12,0xafbe670bf319fddb35500e3a318aef5cd7a569e91dd1f4ccb81b21c40ce39cca,,,65388,6000000,0.000000392328,,,,2026-09-01T10:24:49.026Z,,2026-09-01T10:24:58.000Z,2026-09-01T10:25:22.000Z,2026-09-01T10:25:31.563Z,2026-09-01T10:25:31.650Z,2026-09-01T10:25:33.728Z,32.974,42.537,44.702,,,24,9.563,2.165,completed,successo,,processed,,574,01a05c80-e640-7104-836f-18c0e012e885,sent,0,1,13,50.00,0.00,0
778,ampliamento-t2-2026-09-01,stablecoin,100.00,EUR,basesepolia,84532,0x91f7b2252256a112fe12ee79ba58e1cb290d21c3,confirmations,12,0x6a2b1bbd0a5519b8f8ca396e0ac05c574d485576c8b2fe9a45bf0c89c99b00e7,,,65388,6000000,0.000000392328,,,,2026-09-01T10:24:49.100Z,,2026-09-01T10:24:54.000Z,2026-09-01T10:25:18.000Z,2026-09-01T10:25:23.039Z,2026-09-01T10:25:23.139Z,2026-09-01T10:25:25.743Z,28.9,33.939,36.643,,,24,5.039,2.704,completed,successo,,processed,,571,01a05c80-c99d-7256-ae80-353aea77e1a8,sent,0,1,13,100.00,0.00,0
779,ampliamento-t2-2026-09-01,stablecoin,250.00,EUR,basesepolia,84532,0x91f7b2252256a112fe12ee79ba58e1cb290d21c3,confirmations,12,0xf008b088fdd674f0e1ae98ccb4530a1dc54c9c82291e13d22a0e5d74ed2b8ed6,,,65388,6000000,0.000000392328,,,,2026-09-01T10:24:49.179Z,,2026-09-01T10:25:00.000Z,2026-09-01T10:25:24.000Z,2026-09-01T10:25:32.275Z,2026-09-01T10:25:32.344Z,2026-09-01T10:25:33.912Z,34.821,43.095,44.733,,,24,8.275,1.637,completed,successo,,processed,,575,01a05c80-ef70-785a-88a1-962f7746a182,sent,0,1,13,250.00,0.00,0
780,ampliamento-t2-2026-09-01,stablecoin,500.00,EUR,basesepolia,84532,0x91f7b2252256a112fe12ee79ba58e1cb290d21c3,confirmations,12,0xc0d170ae15024573d508f358e2bae91dff25a382c19e4a8751d63bcfbea11b4c,,,65388,6000000,0.000000392328,,,,2026-09-01T10:24:49.256Z,,2026-09-01T10:24:56.000Z,2026-09-01T10:25:20.000Z,2026-09-01T10:25:30.676Z,2026-09-01T10:25:30.742Z,2026-09-01T10:25:33.648Z,30.744,41.42,44.392,,,24,10.676,2.972,completed,successo,,processed,,573,01a05c80-dce0-727b-9cf7-39a9a83154f5,sent,0,1,13,500.00,0.00,0
781,ampliamento-t2-2026-09-01,stablecoin,1000.00,EUR,basesepolia,84532,0x91f7b2252256a112fe12ee79ba58e1cb290d21c3,confirmations,12,0x67e6a9e186436fadd013b797e2bc1feeff4e76f4c542946044d5d6f8dd5a243c,,,65388,6000000,0.000000392328,,,,2026-09-01T10:24:49.358Z,,2026-09-01T10:25:00.000Z,2026-09-01T10:25:24.000Z,2026-09-01T10:25:32.787Z,2026-09-01T10:25:32.860Z,2026-09-01T10:25:36.025Z,34.642,43.429,46.667,,,24,8.787,3.238,completed,successo,,processed,,576,01a05c80-fd16-72cb-8158-0641da0efc0b,sent,0,1,13,1000.00,0.00,0
782,ampliamento-t2-2026-09-01,stablecoin,2500.00,EUR,basesepolia,84532,0x91f7b2252256a112fe12ee79ba58e1cb290d21c3,confirmations,12,0xd394af5d0a71ff4acf4f9fbdd888bd5dffaea953f4130c525ba2400aaa82f72c,,,60588,6000000,0.000000363528,,,,2026-09-01T10:24:49.434Z,,2026-09-01T10:25:02.000Z,2026-09-01T10:25:26.000Z,2026-09-01T10:25:33.933Z,2026-09-01T10:25:33.990Z,2026-09-01T10:25:36.098Z,36.566,44.498,46.664,,,24,7.933,2.165,completed,successo,,processed,,578,01a05c81-1017-755a-aec8-13933dd77dd7,sent,0,1,13,2500.00,0.00,0
783,ampliamento-t2-2026-09-01,stablecoin,10.00,EUR,basesepolia,84532,0x91f7b2252256a112fe12ee79ba58e1cb290d21c3,confirmations,12,0x7a0b3e9f113e3fd5f2a456a4ccc253a39159bdfbd78762aa65d4b7bd05b7b803,,,60576,6000000,0.000000363456,,,,2026-09-01T10:26:09.646Z,,2026-09-01T10:26:22.000Z,2026-09-01T10:26:46.000Z,2026-09-01T10:26:55.100Z,2026-09-01T10:26:55.193Z,2026-09-01T10:26:57.584Z,36.354,45.454,47.938,,,24,9.1,2.484,completed,successo,,processed,,586,01a05c82-59e4-74fa-8efe-82a4e1c48e61,sent,0,1,13,10.00,0.00,0
784,ampliamento-t2-2026-09-01,stablecoin,25.00,EUR,basesepolia,84532,0x91f7b2252256a112fe12ee79ba58e1cb290d21c3,confirmations,12,0xbc5c555728c2e63bdabb2bf30cb9d34ed8c1c9bb2bc8428369b3db2b043199ae,,,65388,6000000,0.000000392328,,,,2026-09-01T10:26:09.737Z,,2026-09-01T10:26:18.000Z,2026-09-01T10:26:42.000Z,2026-09-01T10:26:45.556Z,2026-09-01T10:26:45.633Z,2026-09-01T10:26:47.588Z,32.263,35.819,37.851,,,24,3.556,2.032,completed,successo,,processed,,583,01a05c82-36c4-777a-a361-cb70c7225d33,sent,0,1,13,25.00,0.00,0
785,ampliamento-t2-2026-09-01,stablecoin,50.00,EUR,basesepolia,84532,0x91f7b2252256a112fe12ee79ba58e1cb290d21c3,confirmations,12,0xf86f43997de044382281155c5772007c6a23f01769d1efb0a64b27107ad3b3d6,,,65388,6000000,0.000000392328,,,,2026-09-01T10:26:09.818Z,,2026-09-01T10:26:20.000Z,2026-09-01T10:26:44.000Z,2026-09-01T10:26:53.890Z,2026-09-01T10:26:53.970Z,2026-09-01T10:26:56.263Z,34.182,44.072,46.445,,,24,9.89,2.373,completed,successo,,processed,,584,01a05c82-417e-73e0-a6f2-efd5e6283675,sent,0,1,13,50.00,0.00,0
786,ampliamento-t2-2026-09-01,stablecoin,100.00,EUR,basesepolia,84532,0x91f7b2252256a112fe12ee79ba58e1cb290d21c3,confirmations,12,0x0c1cf3c39ee4c3eccc6494d9d90d08b44540aa2060e43f2d744828d6b78d8578,,,65388,6000000,0.000000392328,,,,2026-09-01T10:26:09.883Z,,2026-09-01T10:26:14.000Z,2026-09-01T10:26:38.000Z,2026-09-01T10:26:43.062Z,2026-09-01T10:26:43.152Z,2026-09-01T10:26:45.736Z,28.117,33.179,35.853,,,24,5.062,2.674,completed,successo,,processed,,579,01a05c82-0750-741e-b390-c92cc5f54720,sent,0,1,13,100.00,0.00,0
787,ampliamento-t2-2026-09-01,stablecoin,250.00,EUR,basesepolia,84532,0x91f7b2252256a112fe12ee79ba58e1cb290d21c3,confirmations,12,0x38b3329c130cddab09d4608168a2bbc7fcf870cc296c22e4e7bc799ac0ef7961,,,65388,6000000,0.000000392328,,,,2026-09-01T10:26:09.959Z,,2026-09-01T10:26:18.000Z,2026-09-01T10:26:42.000Z,2026-09-01T10:26:45.011Z,2026-09-01T10:26:45.093Z,2026-09-01T10:26:47.624Z,32.041,35.052,37.665,,,24,3.011,2.613,completed,successo,,processed,,582,01a05c82-2dcc-7c56-a4e7-9df3271c09d8,sent,0,1,13,250.00,0.00,0
788,ampliamento-t2-2026-09-01,stablecoin,500.00,EUR,basesepolia,84532,0x91f7b2252256a112fe12ee79ba58e1cb290d21c3,confirmations,12,0xcaf4c3f079c18ab924f28e6dda3ae7d8b2f2252db30105997c59c90a0aadbf5e,,,65388,6000000,0.000000392328,,,,2026-09-01T10:26:10.030Z,,2026-09-01T10:26:16.000Z,2026-09-01T10:26:40.000Z,2026-09-01T10:26:43.777Z,2026-09-01T10:26:43.863Z,2026-09-01T10:26:46.307Z,29.97,33.747,36.277,,,24,3.777,2.53,completed,successo,,processed,,580,01a05c82-12eb-7648-a8ca-6bda14f186f1,sent,0,1,13,500.00,0.00,0
789,ampliamento-t2-2026-09-01,stablecoin,1000.00,EUR,basesepolia,84532,0x91f7b2252256a112fe12ee79ba58e1cb290d21c3,confirmations,12,0xbf88ac041bb11ddb0c1faec042e5b268eb5ca965976572f1dfab795f1d035ef0,,,65388,6000000,0.000000392328,,,,2026-09-01T10:26:10.105Z,,2026-09-01T10:26:20.000Z,2026-09-01T10:26:44.000Z,2026-09-01T10:26:54.432Z,2026-09-01T10:26:54.528Z,2026-09-01T10:26:55.878Z,33.895,44.327,45.773,,,24,10.432,1.446,completed,successo,,processed,,585,01a05c82-4af1-7135-971b-378dcdf1d167,sent,0,1,13,1000.00,0.00,0
790,ampliamento-t2-2026-09-01,stablecoin,2500.00,EUR,basesepolia,84532,0x91f7b2252256a112fe12ee79ba58e1cb290d21c3,confirmations,12,0xac05a9abf2c82574ffba4bad528d1edb0addd4ce94ae3c455c3f3234eb4337f7,,,65388,6000000,0.000000392328,,,,2026-09-01T10:26:10.189Z,,2026-09-01T10:26:16.000Z,2026-09-01T10:26:40.000Z,2026-09-01T10:26:44.311Z,2026-09-01T10:26:44.397Z,2026-09-01T10:26:45.656Z,29.811,34.122,35.467,,,24,4.311,1.345,completed,successo,,processed,,581,01a05c82-1d5a-7283-b868-0ccfbbb7725c,sent,0,1,13,2500.00,0.00,0
791,ampliamento-t2-2026-09-01,stablecoin,10.00,EUR,basesepolia,84532,0x91f7b2252256a112fe12ee79ba58e1cb290d21c3,confirmations,12,0xcec106b19f37d2281e4fdb01bc94d0483d3d5c7fbc2ce9dc75c417b1f0e7aaa0,,,65364,6000000,0.000000392184,,,,2026-09-01T10:27:29.253Z,,2026-09-01T10:27:40.000Z,2026-09-01T10:28:04.000Z,2026-09-01T10:28:08.125Z,2026-09-01T10:28:08.215Z,2026-09-01T10:28:10.377Z,34.747,38.872,41.124,,,24,4.125,2.252,completed,successo,,processed,,591,01a05c83-795b-7a91-a195-222ff763e103,sent,0,1,13,10.00,0.00,0
792,ampliamento-t2-2026-09-01,stablecoin,25.00,EUR,basesepolia,84532,0x91f7b2252256a112fe12ee79ba58e1cb290d21c3,confirmations,12,0x2426e8cbceae04ef76a4c9abb5fec03b49bfdf80d16b456e197b3f1d28fb313d,,,65388,6000000,0.000000392328,,,,2026-09-01T10:27:29.335Z,,2026-09-01T10:27:40.000Z,2026-09-01T10:28:04.000Z,2026-09-01T10:28:07.547Z,2026-09-01T10:28:07.625Z,2026-09-01T10:28:10.341Z,34.665,38.212,41.006,,,24,3.547,2.794,completed,successo,,processed,,590,01a05c83-6efb-7cc6-b765-47e62257bf84,sent,0,1,13,25.00,0.00,0
793,ampliamento-t2-2026-09-01,stablecoin,50.00,EUR,basesepolia,84532,0x91f7b2252256a112fe12ee79ba58e1cb290d21c3,confirmations,12,0x1bc300416151fda4a957419f63cbfe6f73f2b1cedff426b6b7dedd7335671368,,,65376,6000000,0.000000392256,,,,2026-09-01T10:27:29.408Z,,2026-09-01T10:27:36.000Z,2026-09-01T10:28:00.000Z,2026-09-01T10:28:05.625Z,2026-09-01T10:28:05.700Z,2026-09-01T10:28:07.612Z,30.592,36.216,38.204,,,24,5.625,1.987,completed,successo,,processed,,587,01a05c83-512c-7aa0-bf72-3a7a9bec025d,sent,0,1,13,50.00,0.00,0
794,ampliamento-t2-2026-09-01,stablecoin,100.00,EUR,basesepolia,84532,0x91f7b2252256a112fe12ee79ba58e1cb290d21c3,confirmations,12,0x4360da76c02a9f4b0bd28b3af49a07b4f9babc1da2b060cf6b93029b05c59676,,,65376,6000000,0.000000392256,,,,2026-09-01T10:27:29.492Z,,2026-09-01T10:27:38.000Z,2026-09-01T10:28:02.000Z,2026-09-01T10:28:06.320Z,2026-09-01T10:28:06.403Z,2026-09-01T10:28:07.638Z,32.508,36.828,38.146,,,24,4.32,1.318,completed,successo,,processed,,588,01a05c83-5b71-7df6-b13a-cd7c8af6227c,sent,0,1,13,100.00,0.00,0
795,ampliamento-t2-2026-09-01,stablecoin,250.00,EUR,basesepolia,84532,0x91f7b2252256a112fe12ee79ba58e1cb290d21c3,confirmations,12,0xe9403fcd2482e12e90fdd8da22e991c41b8b9c4d25893ee074685cc2562373c5,,,65388,6000000,0.000000392328,,,,2026-09-01T10:27:29.567Z,,2026-09-01T10:27:38.000Z,2026-09-01T10:28:02.000Z,2026-09-01T10:28:06.844Z,2026-09-01T10:28:06.913Z,2026-09-01T10:28:09.584Z,32.433,37.278,40.017,,,24,4.844,2.74,completed,successo,,processed,,589,01a05c83-6518-730b-8fda-ec5bf05a28f9,sent,0,1,13,250.00,0.00,0
796,ampliamento-t2-2026-09-01,stablecoin,500.00,EUR,basesepolia,84532,0x91f7b2252256a112fe12ee79ba58e1cb290d21c3,confirmations,12,0x6d2baacbb1c9d9c193cf15f5419e52f9fbc66a81c96b9a971be4bdd298abff2a,,,65388,6000000,0.000000392328,,,,2026-09-01T10:27:29.642Z,,2026-09-01T10:27:44.000Z,2026-09-01T10:28:08.000Z,2026-09-01T10:28:14.644Z,2026-09-01T10:28:14.714Z,2026-09-01T10:28:16.341Z,38.358,45.002,46.699,,,24,6.644,1.697,completed,successo,,processed,,593,01a05c83-8ce9-7aa3-a09d-0a0ccf596204,sent,0,1,13,500.00,0.00,0
797,ampliamento-t2-2026-09-01,stablecoin,1000.00,EUR,basesepolia,84532,0x91f7b2252256a112fe12ee79ba58e1cb290d21c3,confirmations,12,0x23d19cdb0fea81006c68522c230c28311ee5551472d230d909e7eb69c53babae,,,65388,6000000,0.000000392328,,,,2026-09-01T10:27:29.708Z,,2026-09-01T10:27:44.000Z,2026-09-01T10:28:08.000Z,2026-09-01T10:28:14.119Z,2026-09-01T10:28:14.202Z,2026-09-01T10:28:16.280Z,38.292,44.411,46.572,,,24,6.119,2.161,completed,successo,,processed,,592,01a05c83-8346-744e-9499-948e5a869d1b,sent,0,1,13,1000.00,0.00,0
798,ampliamento-t2-2026-09-01,stablecoin,2500.00,EUR,basesepolia,84532,0x91f7b2252256a112fe12ee79ba58e1cb290d21c3,confirmations,12,0x084adcc7eb75d9f96322f630b2f8d6c6e86edcad47588e30421fd69a000f0867,,,60588,6000000,0.000000363528,,,,2026-09-01T10:27:29.773Z,,2026-09-01T10:27:46.000Z,2026-09-01T10:28:10.000Z,2026-09-01T10:28:15.273Z,2026-09-01T10:28:15.355Z,2026-09-01T10:28:18.311Z,40.227,45.5,48.538,,,24,5.273,3.038,completed,successo,,processed,,594,01a05c83-9701-76ec-8003-077cf5673ae6,sent,0,1,13,2500.00,0.00,0
799,ampliamento-t2-2026-09-01,stablecoin,10.00,EUR,basesepolia,84532,0x91f7b2252256a112fe12ee79ba58e1cb290d21c3,confirmations,12,0x01206e8b0069f00ac2d6d052acd4b2c0374c88029c5b2163ab9f9f656515e794,,,65376,6000000,0.000000392256,,,,2026-09-01T10:28:37.144Z,,2026-09-01T10:28:54.000Z,2026-09-01T10:29:18.000Z,2026-09-01T10:29:22.445Z,2026-09-01T10:29:22.530Z,2026-09-01T10:29:23.611Z,40.856,45.301,46.467,,,24,4.445,1.166,completed,successo,,processed,,601,01a05c84-cb55-7bba-bd22-6eb42fe78b18,sent,0,1,13,10.00,0.00,0
800,ampliamento-t2-2026-09-01,stablecoin,25.00,EUR,basesepolia,84532,0x91f7b2252256a112fe12ee79ba58e1cb290d21c3,confirmations,12,0x47bdc959142952f45ccfd6245fd1678a2608355cb62cef32a9105bf190c14f03,,,65388,6000000,0.000000392328,,,,2026-09-01T10:28:37.219Z,,2026-09-01T10:28:50.000Z,2026-09-01T10:29:14.000Z,2026-09-01T10:29:20.101Z,2026-09-01T10:29:20.190Z,2026-09-01T10:29:21.544Z,36.781,42.883,44.325,,,24,6.101,1.443,completed,successo,,processed,,599,01a05c84-b3c1-7159-b244-835bdd875bf0,sent,0,1,13,25.00,0.00,0
801,ampliamento-t2-2026-09-01,stablecoin,50.00,EUR,basesepolia,84532,0x91f7b2252256a112fe12ee79ba58e1cb290d21c3,confirmations,12,0xf9c5424a338e5dbbdb9b9e63726c469798a59cdafe9136d25c8b10379c4833d6,,,65388,6000000,0.000000392328,,,,2026-09-01T10:28:37.289Z,,2026-09-01T10:28:48.000Z,2026-09-01T10:29:12.000Z,2026-09-01T10:29:14.171Z,2026-09-01T10:29:14.269Z,2026-09-01T10:29:15.663Z,34.711,36.882,38.374,,,24,2.171,1.492,completed,successo,,processed,,598,01a05c84-aa2d-7014-af80-73623830111b,sent,0,1,13,50.00,0.00,0
802,ampliamento-t2-2026-09-01,stablecoin,100.00,EUR,basesepolia,84532,0x91f7b2252256a112fe12ee79ba58e1cb290d21c3,confirmations,12,0xcfc2d404c3e44cc36e2f14d5b38549c6cfe2dbb0c78bdf18fe8259d39e76cc77,,,65388,6000000,0.000000392328,,,,2026-09-01T10:28:37.356Z,,2026-09-01T10:28:46.000Z,2026-09-01T10:29:10.000Z,2026-09-01T10:29:13.613Z,2026-09-01T10:29:13.713Z,2026-09-01T10:29:15.640Z,32.644,36.257,38.284,,,24,3.613,2.027,completed,successo,,processed,,597,01a05c84-a039-7eaf-b526-e370ac5792d8,sent,0,1,13,100.00,0.00,0
803,ampliamento-t2-2026-09-01,stablecoin,250.00,EUR,basesepolia,84532,0x91f7b2252256a112fe12ee79ba58e1cb290d21c3,confirmations,12,0x2e021502c9746e207f6783b84c56f85e8e216fa1e04632c439bcf3c93d6a2af9,,,65388,6000000,0.000000392328,,,,2026-09-01T10:28:37.423Z,,2026-09-01T10:28:44.000Z,2026-09-01T10:29:08.000Z,2026-09-01T10:29:12.541Z,2026-09-01T10:29:12.633Z,2026-09-01T10:29:13.565Z,30.577,35.118,36.142,,,24,4.541,1.024,completed,successo,,processed,,595,01a05c84-8dbd-7605-ab73-b7833a37090d,sent,0,1,13,250.00,0.00,0
804,ampliamento-t2-2026-09-01,stablecoin,500.00,EUR,basesepolia,84532,0x91f7b2252256a112fe12ee79ba58e1cb290d21c3,confirmations,12,0xb5a79bb293fdb2153ece19274fd6e8e4d109658384fe11b14624a3f03e1063e5,,,65376,6000000,0.000000392256,,,,2026-09-01T10:28:37.486Z,,2026-09-01T10:28:50.000Z,2026-09-01T10:29:14.000Z,2026-09-01T10:29:21.893Z,2026-09-01T10:29:21.973Z,2026-09-01T10:29:23.587Z,36.514,44.407,46.101,,,24,7.893,1.694,completed,successo,,processed,,600,01a05c84-c1e3-7fae-81c2-d559c76264de,sent,0,1,13,500.00,0.00,0
805,ampliamento-t2-2026-09-01,stablecoin,1000.00,EUR,basesepolia,84532,0x91f7b2252256a112fe12ee79ba58e1cb290d21c3,confirmations,12,0xe5bb7da8ec8cbe7bb3eb1116e01941ba062d37ffcea01ef7e85327d00c3f7ab1,,,65388,6000000,0.000000392328,,,,2026-09-01T10:28:37.564Z,,2026-09-01T10:28:44.000Z,2026-09-01T10:29:08.000Z,2026-09-01T10:29:13.073Z,2026-09-01T10:29:13.152Z,2026-09-01T10:29:15.853Z,30.436,35.509,38.289,,,24,5.073,2.78,completed,successo,,processed,,596,01a05c84-9711-7e1e-b017-99fb379c2618,sent,0,1,13,1000.00,0.00,0
806,ampliamento-t2-2026-09-01,stablecoin,2500.00,EUR,basesepolia,84532,0x91f7b2252256a112fe12ee79ba58e1cb290d21c3,confirmations,12,0xef118486cf77308760b4f034ec6d91278f93f411dbbba2359e3fc7d6d6acb833,,,60588,6000000,0.000000363528,,,,2026-09-01T10:28:37.637Z,,2026-09-01T10:28:56.000Z,2026-09-01T10:29:20.000Z,2026-09-01T10:29:28.350Z,2026-09-01T10:29:28.441Z,2026-09-01T10:29:30.314Z,42.363,50.713,52.677,,,24,8.35,1.964,completed,successo,,processed,,602,01a05c84-d515-776d-bb51-7dde5df140bb,sent,0,1,13,2500.00,0.00,0
807,ampliamento-t2-2026-09-01,stablecoin,10.00,EUR,basesepolia,84532,0x91f7b2252256a112fe12ee79ba58e1cb290d21c3,confirmations,12,0x746f77244d0b8456d2b1541a7addf6928d6437d54431058a201ff7c678858c64,,,65376,6000000,0.000000392256,,,,2026-09-01T10:30:03.609Z,,2026-09-01T10:30:10.000Z,2026-09-01T10:30:34.000Z,2026-09-01T10:30:36.550Z,2026-09-01T10:30:36.633Z,2026-09-01T10:30:38.304Z,30.391,32.941,34.695,,,24,2.55,1.754,completed,successo,,processed,,604,01a05c85-d5d7-7d18-99fa-1651a1ad7779,sent,0,1,13,10.00,0.00,0
808,ampliamento-t2-2026-09-01,stablecoin,25.00,EUR,basesepolia,84532,0x91f7b2252256a112fe12ee79ba58e1cb290d21c3,confirmations,12,0xa6c1aef86d0365a388c2ceaaf2e6c4c8f1215d111459584bbc72e7eac692fc57,,,60588,6000000,0.000000363528,,,,2026-09-01T10:30:03.695Z,,2026-09-01T10:30:18.000Z,2026-09-01T10:30:42.000Z,2026-09-01T10:30:46.548Z,2026-09-01T10:30:46.622Z,2026-09-01T10:30:48.557Z,38.305,42.853,44.862,,,24,4.548,2.009,completed,successo,,processed,,610,01a05c86-4098-7bf2-bcaa-d517277ef53f,sent,0,1,13,25.00,0.00,0
809,ampliamento-t2-2026-09-01,stablecoin,50.00,EUR,basesepolia,84532,0x91f7b2252256a112fe12ee79ba58e1cb290d21c3,confirmations,12,0x02a9060be6851e81062380bb1a135a99bbf0dc4ca2dc804f14ec395813269fb6,,,65388,6000000,0.000000392328,,,,2026-09-01T10:30:03.784Z,,2026-09-01T10:30:16.000Z,2026-09-01T10:30:40.000Z,2026-09-01T10:30:45.863Z,2026-09-01T10:30:45.948Z,2026-09-01T10:30:48.286Z,36.216,42.079,44.502,,,24,5.863,2.423,completed,successo,,processed,,609,01a05c86-3707-7571-8855-3c62c002a2cd,sent,0,1,13,50.00,0.00,0
810,ampliamento-t2-2026-09-01,stablecoin,100.00,EUR,basesepolia,84532,0x91f7b2252256a112fe12ee79ba58e1cb290d21c3,confirmations,12,0x0959fdd909bc030b4d06d6e8aa753a7103290ada144ccd4c6c349cd4ed399efb,,,65388,6000000,0.000000392328,,,,2026-09-01T10:30:03.863Z,,2026-09-01T10:30:14.000Z,2026-09-01T10:30:38.000Z,2026-09-01T10:30:44.641Z,2026-09-01T10:30:44.724Z,2026-09-01T10:30:46.374Z,34.137,40.779,42.511,,,24,6.641,1.733,completed,successo,,processed,,607,01a05c86-252e-776d-a11e-ccca6d61b18d,sent,0,1,13,100.00,0.00,0
811,ampliamento-t2-2026-09-01,stablecoin,250.00,EUR,basesepolia,84532,0x91f7b2252256a112fe12ee79ba58e1cb290d21c3,confirmations,12,0x624f5e03cf8db4dc9b9340ae6f679a495fb5f85adac264ef0cd893c344666bbb,,,65388,6000000,0.000000392328,,,,2026-09-01T10:30:03.949Z,,2026-09-01T10:30:10.000Z,2026-09-01T10:30:34.000Z,2026-09-01T10:30:35.944Z,2026-09-01T10:30:36.025Z,2026-09-01T10:30:38.319Z,30.051,31.995,34.37,,,24,1.944,2.375,completed,successo,,processed,,603,01a05c85-cc7a-7631-93fc-8c7ed4872458,sent,0,1,13,250.00,0.00,0
812,ampliamento-t2-2026-09-01,stablecoin,500.00,EUR,basesepolia,84532,0x91f7b2252256a112fe12ee79ba58e1cb290d21c3,confirmations,12,0x0f0f72739cdae495d260643a14b7f03040c373b51c2667ec2a25c61db100d423,,,65388,6000000,0.000000392328,,,,2026-09-01T10:30:04.033Z,,2026-09-01T10:30:14.000Z,2026-09-01T10:30:38.000Z,2026-09-01T10:30:45.159Z,2026-09-01T10:30:45.229Z,2026-09-01T10:30:48.387Z,33.967,41.126,44.354,,,24,7.159,3.228,completed,successo,,processed,,608,01a05c86-2dd0-782a-9457-a7e8b7243e85,sent,0,1,13,500.00,0.00,0
813,ampliamento-t2-2026-09-01,stablecoin,1000.00,EUR,basesepolia,84532,0x91f7b2252256a112fe12ee79ba58e1cb290d21c3,confirmations,12,0xae06db70b786eb737e75f490f2bea345f6ef685b5e82e7b463a1bd95c536660a,,,65388,6000000,0.000000392328,,,,2026-09-01T10:30:04.111Z,,2026-09-01T10:30:12.000Z,2026-09-01T10:30:36.000Z,2026-09-01T10:30:43.927Z,2026-09-01T10:30:43.999Z,2026-09-01T10:30:46.308Z,31.889,39.816,42.197,,,24,7.927,2.381,completed,successo,,processed,,606,01a05c86-0bbb-7a93-a091-ddf6ba9e2fbc,sent,0,1,13,1000.00,0.00,0
814,ampliamento-t2-2026-09-01,stablecoin,2500.00,EUR,basesepolia,84532,0x91f7b2252256a112fe12ee79ba58e1cb290d21c3,confirmations,12,0xbc713d95ed6a5af3f33e993fdfd3f77a9609b4a64804f466135cb3023fcb3ec8,,,65388,6000000,0.000000392328,,,,2026-09-01T10:30:04.185Z,,2026-09-01T10:30:12.000Z,2026-09-01T10:30:36.000Z,2026-09-01T10:30:42.792Z,2026-09-01T10:30:42.874Z,2026-09-01T10:30:44.302Z,31.815,38.607,40.117,,,24,6.792,1.51,completed,successo,,processed,,605,01a05c86-01a6-7f45-96a7-354992591e2d,sent,0,1,13,2500.00,0.00,0
815,ampliamento-t2-2026-09-01,stablecoin,10.00,EUR,basesepolia,84532,0x91f7b2252256a112fe12ee79ba58e1cb290d21c3,confirmations,12,0x4efeb58b8997d948a816419cddf266e247fc81da73f0c59b4881b96992b3bc4c,,,60576,6000000,0.000000363456,,,,2026-09-01T10:31:09.538Z,,2026-09-01T10:31:26.000Z,2026-09-01T10:31:50.000Z,2026-09-01T10:31:54.248Z,2026-09-01T10:31:54.320Z,2026-09-01T10:31:56.307Z,40.462,44.71,46.769,,,24,4.248,2.059,completed,successo,,processed,,618,01a05c86-cca7-76a8-a01a-bcd2543b169d,sent,0,1,13,10.00,0.00,0
816,ampliamento-t2-2026-09-01,stablecoin,25.00,EUR,basesepolia,84532,0x91f7b2252256a112fe12ee79ba58e1cb290d21c3,confirmations,12,0x602328c12d0adf99c04a4a8db38658fc2e0049bad061c2f4a01069e0d943102d,,,65388,6000000,0.000000392328,,,,2026-09-01T10:31:09.604Z,,2026-09-01T10:31:16.000Z,2026-09-01T10:31:40.000Z,2026-09-01T10:31:44.419Z,2026-09-01T10:31:44.508Z,2026-09-01T10:31:45.684Z,30.396,34.814,36.08,,,24,4.419,1.265,completed,successo,,processed,,611,01a05c86-8d60-704b-bad3-6850c51a1f0d,sent,0,1,13,25.00,0.00,0
817,ampliamento-t2-2026-09-01,stablecoin,50.00,EUR,basesepolia,84532,0x91f7b2252256a112fe12ee79ba58e1cb290d21c3,confirmations,12,0xc722fba444f0626413ac948008c1f06b1f9faca80cd56adb0582acaf396bf3ca,,,65376,6000000,0.000000392256,,,,2026-09-01T10:31:09.671Z,,2026-09-01T10:31:20.000Z,2026-09-01T10:31:44.000Z,2026-09-01T10:31:51.748Z,2026-09-01T10:31:51.824Z,2026-09-01T10:31:54.368Z,34.329,42.077,44.697,,,24,7.748,2.62,completed,successo,,processed,,614,01a05c86-a951-73b4-adbc-75cd21256a90,sent,0,1,13,50.00,0.00,0
818,ampliamento-t2-2026-09-01,stablecoin,100.00,EUR,basesepolia,84532,0x91f7b2252256a112fe12ee79ba58e1cb290d21c3,confirmations,12,0xcdaeb6221061b34c7fcf33af85f75a65e17eb71d7e435f1d9bb8b118dfdd0f11,,,65388,6000000,0.000000392328,,,,2026-09-01T10:31:09.745Z,,2026-09-01T10:31:22.000Z,2026-09-01T10:31:46.000Z,2026-09-01T10:31:52.439Z,2026-09-01T10:31:52.505Z,2026-09-01T10:31:54.696Z,36.255,42.694,44.951,,,24,6.439,2.257,completed,successo,,processed,,615,01a05c86-b2e6-7072-b0e5-cb0970b32332,sent,0,1,13,100.00,0.00,0
819,ampliamento-t2-2026-09-01,stablecoin,250.00,EUR,basesepolia,84532,0x91f7b2252256a112fe12ee79ba58e1cb290d21c3,confirmations,12,0x85824e63dffb843774ef66b48c8cdc53ebe28b37dc5a5af6a6474d3ff59fadc6,,,65388,6000000,0.000000392328,,,,2026-09-01T10:31:09.811Z,,2026-09-01T10:31:26.000Z,2026-09-01T10:31:50.000Z,2026-09-01T10:31:53.745Z,2026-09-01T10:31:53.834Z,2026-09-01T10:31:56.292Z,40.189,43.934,46.481,,,24,3.745,2.547,completed,successo,,processed,,617,01a05c86-c444-7875-9a94-0d90662103e2,sent,0,1,13,250.00,0.00,0
820,ampliamento-t2-2026-09-01,stablecoin,500.00,EUR,basesepolia,84532,0x91f7b2252256a112fe12ee79ba58e1cb290d21c3,confirmations,12,0xb81b667957341a89532a253ae766846b70b70ddbc2bcc3596b634d2b26912e02,,,65388,6000000,0.000000392328,,,,2026-09-01T10:31:09.877Z,,2026-09-01T10:31:24.000Z,2026-09-01T10:31:48.000Z,2026-09-01T10:31:53.119Z,2026-09-01T10:31:53.194Z,2026-09-01T10:31:56.524Z,38.123,43.243,46.647,,,24,5.119,3.405,completed,successo,,processed,,616,01a05c86-bc1b-7668-9731-8bdae1a8a027,sent,0,1,13,500.00,0.00,0
821,ampliamento-t2-2026-09-01,stablecoin,1000.00,EUR,basesepolia,84532,0x91f7b2252256a112fe12ee79ba58e1cb290d21c3,confirmations,12,0x3f5df2e5de9060999c3e9ea4b39aec77dad5ae7331dbacd13f2d595c86855e8d,,,65388,6000000,0.000000392328,,,,2026-09-01T10:31:09.943Z,,2026-09-01T10:31:20.000Z,2026-09-01T10:31:44.000Z,2026-09-01T10:31:51.196Z,2026-09-01T10:31:51.280Z,2026-09-01T10:31:54.362Z,34.057,41.253,44.419,,,24,7.196,3.166,completed,successo,,processed,,613,01a05c86-a04f-7756-bbc2-000fa2b9e89a,sent,0,1,13,1000.00,0.00,0
822,ampliamento-t2-2026-09-01,stablecoin,2500.00,EUR,basesepolia,84532,0x91f7b2252256a112fe12ee79ba58e1cb290d21c3,confirmations,12,0xe2a37c0f3c7fc23d16888bf8e28337a50256fcf79a4d51b8d01fb301779e2bdc,,,65388,6000000,0.000000392328,,,,2026-09-01T10:31:10.017Z,,2026-09-01T10:31:18.000Z,2026-09-01T10:31:42.000Z,2026-09-01T10:31:45.135Z,2026-09-01T10:31:45.219Z,2026-09-01T10:31:47.550Z,31.983,35.118,37.533,,,24,3.135,2.415,completed,successo,,processed,,612,01a05c86-96e4-7eb4-9da6-6c679f9682bd,sent,0,1,13,2500.00,0.00,0
823,ampliamento-t2-2026-09-01,stablecoin,10.00,EUR,basesepolia,84532,0x91f7b2252256a112fe12ee79ba58e1cb290d21c3,confirmations,12,0xa990e1d0930150931263d7fca59e8bd718c9cc898bc08edf383bc216026f9676,,,60576,6000000,0.000000363456,,,,2026-09-01T10:32:19.603Z,,2026-09-01T10:32:38.000Z,2026-09-01T10:33:02.000Z,2026-09-01T10:33:09.131Z,2026-09-01T10:33:09.219Z,2026-09-01T10:33:11.566Z,42.397,49.529,51.963,,,24,7.131,2.435,completed,successo,,processed,,626,01a05c88-7712-701c-a036-3b85aa7d6388,sent,0,1,13,10.00,0.00,0
824,ampliamento-t2-2026-09-01,stablecoin,25.00,EUR,basesepolia,84532,0x91f7b2252256a112fe12ee79ba58e1cb290d21c3,confirmations,12,0x904fa0a3251d750bac21b31cd046bbfdad7b9b1cb12b0b47d270506b35af5cae,,,65376,6000000,0.000000392256,,,,2026-09-01T10:32:19.673Z,,2026-09-01T10:32:36.000Z,2026-09-01T10:33:00.000Z,2026-09-01T10:33:06.300Z,2026-09-01T10:33:06.384Z,2026-09-01T10:33:08.299Z,40.327,46.626,48.626,,,24,6.3,1.999,completed,successo,,processed,,624,01a05c88-647f-750a-90ea-f0af8b8f1b95,sent,0,1,13,25.00,0.00,0
825,ampliamento-t2-2026-09-01,stablecoin,50.00,EUR,basesepolia,84532,0x91f7b2252256a112fe12ee79ba58e1cb290d21c3,confirmations,12,0x12bc1efe16b5aa73ff07f58f0e1158e1156737370600a21b8a5bfcce4430a2db,,,65388,6000000,0.000000392328,,,,2026-09-01T10:32:19.756Z,,2026-09-01T10:32:36.000Z,2026-09-01T10:33:00.000Z,2026-09-01T10:33:06.824Z,2026-09-01T10:33:06.909Z,2026-09-01T10:33:08.511Z,40.244,47.067,48.755,,,24,6.824,1.687,completed,successo,,processed,,625,01a05c88-6e48-7ed6-abf9-8d6695d1d6d6,sent,0,1,13,50.00,0.00,0
826,ampliamento-t2-2026-09-01,stablecoin,100.00,EUR,basesepolia,84532,0x91f7b2252256a112fe12ee79ba58e1cb290d21c3,confirmations,12,0x7952cd2f5a35f3cb15a9e541c508f425a416f3a6826abce5725173f1a0e201e4,,,65388,6000000,0.000000392328,,,,2026-09-01T10:32:19.822Z,,2026-09-01T10:32:26.000Z,2026-09-01T10:32:50.000Z,2026-09-01T10:32:52.273Z,2026-09-01T10:32:52.352Z,2026-09-01T10:32:53.561Z,30.178,32.451,33.739,,,24,2.273,1.288,completed,successo,,processed,,619,01a05c88-3426-707c-9e47-e1b27134c6d4,sent,0,1,13,100.00,0.00,0
827,ampliamento-t2-2026-09-01,stablecoin,250.00,EUR,basesepolia,84532,0x91f7b2252256a112fe12ee79ba58e1cb290d21c3,confirmations,12,0x79767342243680af4f8ac323ba85dfc077f5388ed68a3e8aa76655b96ad462e5,,,65388,6000000,0.000000392328,,,,2026-09-01T10:32:19.886Z,,2026-09-01T10:32:28.000Z,2026-09-01T10:32:52.000Z,2026-09-01T10:32:58.369Z,2026-09-01T10:32:58.450Z,2026-09-01T10:32:59.662Z,32.114,38.483,39.776,,,24,6.369,1.293,completed,successo,,processed,,620,01a05c88-3d97-7905-9ebc-8d9fc0a37aed,sent,0,1,13,250.00,0.00,0
828,ampliamento-t2-2026-09-01,stablecoin,500.00,EUR,basesepolia,84532,0x91f7b2252256a112fe12ee79ba58e1cb290d21c3,confirmations,12,0xcd7bb7a9f136d74a726982a83ffc7727f0f605e7a9e7687908374d29db4d213e,,,65388,6000000,0.000000392328,,,,2026-09-01T10:32:19.952Z,,2026-09-01T10:32:28.000Z,2026-09-01T10:32:52.000Z,2026-09-01T10:32:58.883Z,2026-09-01T10:32:58.965Z,2026-09-01T10:32:59.723Z,32.048,38.932,39.771,,,24,6.883,0.84,completed,successo,,processed,,621,01a05c88-469b-709e-8de3-fd20b8f3ba92,sent,0,1,13,500.00,0.00,0
829,ampliamento-t2-2026-09-01,stablecoin,1000.00,EUR,basesepolia,84532,0x91f7b2252256a112fe12ee79ba58e1cb290d21c3,confirmations,12,0xbbfbf80d162651d70ff8d6e0675f8fc35e6db16f126e9849737b1ca4ea78b495,,,65376,6000000,0.000000392256,,,,2026-09-01T10:32:20.025Z,,2026-09-01T10:32:32.000Z,2026-09-01T10:32:56.000Z,2026-09-01T10:32:59.582Z,2026-09-01T10:32:59.661Z,2026-09-01T10:33:01.546Z,35.975,39.557,41.521,,,24,3.582,1.964,completed,successo,,processed,,622,01a05c88-4f38-77f5-94b3-73c86f5e7f0c,sent,0,1,13,1000.00,0.00,0
830,ampliamento-t2-2026-09-01,stablecoin,2500.00,EUR,basesepolia,84532,0x91f7b2252256a112fe12ee79ba58e1cb290d21c3,confirmations,12,0xd3a74e718ecc612d291f0bd3cb2327cfb2e710f6ba62ec68757da8f2530ea145,,,65388,6000000,0.000000392328,,,,2026-09-01T10:32:20.091Z,,2026-09-01T10:32:34.000Z,2026-09-01T10:32:58.000Z,2026-09-01T10:33:05.642Z,2026-09-01T10:33:05.722Z,2026-09-01T10:33:08.290Z,37.909,45.551,48.199,,,24,7.642,2.648,completed,successo,,processed,,623,01a05c88-585c-7f5e-91d0-d6116ed630f7,sent,0,1,13,2500.00,0.00,0
831,ampliamento-t2-2026-09-01,stablecoin,10.00,EUR,basesepolia,84532,0x91f7b2252256a112fe12ee79ba58e1cb290d21c3,confirmations,12,0x451d1bffbc7b9aeaa98d351906bea3332063cf08b7157ce4150885265bfacf9f,,,65376,6000000,0.000000392256,,,,2026-09-01T10:33:45.002Z,,2026-09-01T10:33:58.000Z,2026-09-01T10:34:22.000Z,2026-09-01T10:34:26.000Z,2026-09-01T10:34:26.080Z,2026-09-01T10:34:27.566Z,36.998,40.998,42.564,,,24,4,1.566,completed,successo,,processed,,630,01a05c89-1092-76f6-8e6e-ac2c9c4a2ce5,sent,0,1,13,10.00,0.00,0
832,ampliamento-t2-2026-09-01,stablecoin,25.00,EUR,basesepolia,84532,0x91f7b2252256a112fe12ee79ba58e1cb290d21c3,confirmations,12,0xefc601d28676872e1968cbc40502409d9a289e249cb3cee118c9609a59eb14f4,,,65388,6000000,0.000000392328,,,,2026-09-01T10:33:45.078Z,,2026-09-01T10:33:58.000Z,2026-09-01T10:34:22.000Z,2026-09-01T10:34:25.166Z,2026-09-01T10:34:25.237Z,2026-09-01T10:34:27.692Z,36.922,40.088,42.614,,,24,3.166,2.526,completed,successo,,processed,,629,01a05c89-073c-7410-8051-2c70b89ae30d,sent,0,1,13,25.00,0.00,0
833,ampliamento-t2-2026-09-01,stablecoin,50.00,EUR,basesepolia,84532,0x91f7b2252256a112fe12ee79ba58e1cb290d21c3,confirmations,12,0x8bc75396a04fa73bb37f021e1b79b7832b9f32e459e6ca96005eb5c4f4d9b0da,,,60588,6000000,0.000000363528,,,,2026-09-01T10:33:45.160Z,,2026-09-01T10:34:02.000Z,2026-09-01T10:34:26.000Z,2026-09-01T10:34:34.304Z,2026-09-01T10:34:34.378Z,2026-09-01T10:34:35.783Z,40.84,49.143,50.623,,,24,8.304,1.479,completed,successo,,processed,,634,01a05c89-3982-796a-8c12-aa494abfb0dc,sent,0,1,13,50.00,0.00,0
834,ampliamento-t2-2026-09-01,stablecoin,100.00,EUR,basesepolia,84532,0x91f7b2252256a112fe12ee79ba58e1cb290d21c3,confirmations,12,0xb6196b214411c5e6696f053bb365ef9ac25de00ff6f468f13aa87bdde4ca6139,,,65388,6000000,0.000000392328,,,,2026-09-01T10:33:45.241Z,,2026-09-01T10:34:00.000Z,2026-09-01T10:34:24.000Z,2026-09-01T10:34:32.540Z,2026-09-01T10:34:32.625Z,2026-09-01T10:34:33.616Z,38.759,47.299,48.375,,,24,8.54,1.076,completed,successo,,processed,,631,01a05c89-1992-7a67-8c6b-ea9870f85133,sent,0,1,13,100.00,0.00,0
835,ampliamento-t2-2026-09-01,stablecoin,250.00,EUR,basesepolia,84532,0x91f7b2252256a112fe12ee79ba58e1cb290d21c3,confirmations,12,0x73b04c97474b7e3cb4e057560435571147ff1a0f76b0cbdbddcacafd10625575,,,65388,6000000,0.000000392328,,,,2026-09-01T10:33:45.310Z,,2026-09-01T10:33:56.000Z,2026-09-01T10:34:20.000Z,2026-09-01T10:34:24.464Z,2026-09-01T10:34:24.534Z,2026-09-01T10:34:25.874Z,34.69,39.153,40.564,,,24,4.464,1.41,completed,successo,,processed,,628,01a05c88-fe07-714f-b11f-2df9baad8197,sent,0,1,13,250.00,0.00,0
836,ampliamento-t2-2026-09-01,stablecoin,500.00,EUR,basesepolia,84532,0x91f7b2252256a112fe12ee79ba58e1cb290d21c3,confirmations,12,0x5a6e8cf33fc73090e348bab03008c3e9bebdd1572833dca3cec11c705a6855cb,,,65388,6000000,0.000000392328,,,,2026-09-01T10:33:45.379Z,,2026-09-01T10:34:02.000Z,2026-09-01T10:34:26.000Z,2026-09-01T10:34:33.768Z,2026-09-01T10:34:33.848Z,2026-09-01T10:34:35.769Z,40.621,48.389,50.39,,,24,7.768,2.001,completed,successo,,processed,,633,01a05c89-2f32-7dc0-b464-b33df6862969,sent,0,1,13,500.00,0.00,0
837,ampliamento-t2-2026-09-01,stablecoin,1000.00,EUR,basesepolia,84532,0x91f7b2252256a112fe12ee79ba58e1cb290d21c3,confirmations,12,0x03b02eb0f35eff293a745797d2c3c4b0e651af41cc6c546ff9169f41e5f227be,,,65388,6000000,0.000000392328,,,,2026-09-01T10:33:45.450Z,,2026-09-01T10:34:00.000Z,2026-09-01T10:34:24.000Z,2026-09-01T10:34:33.096Z,2026-09-01T10:34:33.166Z,2026-09-01T10:34:35.963Z,38.55,47.647,50.513,,,24,9.096,2.867,completed,successo,,processed,,632,01a05c89-254c-744f-9738-65f5dcb42169,sent,0,1,13,1000.00,0.00,0
838,ampliamento-t2-2026-09-01,stablecoin,2500.00,EUR,basesepolia,84532,0x91f7b2252256a112fe12ee79ba58e1cb290d21c3,confirmations,12,0xeb593ea9114edee52f813946fa8af1106ccccd26fb85024c10102c7ba743317a,,,65388,6000000,0.000000392328,,,,2026-09-01T10:33:45.521Z,,2026-09-01T10:33:56.000Z,2026-09-01T10:34:20.000Z,2026-09-01T10:34:23.815Z,2026-09-01T10:34:23.901Z,2026-09-01T10:34:26.287Z,34.479,38.294,40.766,,,24,3.815,2.472,completed,successo,,processed,,627,01a05c88-f29f-7bb7-8b38-b08345017d62,sent,0,1,13,2500.00,0.00,0
839,ampliamento-t2-2026-09-01,stablecoin,10.00,EUR,basesepolia,84532,0x91f7b2252256a112fe12ee79ba58e1cb290d21c3,confirmations,12,0xb03c45c3911fecbd99c296b5b7b7c9fae21be21ba6ccedb91c5931ed18e914e6,,,65376,6000000,0.000000392256,,,,2026-09-01T10:35:09.600Z,,2026-09-01T10:35:18.000Z,2026-09-01T10:35:42.000Z,2026-09-01T10:35:45.638Z,2026-09-01T10:35:45.726Z,2026-09-01T10:35:48.076Z,32.4,36.038,38.476,,,24,3.638,2.438,completed,successo,,processed,,638,01a05c8a-bc0f-7ebc-8c10-b4fb819d3ac8,sent,0,1,13,10.00,0.00,0
840,ampliamento-t2-2026-09-01,stablecoin,25.00,EUR,basesepolia,84532,0x91f7b2252256a112fe12ee79ba58e1cb290d21c3,confirmations,12,0x85de00ada8d7b705e8699c85afd298f923846c8437e69585dc24162dc1fe403a,,,65388,6000000,0.000000392328,,,,2026-09-01T10:35:09.670Z,,2026-09-01T10:35:20.000Z,2026-09-01T10:35:44.000Z,2026-09-01T10:35:47.293Z,2026-09-01T10:35:47.388Z,2026-09-01T10:35:49.776Z,34.33,37.623,40.106,,,24,3.293,2.483,completed,successo,,processed,,641,01a05c8a-d7b0-72dc-9290-09d9359a9a8a,sent,0,1,13,25.00,0.00,0
841,ampliamento-t2-2026-09-01,stablecoin,50.00,EUR,basesepolia,84532,0x91f7b2252256a112fe12ee79ba58e1cb290d21c3,confirmations,12,0x3cd54ccf94ad25b92c4f75a264de8ab7c03c80d6303dbddce42af34f5fd09be5,,,65388,6000000,0.000000392328,,,,2026-09-01T10:35:09.736Z,,2026-09-01T10:35:16.000Z,2026-09-01T10:35:40.000Z,2026-09-01T10:35:45.047Z,2026-09-01T10:35:45.137Z,2026-09-01T10:35:47.839Z,30.264,35.31,38.103,,,24,5.047,2.792,completed,successo,,processed,,637,01a05c8a-b2e2-7e17-a7e7-639816d7b82f,sent,0,1,13,50.00,0.00,0
842,ampliamento-t2-2026-09-01,stablecoin,100.00,EUR,basesepolia,84532,0x91f7b2252256a112fe12ee79ba58e1cb290d21c3,confirmations,12,0xbf6730ed1be21d921d819952d6e04362afe303795bdf04ac0f68e5464e62c817,,,65388,6000000,0.000000392328,,,,2026-09-01T10:35:09.809Z,,2026-09-01T10:35:14.000Z,2026-09-01T10:35:38.000Z,2026-09-01T10:35:38.588Z,2026-09-01T10:35:38.675Z,2026-09-01T10:35:39.589Z,28.191,28.78,29.78,,,24,0.588,1.001,completed,successo,,processed,,635,01a05c8a-9ff5-71a5-92f4-f71d6e4b9f67,sent,0,1,13,100.00,0.00,0
843,ampliamento-t2-2026-09-01,stablecoin,250.00,EUR,basesepolia,84532,0x91f7b2252256a112fe12ee79ba58e1cb290d21c3,confirmations,12,0x567e0592f27d773579fd0e71d5429ee2edf68e43240189ec7273742ad330b77f,,,60588,6000000,0.000000363528,,,,2026-09-01T10:35:09.882Z,,2026-09-01T10:35:22.000Z,2026-09-01T10:35:46.000Z,2026-09-01T10:35:53.369Z,2026-09-01T10:35:53.460Z,2026-09-01T10:35:55.705Z,36.118,43.487,45.823,,,24,7.369,2.336,completed,successo,,processed,,642,01a05c8a-e094-7532-bc75-44813e9044ca,sent,0,1,13,250.00,0.00,0
844,ampliamento-t2-2026-09-01,stablecoin,500.00,EUR,basesepolia,84532,0x91f7b2252256a112fe12ee79ba58e1cb290d21c3,confirmations,12,0xca527e5566a7af1a71f3efe391a3363542aa7e116231f43a67a3c5b5bcf6cb66,,,65388,6000000,0.000000392328,,,,2026-09-01T10:35:09.961Z,,2026-09-01T10:35:18.000Z,2026-09-01T10:35:42.000Z,2026-09-01T10:35:46.078Z,2026-09-01T10:35:46.200Z,2026-09-01T10:35:48.374Z,32.039,36.118,38.413,,,24,4.078,2.296,completed,successo,,processed,,639,01a05c8a-c476-71b4-8f4b-36deefe0188a,sent,0,1,13,500.00,0.00,0
845,ampliamento-t2-2026-09-01,stablecoin,1000.00,EUR,basesepolia,84532,0x91f7b2252256a112fe12ee79ba58e1cb290d21c3,confirmations,12,0x3157aa8e27baf4de42efd3c89f1502f819bf52cf56270f902e57821522cc79c1,,,65388,6000000,0.000000392328,,,,2026-09-01T10:35:10.033Z,,2026-09-01T10:35:20.000Z,2026-09-01T10:35:44.000Z,2026-09-01T10:35:46.778Z,2026-09-01T10:35:46.882Z,2026-09-01T10:35:49.880Z,33.967,36.745,39.847,,,24,2.778,3.102,completed,successo,,processed,,640,01a05c8a-ce4d-772a-86dc-6df7e717f3da,sent,0,1,13,1000.00,0.00,0
846,ampliamento-t2-2026-09-01,stablecoin,2500.00,EUR,basesepolia,84532,0x91f7b2252256a112fe12ee79ba58e1cb290d21c3,confirmations,12,0xcc5e0696cffc7cc2158e9bc6717271c5784c866b4263390b66c6781ebb36f3c8,,,65388,6000000,0.000000392328,,,,2026-09-01T10:35:10.108Z,,2026-09-01T10:35:16.000Z,2026-09-01T10:35:40.000Z,2026-09-01T10:35:44.578Z,2026-09-01T10:35:44.669Z,2026-09-01T10:35:45.674Z,29.892,34.47,35.566,,,24,4.578,1.096,completed,successo,,processed,,636,01a05c8a-a8c4-7548-a381-8277f526d9e8,sent,0,1,13,2500.00,0.00,0
847,ampliamento-t2-2026-09-01,stablecoin,10.00,EUR,basesepolia,84532,0x91f7b2252256a112fe12ee79ba58e1cb290d21c3,confirmations,12,0x0bdc86775a3b748e97c4ec86286a54b4fc0d2bf6d3857dd59016e1c222cd013a,,,65376,6000000,0.000000392256,,,,2026-09-01T10:36:29.401Z,,2026-09-01T10:36:46.000Z,2026-09-01T10:37:10.000Z,2026-09-01T10:37:15.295Z,2026-09-01T10:37:15.375Z,2026-09-01T10:37:18.352Z,40.599,45.893,48.951,,,24,5.295,3.057,completed,successo,,processed,,649,01a05c8b-f90d-7eff-93d1-9480972f1c9d,sent,0,1,13,10.00,0.00,0
848,ampliamento-t2-2026-09-01,stablecoin,25.00,EUR,basesepolia,84532,0x91f7b2252256a112fe12ee79ba58e1cb290d21c3,confirmations,12,0x65dc14c2e29c44bd5e3d25cd202c92c16e632c0b98abf322511bf3f8f363363f,,,65388,6000000,0.000000392328,,,,2026-09-01T10:36:29.499Z,,2026-09-01T10:36:44.000Z,2026-09-01T10:37:08.000Z,2026-09-01T10:37:14.744Z,2026-09-01T10:37:14.820Z,2026-09-01T10:37:16.277Z,38.501,45.246,46.778,,,24,6.744,1.533,completed,successo,,processed,,648,01a05c8b-f0dd-702c-832b-7fec87c948b0,sent,0,1,13,25.00,0.00,0
849,ampliamento-t2-2026-09-01,stablecoin,50.00,EUR,basesepolia,84532,0x91f7b2252256a112fe12ee79ba58e1cb290d21c3,confirmations,12,0x15b496b8c469187ddb09a24b4f72f16d38ab8330576b2a226d5fe2746ab7a9c3,,,65388,6000000,0.000000392328,,,,2026-09-01T10:36:29.582Z,,2026-09-01T10:36:42.000Z,2026-09-01T10:37:06.000Z,2026-09-01T10:37:07.958Z,2026-09-01T10:37:08.053Z,2026-09-01T10:37:09.627Z,36.418,38.375,40.045,,,24,1.958,1.669,completed,successo,,processed,,645,01a05c8b-aa01-792f-9ecd-7a2c60a0e814,sent,0,1,13,50.00,0.00,0
850,ampliamento-t2-2026-09-01,stablecoin,100.00,EUR,basesepolia,84532,0x91f7b2252256a112fe12ee79ba58e1cb290d21c3,confirmations,12,0x28371c3d0860b70ee1bf3ab3e60f0d8fba664a8e05105dc26c8df0778d4eef2a,,,65388,6000000,0.000000392328,,,,2026-09-01T10:36:29.663Z,,2026-09-01T10:36:42.000Z,2026-09-01T10:37:06.000Z,2026-09-01T10:37:08.444Z,2026-09-01T10:37:08.527Z,2026-09-01T10:37:09.610Z,36.337,38.781,39.947,,,24,2.444,1.166,completed,successo,,processed,,646,01a05c8b-b397-714e-9101-175dcb0ef765,sent,0,1,13,100.00,0.00,0
851,ampliamento-t2-2026-09-01,stablecoin,250.00,EUR,basesepolia,84532,0x91f7b2252256a112fe12ee79ba58e1cb290d21c3,confirmations,12,0xb419ff82852c2850b08eca151faebf2664cb0c019597eda4b644fb1c82362672,,,65388,6000000,0.000000392328,,,,2026-09-01T10:36:29.741Z,,2026-09-01T10:36:38.000Z,2026-09-01T10:37:02.000Z,2026-09-01T10:37:06.787Z,2026-09-01T10:37:06.878Z,2026-09-01T10:37:08.307Z,32.259,37.045,38.566,,,24,4.787,1.52,completed,successo,,processed,,643,01a05c8b-8ade-79d5-b524-0bc74cb56457,sent,0,1,13,250.00,0.00,0
852,ampliamento-t2-2026-09-01,stablecoin,500.00,EUR,basesepolia,84532,0x91f7b2252256a112fe12ee79ba58e1cb290d21c3,confirmations,12,0x68091c67f08807d12fbc2fe7eb7f36226aa9d60580541c5bb8a37e7022c96b73,,,65388,6000000,0.000000392328,,,,2026-09-01T10:36:29.822Z,,2026-09-01T10:36:40.000Z,2026-09-01T10:37:04.000Z,2026-09-01T10:37:07.398Z,2026-09-01T10:37:07.496Z,2026-09-01T10:37:10.315Z,34.178,37.576,40.493,,,24,3.398,2.917,completed,successo,,processed,,644,01a05c8b-a038-7856-8203-df2f331e07c5,sent,0,1,13,500.00,0.00,0
853,ampliamento-t2-2026-09-01,stablecoin,1000.00,EUR,basesepolia,84532,0x91f7b2252256a112fe12ee79ba58e1cb290d21c3,confirmations,12,0x6eac206601dc2da1ea4520e84fdb7a0fc853a3cfd2841dd533ba429dde7c48b5,,,60588,6000000,0.000000363528,,,,2026-09-01T10:36:29.909Z,,2026-09-01T10:36:46.000Z,2026-09-01T10:37:10.000Z,2026-09-01T10:37:15.736Z,2026-09-01T10:37:15.820Z,2026-09-01T10:37:18.267Z,40.091,45.827,48.358,,,24,5.736,2.531,completed,successo,,processed,,650,01a05c8c-0177-7a5b-a2a3-b20b52d84dce,sent,0,1,13,1000.00,0.00,0
854,ampliamento-t2-2026-09-01,stablecoin,2500.00,EUR,basesepolia,84532,0x91f7b2252256a112fe12ee79ba58e1cb290d21c3,confirmations,12,0x3ab8ef8d1f6840fc52a281d265eb0bb98a4e4767e48644ac333a29f6f0f0ae3e,,,65376,6000000,0.000000392256,,,,2026-09-01T10:36:29.998Z,,2026-09-01T10:36:44.000Z,2026-09-01T10:37:08.000Z,2026-09-01T10:37:14.317Z,2026-09-01T10:37:14.406Z,2026-09-01T10:37:16.304Z,38.002,44.32,46.306,,,24,6.317,1.987,completed,successo,,processed,,647,01a05c8b-e767-7b34-8924-0676fb33ab86,sent,0,1,13,2500.00,0.00,0
855,verifica-fiscale-2026-09-01,stablecoin,19.90,EUR,basesepolia,84532,0x91f7b2252256a112fe12ee79ba58e1cb290d21c3,confirmations,12,0x396e8978bc79b3de051eddff24d22e9839df1e25133d6cadc08be7431e9b6a1d,,,60576,6000000,0.000000363456,,,,2026-09-01T11:10:00.285Z,,2026-09-01T11:10:06.000Z,2026-09-01T11:10:30.000Z,2026-09-01T11:10:34.065Z,2026-09-01T11:10:34.151Z,2026-09-01T11:10:35.673Z,29.715,33.78,35.388,,,24,4.065,1.608,completed,successo,,processed,,651,01a05caa-62bf-7a17-a23c-432b1d9e5031,sent,0,1,13,19.90,0.00,0
859,,stablecoin,49.80,EUR,basesepolia,,0x91f7b2252256a112fe12ee79ba58e1cb290d21c3,,,,,,,,,,,,2026-09-01T13:33:26.396Z,,,,,,,,,,,,,,,failed,scaduto,,,,,,,0,,,49.80,0.00,0
860,,stablecoin,49.90,EUR,anvil,,0xe7f1725e7734ce288f8367e1bb143e90bb3f0512,,,,,,,,,,,,2026-09-02T07:46:07.879Z,,,,,,,,,,,,,,,failed,scaduto,,,,652,,errore,0,1,,49.90,0.00,0
861,,stablecoin,49.90,EUR,anvil,,0xe7f1725e7734ce288f8367e1bb143e90bb3f0512,,,,,,,,,,,,2026-09-02T07:46:09.736Z,,,,,,,,,,,,,,,pending,in_attesa,,,,,,,0,,,49.90,0.00,0
862,,stablecoin,12.20,EUR,anvil,,0xe7f1725e7734ce288f8367e1bb143e90bb3f0512,,,,,,,,,,,,2026-09-02T07:46:51.980Z,,,,,,,,,,,,,,,failed,scaduto,,,,,,,0,,,12.20,0.00,0
864,,stablecoin,49.90,EUR,anvil,31337,0xdc64a140aa3e981100a9beca4e685f962f0cf6c9,confirmations,2,0x16ca5dfa6a6776330e80f6d8166dea35384bb3843f3d965bf66d9dffca09ca0a,15,0,46449,1157729401,0.000053775372947049,0,0.000053775372947049,,2026-09-02T08:01:21.686Z,,2026-09-02T08:01:25.000Z,2026-09-02T08:01:25.000Z,2026-09-02T08:01:28.375Z,,,3.314,6.689,,,,0,3.375,,completed,successo,,,,653,,errore,0,2,,49.90,0.00,0
865,,stablecoin,49.90,EUR,anvil,31337,0xdc64a140aa3e981100a9beca4e685f962f0cf6c9,confirmations,2,0xaf883378cc91a231db00f38d53dc143708c2d52cf9da5784859b7323a6410aca,16,0,37160,1138074279,0.00004229084020764,0,0.00004229084020764,,2026-09-02T08:01:23.399Z,,2026-09-02T08:01:25.000Z,2026-09-02T08:01:26.000Z,2026-09-02T08:01:28.588Z,,,2.601,5.189,,,,1,2.588,,completed,successo,,,,654,,errore,0,1,,49.90,0.00,0
866,,stablecoin,12.20,EUR,anvil,,0xdc64a140aa3e981100a9beca4e685f962f0cf6c9,,,,,,,,,,,,2026-09-02T08:02:03.680Z,,,,,,,,,,,,,,,failed,scaduto,,,,,,,0,,,12.20,0.00,0
868,,stablecoin,49.90,EUR,anvil,,0xdc64a140aa3e981100a9beca4e685f962f0cf6c9,,,,,,,,,,,,2026-09-02T08:02:31.923Z,,,,,,,,,,,,,,,pending,in_attesa,,,,,,,0,,,49.90,0.00,0
869,,stablecoin,49.90,EUR,anvil,31337,0xdc64a140aa3e981100a9beca4e685f962f0cf6c9,,,0x2222222222222222222222222222222222222222222222222222222222222222,1,,,,,,,,2026-09-02T08:02:34.944Z,,,,2026-09-02T08:02:35.867Z,,,,0.923,,,,,,,completed,successo,,,,655,,errore,0,1,,49.90,0.00,0
870,,stablecoin,49.90,EUR,anvil,31337,0xdc64a140aa3e981100a9beca4e685f962f0cf6c9,confirmations,2,0xff488cf87ec2d8f3d3a29129892fa00e81571c11b7f0c995c1153e2fb7169d74,23,0,37160,1054291598,0.00003917747578168,0,0.00003917747578168,,2026-09-02T08:02:42.713Z,,2026-09-02T08:02:43.000Z,2026-09-02T08:02:49.000Z,2026-09-02T08:02:52.332Z,,,6.287,9.619,,,,6,3.332,,completed,successo,,,,656,,errore,0,1,,49.90,0.00,0
875,prova-lock-2026-09-02,stablecoin,49.90,EUR,anvil,31337,0xe7f1725e7734ce288f8367e1bb143e90bb3f0512,,,0x3333333333333333333333333333333333333333333333333333333333333333,1,,,,,,,,2026-09-02T08:07:42.680Z,,,,2026-09-02T08:07:43.570Z,,,,0.889,,,,,,,completed,successo,,,,657,01a06129-cbf9-7a65-8a02-64120481afe7,sent,0,1,3,40.90,9.00,0
876,prova-lock-2026-09-02,stablecoin,49.90,EUR,anvil,31337,0x2279b7a0a67db372996a5fab50d91eaa73d2ebe6,,,0x4444444444444444444444444444444444444444444444444444444444444444,1,,,,,,,,2026-09-02T08:08:53.791Z,,,,2026-09-02T08:08:54.444Z,,,,0.653,,,,,,,completed,successo,,,,658,01a0612a-c155-71da-a960-5a5f748ae261,sent,0,1,3,40.90,9.00,0
877,,stablecoin,49.90,EUR,anvil,31337,0xa51c1fc2f0d1a1b8494ed1fe312d7c3a78ed91c0,confirmations,2,0x94cd4f0e568890114fd3f2a6a8d51995342dbc3b1095cf92f1653db75dbf7e76,36,0,46449,1009870814,0.000046907489439486,0,0.000046907489439486,,2026-09-02T08:11:02.088Z,,2026-09-02T08:11:05.000Z,2026-09-02T08:11:05.000Z,2026-09-02T08:11:08.773Z,,,2.912,6.685,,,,0,3.773,,completed,successo,,,,659,01a0612c-420d-7508-a12a-8570b90df859,sent,0,1,3,49.90,0.00,0
878,,stablecoin,49.90,EUR,anvil,31337,0xa51c1fc2f0d1a1b8494ed1fe312d7c3a78ed91c0,confirmations,2,0xc627dfdbd26c218a6ae709d80777637cf229f5cad02fe780913ffc8489a137ea,37,0,37160,1008640783,0.00003748109149628,0,0.00003748109149628,,2026-09-02T08:11:03.757Z,,2026-09-02T08:11:05.000Z,2026-09-02T08:11:06.000Z,2026-09-02T08:11:08.954Z,,,2.243,5.197,,,,1,2.954,,completed,successo,,,,660,01a0612c-47ff-70c7-8aee-489569b89c2c,sent,0,1,3,49.90,0.00,0
879,,stablecoin,12.20,EUR,anvil,,0xa51c1fc2f0d1a1b8494ed1fe312d7c3a78ed91c0,,,,,,,,,,,,2026-09-02T08:11:45.893Z,,,,,,,,,,,,,,,failed,scaduto,,,,,,,0,,,12.20,0.00,0
881,,stablecoin,49.90,EUR,anvil,,0xa51c1fc2f0d1a1b8494ed1fe312d7c3a78ed91c0,,,,,,,,,,,,2026-09-02T08:12:12.648Z,,,,,,,,,,,,,,,pending,in_attesa,,,,,,,0,,,49.90,0.00,0
882,,stablecoin,49.90,EUR,anvil,31337,0xa51c1fc2f0d1a1b8494ed1fe312d7c3a78ed91c0,,,0x2222222222222222222222222222222222222222222222222222222222222222,1,,,,,,,,2026-09-02T08:12:15.085Z,,,,2026-09-02T08:12:15.581Z,,,,0.496,,,,,,,completed,successo,,,,662,01a0612d-8e72-7ab6-a42d-990f628e58ce,sent,0,1,3,49.90,0.00,0
883,,stablecoin,49.90,EUR,anvil,31337,0xa51c1fc2f0d1a1b8494ed1fe312d7c3a78ed91c0,confirmations,2,0x1e0dd3d234f0130bb849195b66be25289edac0ecf1d457620e1eceb2ad2c28f2,44,0,37160,1003397608,0.00003728625511328,0,0.00003728625511328,,2026-09-02T08:12:21.043Z,,2026-09-02T08:12:21.000Z,2026-09-02T08:12:28.000Z,2026-09-02T08:12:30.753Z,,,6.957,9.709,,,,7,2.753,,completed,successo,,,,663,01a0612d-9626-7564-a271-d83fea5a3c66,sent,0,1,3,49.90,0.00,0
886,2026-09-02-prova-v2,stablecoin,10.00,EUR,basesepolia,84532,0x91f7b2252256a112fe12ee79ba58e1cb290d21c3,confirmations,12,0x9d3efa8f2477ef79b8657eb0d2a604336ce0cce44e00e12f3765fedc4eb638e1,46284327,14,93960,6000000,0.00000056376,9470140101,0.000000573230140101,,2026-09-02T08:15:37.408Z,2026-09-02T08:15:39.653Z,2026-09-02T08:15:42.000Z,2026-09-02T08:16:06.000Z,2026-09-02T08:16:10.009Z,2026-09-02T08:16:10.110Z,2026-09-02T08:16:12.635Z,28.592,32.601,35.227,2.245,2.347,24,4.009,2.626,completed,successo,,processed,,664,01a06131-6bf6-7152-b16e-7fefadf4cd26,sent,0,1,3,8.20,1.80,0
887,2026-09-02-v2-t1,stablecoin,10.00,EUR,basesepolia,84532,0x91f7b2252256a112fe12ee79ba58e1cb290d21c3,confirmations,12,0x3c375ea7bceb5a76810cc8800b17d9503acaaa64eb441dab7384a26f518f1ef6,46284458,8,65376,6000000,0.000000392256,5641430786,0.000000397897430786,,2026-09-02T08:19:52.822Z,2026-09-02T08:19:57.295Z,2026-09-02T08:20:04.000Z,2026-09-02T08:20:28.000Z,2026-09-02T08:20:31.746Z,,2026-09-02T08:20:34.650Z,35.178,38.925,41.828,4.473,6.705,24,3.746,2.904,completed,successo,,processed,,665,01a06135-7069-7fcb-bcac-ebe87ed5a5d9,sent,0,1,3,8.20,1.80,0
888,2026-09-02-v2-t1-recupero,stablecoin,25.00,EUR,basesepolia,84532,0x91f7b2252256a112fe12ee79ba58e1cb290d21c3,confirmations,12,0x609fade72c878263ffffc992a331be6a3200eddd89f58bf523216da9a84c183c,46284461,6,65388,6000000,0.000000392328,6065358263,0.000000398393358263,,2026-09-02T08:19:52.895Z,2026-09-02T08:20:07.009Z,2026-09-02T08:20:10.000Z,2026-09-02T08:20:34.000Z,2026-09-02T08:27:27.862Z,2026-09-02T08:27:28.776Z,2026-09-02T08:27:29.794Z,41.105,454.967,456.899,14.114,2.991,24,413.862,1.932,completed,successo,,processed,,671,01a0613b-b638-7775-8021-ae784d57d4c5,sent,0,1,3,20.49,4.51,0
889,2026-09-02-v2-t1-recupero,stablecoin,50.00,EUR,basesepolia,84532,0x91f7b2252256a112fe12ee79ba58e1cb290d21c3,confirmations,12,0xc82bb1623ff9f11cd4c3475ae9b55ad77d3e616b12f86beefc9015eabcbd3f67,46284461,34,65376,6000000,0.000000392256,6065358263,0.000000398321358263,,2026-09-02T08:19:52.973Z,2026-09-02T08:20:08.748Z,2026-09-02T08:20:10.000Z,2026-09-02T08:20:34.000Z,2026-09-02T08:27:28.172Z,2026-09-02T08:27:29.154Z,2026-09-02T08:27:30.643Z,41.027,455.199,457.67,15.775,1.252,24,414.172,2.471,completed,successo,,processed,,672,01a0613b-be37-7de1-bbe4-19953a4d61dd,sent,0,1,3,40.98,9.02,0
890,2026-09-02-v2-t1-recupero,stablecoin,100.00,EUR,basesepolia,84532,0x91f7b2252256a112fe12ee79ba58e1cb290d21c3,confirmations,12,0xac9e783437822cc9e0d02f34f0558e6da3ebdd68aa061edb9555fddd3fea505f,46284458,44,65388,6000000,0.000000392328,5641430786,0.000000397969430786,,2026-09-02T08:19:53.047Z,2026-09-02T08:20:02.366Z,2026-09-02T08:20:04.000Z,2026-09-02T08:20:28.000Z,2026-09-02T08:27:27.427Z,2026-09-02T08:27:28.247Z,2026-09-02T08:27:30.547Z,34.953,454.38,457.5,9.319,1.634,24,419.427,3.12,completed,successo,,processed,,670,01a0613b-ac8b-7a01-87a1-27df75b36cbd,sent,0,1,3,81.97,18.03,0
891,2026-09-02-v2-t1,stablecoin,250.00,EUR,basesepolia,84532,0x91f7b2252256a112fe12ee79ba58e1cb290d21c3,confirmations,12,0xe8685bdddaa920e47426a47887ac88d7dcb5a59f33f55ed792cb65afed639f7d,46284459,10,65388,6000000,0.000000392328,5641430786,0.000000397969430786,,2026-09-02T08:19:53.123Z,2026-09-02T08:20:03.321Z,2026-09-02T08:20:06.000Z,2026-09-02T08:20:30.000Z,2026-09-02T08:20:32.379Z,2026-09-02T08:20:33.313Z,2026-09-02T08:20:34.579Z,36.877,39.256,41.456,10.198,2.679,24,2.379,2.2,completed,successo,,processed,,666,01a06135-796d-7f47-93b4-3a00b6fd1e4d,sent,0,1,3,204.92,45.08,0
892,2026-09-02-v2-t1,stablecoin,500.00,EUR,basesepolia,84532,0x91f7b2252256a112fe12ee79ba58e1cb290d21c3,confirmations,12,0xef0187f87b63c26983325c6f4790b1a8472d512d3f60460804d5ba560aceb01a,46284462,14,60588,6000000,0.000000363528,6065358263,0.000000369593358263,,2026-09-02T08:19:53.199Z,2026-09-02T08:20:09.713Z,2026-09-02T08:20:12.000Z,2026-09-02T08:20:36.000Z,2026-09-02T08:20:40.912Z,2026-09-02T08:20:41.472Z,2026-09-02T08:20:42.597Z,42.801,47.713,49.398,16.514,2.287,24,4.912,1.685,completed,successo,,processed,,669,01a06135-90f4-7970-870d-01f8a8747872,sent,0,1,3,409.84,90.16,0
893,2026-09-02-v2-t1,stablecoin,1000.00,EUR,basesepolia,84532,0x91f7b2252256a112fe12ee79ba58e1cb290d21c3,confirmations,12,0x798cde2d22d68c48d0b7f3653a22bb8ba701ec60c7928d0498f822b8d184b64b,46284460,19,65388,6000000,0.000000392328,6065358263,0.000000398393358263,,2026-09-02T08:19:53.278Z,2026-09-02T08:20:05.651Z,2026-09-02T08:20:08.000Z,2026-09-02T08:20:32.000Z,2026-09-02T08:20:39.907Z,2026-09-02T08:20:41.015Z,2026-09-02T08:20:43.753Z,38.722,46.629,50.475,12.373,2.349,24,7.907,3.846,completed,successo,,processed,,668,01a06135-8962-7f2f-8931-3dc5ef635bf9,sent,0,1,3,819.67,180.33,0
894,2026-09-02-v2-t1,stablecoin,2500.00,EUR,basesepolia,84532,0x91f7b2252256a112fe12ee79ba58e1cb290d21c3,confirmations,12,0xd16ed41d87fbf6b738c662a8b3f6288b97eed46bdfef93bc96a95e32f6a506d7,46284459,45,65388,6000000,0.000000392328,5641430786,0.000000397969430786,,2026-09-02T08:19:53.349Z,2026-09-02T08:20:04.664Z,2026-09-02T08:20:06.000Z,2026-09-02T08:20:30.000Z,2026-09-02T08:20:32.698Z,2026-09-02T08:20:33.740Z,2026-09-02T08:20:35.785Z,36.651,39.349,42.436,11.315,1.336,24,2.698,3.087,completed,successo,,processed,,667,01a06135-81d1-7718-81dd-c0020b14c9e6,sent,0,1,3,2049.18,450.82,0
895,2026-09-02-v2-t1,stablecoin,10.00,EUR,basesepolia,84532,0x91f7b2252256a112fe12ee79ba58e1cb290d21c3,confirmations,12,0xcc346ab7357b78686a7ea50ecce6be99c03eb04e8673942d6e9f5161f4b07b50,46284693,45,65376,6000000,0.000000392256,5850879160,0.00000039810687916,,2026-09-02T08:27:42.912Z,2026-09-02T08:27:52.830Z,2026-09-02T08:27:54.000Z,2026-09-02T08:28:18.000Z,2026-09-02T08:28:24.410Z,2026-09-02T08:28:26.650Z,2026-09-02T08:28:28.772Z,35.088,41.498,45.86,9.918,1.17,24,6.41,4.362,completed,successo,,processed,,678,01a0613c-0bff-749a-976b-a58c67005234,sent,0,1,3,8.20,1.80,0
896,2026-09-02-v2-t1,stablecoin,25.00,EUR,basesepolia,84532,0x91f7b2252256a112fe12ee79ba58e1cb290d21c3,confirmations,12,0xd7186c74d0ab34183997305fc6d5b9991949e138f356bda895f8adc0b89f4db8,46284692,33,65388,6000000,0.000000392328,5850879160,0.00000039817887916,,2026-09-02T08:27:43.008Z,2026-09-02T08:27:50.845Z,2026-09-02T08:27:52.000Z,2026-09-02T08:28:16.000Z,2026-09-02T08:28:23.614Z,2026-09-02T08:28:25.811Z,2026-09-02T08:28:26.601Z,32.992,40.606,43.593,7.837,1.155,24,7.614,2.987,completed,successo,,processed,,676,01a0613b-fcab-790e-9ae6-90ea1595de94,sent,0,1,3,20.49,4.51,0
897,2026-09-02-v2-t1,stablecoin,50.00,EUR,basesepolia,84532,0x91f7b2252256a112fe12ee79ba58e1cb290d21c3,confirmations,12,0x02f5fbf9756b8926ba684df85dc2a68c8eb48d211d65c9e6168d79060c70346f,46284692,6,65388,6000000,0.000000392328,5850879160,0.00000039817887916,,2026-09-02T08:27:43.092Z,2026-09-02T08:27:49.472Z,2026-09-02T08:27:52.000Z,2026-09-02T08:28:16.000Z,2026-09-02T08:28:23.305Z,2026-09-02T08:28:25.268Z,2026-09-02T08:28:27.976Z,32.908,40.213,44.884,6.38,2.528,24,7.305,4.671,completed,successo,,processed,,675,01a0613b-f49e-7a5d-a5a1-00b795da76b1,sent,0,1,3,40.98,9.02,0
898,2026-09-02-v2-t1,stablecoin,100.00,EUR,basesepolia,84532,0x91f7b2252256a112fe12ee79ba58e1cb290d21c3,confirmations,12,0x0c22e57bff825532d8181e9a5468c2ae9396c4e2baa663706b3bb5181f73e926,46284690,28,65388,6000000,0.000000392328,5850879160,0.00000039817887916,,2026-09-02T08:27:43.183Z,2026-09-02T08:27:46.804Z,2026-09-02T08:27:48.000Z,2026-09-02T08:28:12.000Z,2026-09-02T08:28:16.147Z,2026-09-02T08:28:16.700Z,2026-09-02T08:28:18.540Z,28.817,32.964,35.357,3.621,1.196,24,4.147,2.393,completed,successo,,processed,,673,01a0613b-e5dc-73da-9979-264e231b1d17,sent,0,1,3,81.97,18.03,0
899,2026-09-02-v2-t1,stablecoin,250.00,EUR,basesepolia,84532,0x91f7b2252256a112fe12ee79ba58e1cb290d21c3,confirmations,12,0x651a2033af1a9eef0a9b1f38186fd4e963173c58ee70cfb01dc3a021e61d79b9,46284691,22,65388,6000000,0.000000392328,5850879160,0.00000039817887916,,2026-09-02T08:27:43.263Z,2026-09-02T08:27:48.137Z,2026-09-02T08:27:50.000Z,2026-09-02T08:28:14.000Z,2026-09-02T08:28:16.613Z,2026-09-02T08:28:17.141Z,2026-09-02T08:28:19.781Z,30.737,33.351,36.518,4.874,1.863,24,2.613,3.168,completed,successo,,processed,,674,01a0613b-ed54-7ab4-b1a9-1c162da2d1c2,sent,0,1,3,204.92,45.08,0
900,2026-09-02-v2-t1,stablecoin,500.00,EUR,basesepolia,84532,0x91f7b2252256a112fe12ee79ba58e1cb290d21c3,confirmations,12,0xd0d8644479e1ebc8650960d0d8cd86c0794d8e24ca8f2809325b3c20c8fdcd56,46284694,35,60588,6000000,0.000000363528,5632220761,0.000000369160220761,,2026-09-02T08:27:43.359Z,2026-09-02T08:27:54.826Z,2026-09-02T08:27:56.000Z,2026-09-02T08:28:20.000Z,2026-09-02T08:28:25.171Z,2026-09-02T08:28:27.513Z,2026-09-02T08:28:28.814Z,36.641,41.812,45.455,11.467,1.174,24,5.171,3.643,completed,successo,,processed,,680,01a0613c-1aaa-71e8-8aeb-c9a44cc22694,sent,0,1,3,409.84,90.16,0
901,2026-09-02-v2-t1,stablecoin,1000.00,EUR,basesepolia,84532,0x91f7b2252256a112fe12ee79ba58e1cb290d21c3,confirmations,12,0x7be8f2fcc68b25789ce38d22faac5e24970802235d3bb3ad1a9f646af87574c8,46284694,18,65388,6000000,0.000000392328,5632220761,0.000000397960220761,,2026-09-02T08:27:43.450Z,2026-09-02T08:27:53.806Z,2026-09-02T08:27:56.000Z,2026-09-02T08:28:20.000Z,2026-09-02T08:28:24.856Z,2026-09-02T08:28:27.090Z,2026-09-02T08:28:28.269Z,36.55,41.405,44.819,10.356,2.194,24,4.856,3.413,completed,successo,,processed,,679,01a0613c-1355-751c-b5cb-638f557a464a,sent,0,1,3,819.67,180.33,0
902,2026-09-02-v2-t1,stablecoin,2500.00,EUR,basesepolia,84532,0x91f7b2252256a112fe12ee79ba58e1cb290d21c3,confirmations,12,0x330cc10d684fd3e896b11fbd0c10cf1027140fb6eff49e78ef2528af8dbd5de6,46284693,23,65388,6000000,0.000000392328,5850879160,0.00000039817887916,,2026-09-02T08:27:43.541Z,2026-09-02T08:27:51.829Z,2026-09-02T08:27:54.000Z,2026-09-02T08:28:18.000Z,2026-09-02T08:28:24.062Z,2026-09-02T08:28:26.229Z,2026-09-02T08:28:28.001Z,34.459,40.521,44.46,8.288,2.171,24,6.062,3.939,completed,successo,,processed,,677,01a0613c-048d-789c-95d8-a25f5397418c,sent,0,1,3,2049.18,450.82,0
903,2026-09-02-v2-t1,stablecoin,10.00,EUR,basesepolia,84532,0x91f7b2252256a112fe12ee79ba58e1cb290d21c3,confirmations,12,0xa892b9518c6843da136ca0454c8527a290f42543fce858cbb31743c918d5093b,46284731,29,65376,6000000,0.000000392256,5586796331,0.000000397842796331,,2026-09-02T08:29:04.333Z,2026-09-02T08:29:08.538Z,2026-09-02T08:29:10.000Z,2026-09-02T08:29:34.000Z,2026-09-02T08:29:37.214Z,2026-09-02T08:29:38.130Z,2026-09-02T08:29:40.555Z,29.667,32.881,36.222,4.205,1.462,24,3.214,3.341,completed,successo,,processed,,681,01a0613d-25b8-7732-9eb6-edf668d55f29,sent,0,1,2,8.20,1.80,0
904,2026-09-02-v2-t1,stablecoin,25.00,EUR,basesepolia,84532,0x91f7b2252256a112fe12ee79ba58e1cb290d21c3,confirmations,12,0x6cf93b18b21da8194edbf192d9043db6f585e2dafdbbc74f94dcc3fce156f9a6,46284733,19,65388,6000000,0.000000392328,5586796331,0.000000397914796331,,2026-09-02T08:29:04.417Z,2026-09-02T08:29:11.634Z,2026-09-02T08:29:14.000Z,2026-09-02T08:29:38.000Z,2026-09-02T08:29:45.301Z,2026-09-02T08:29:46.917Z,2026-09-02T08:29:48.605Z,33.583,40.883,44.188,7.217,2.366,24,7.301,3.304,completed,successo,,processed,,684,01a0613d-3d07-7d87-acf5-7ddc3a05e3b4,sent,0,1,2,20.49,4.51,0
905,2026-09-02-v2-t1,stablecoin,50.00,EUR,basesepolia,84532,0x91f7b2252256a112fe12ee79ba58e1cb290d21c3,confirmations,12,0x48a4a26fe593eb93cd0364cfb0ac67985cb34e70e7272c36ef1e24d0c9d3fb1f,46284733,32,65388,6000000,0.000000392328,5586796331,0.000000397914796331,,2026-09-02T08:29:04.494Z,2026-09-02T08:29:12.833Z,2026-09-02T08:29:14.000Z,2026-09-02T08:29:38.000Z,2026-09-02T08:29:45.607Z,2026-09-02T08:29:47.386Z,2026-09-02T08:29:49.814Z,33.506,41.113,45.32,8.339,1.167,24,7.607,4.207,completed,successo,,processed,,685,01a0613d-44d5-744a-843c-4243226e4fc8,sent,0,1,2,40.98,9.02,0
906,2026-09-02-v2-t1,stablecoin,100.00,EUR,basesepolia,84532,0x91f7b2252256a112fe12ee79ba58e1cb290d21c3,confirmations,12,0xe3298ab70d949e2c3e36d074202a18f8d9e32a14ce58e938d23f259cca5a5d29,46284735,24,60588,6000000,0.000000363528,5586796331,0.000000369114796331,,2026-09-02T08:29:04.588Z,2026-09-02T08:29:16.482Z,2026-09-02T08:29:18.000Z,2026-09-02T08:29:42.000Z,2026-09-02T08:29:46.806Z,2026-09-02T08:29:48.796Z,2026-09-02T08:29:50.073Z,37.412,42.219,45.485,11.894,1.518,24,4.806,3.267,completed,successo,,processed,,688,01a0613d-5ca0-7821-9109-44e9ded6b9bb,sent,0,1,2,81.97,18.03,0
907,2026-09-02-v2-t1,stablecoin,250.00,EUR,basesepolia,84532,0x91f7b2252256a112fe12ee79ba58e1cb290d21c3,confirmations,12,0x4e05af02faf638a00a0aed9d8809691d35ccaf778c431cfb73f4946239f61542,46284732,14,65388,6000000,0.000000392328,5586796331,0.000000397914796331,,2026-09-02T08:29:04.661Z,2026-09-02T08:29:09.695Z,2026-09-02T08:29:12.000Z,2026-09-02T08:29:36.000Z,2026-09-02T08:29:37.711Z,2026-09-02T08:29:38.604Z,2026-09-02T08:29:39.868Z,31.339,33.049,35.207,5.034,2.305,24,1.711,2.157,completed,successo,,processed,,682,01a0613d-2d64-745d-a0a7-ffad8a3c460d,sent,0,1,2,204.92,45.08,0
908,2026-09-02-v2-t1,stablecoin,500.00,EUR,basesepolia,84532,0x91f7b2252256a112fe12ee79ba58e1cb290d21c3,confirmations,12,0x17522f7a553baf66791dd64bf8aab1a5e8ffbb6477576579bcda946418885744,46284732,39,65388,6000000,0.000000392328,5586796331,0.000000397914796331,,2026-09-02T08:29:04.745Z,2026-09-02T08:29:10.664Z,2026-09-02T08:29:12.000Z,2026-09-02T08:29:36.000Z,2026-09-02T08:29:38.026Z,2026-09-02T08:29:39.074Z,2026-09-02T08:29:41.769Z,31.255,33.281,37.024,5.919,1.336,24,2.026,3.743,completed,successo,,processed,,683,01a0613d-34a6-7e1b-815b-811ec05be075,sent,0,1,2,409.84,90.16,0
909,2026-09-02-v2-t1,stablecoin,1000.00,EUR,basesepolia,84532,0x91f7b2252256a112fe12ee79ba58e1cb290d21c3,confirmations,12,0xa30e5ba8cac58582578fbc639d83836fd84a44ef498fe58ec7aac9f453a9a2f2,46284735,4,65388,6000000,0.000000392328,5586796331,0.000000397914796331,,2026-09-02T08:29:04.827Z,2026-09-02T08:29:15.146Z,2026-09-02T08:29:18.000Z,2026-09-02T08:29:42.000Z,2026-09-02T08:29:46.504Z,2026-09-02T08:29:48.311Z,2026-09-02T08:29:49.942Z,37.173,41.677,45.115,10.319,2.854,24,4.504,3.438,completed,successo,,processed,,687,01a0613d-55b8-78a8-ba24-c42975e1976d,sent,0,1,2,819.67,180.33,0
910,2026-09-02-v2-t1,stablecoin,2500.00,EUR,basesepolia,84532,0x91f7b2252256a112fe12ee79ba58e1cb290d21c3,confirmations,12,0x9b51014f36ec3bd38f05c68f0dfca571ac3cbe24ce0e2970e15614310eb71216,46284734,27,65388,6000000,0.000000392328,5586796331,0.000000397914796331,,2026-09-02T08:29:04.900Z,2026-09-02T08:29:14.167Z,2026-09-02T08:29:16.000Z,2026-09-02T08:29:40.000Z,2026-09-02T08:29:46.066Z,2026-09-02T08:29:47.874Z,2026-09-02T08:29:50.555Z,35.1,41.166,45.655,9.267,1.833,24,6.066,4.489,completed,successo,,processed,,686,01a0613d-4d26-72fa-8055-82fe99f91cdb,sent,0,1,2,2049.18,450.82,0
911,2026-09-02-v2-t1,stablecoin,10.00,EUR,basesepolia,84532,0x91f7b2252256a112fe12ee79ba58e1cb290d21c3,confirmations,12,0xa42c08774cf2e738b713949dcdaa2505570f6d0ea8ea6b8ca32e5884d9e5db72,46284776,33,65376,6000000,0.000000392256,5347237341,0.000000397603237341,,2026-09-02T08:30:26.032Z,2026-09-02T08:30:38.700Z,2026-09-02T08:30:40.000Z,2026-09-02T08:31:04.000Z,2026-09-02T08:31:13.479Z,2026-09-02T08:31:14.742Z,2026-09-02T08:31:16.585Z,37.968,47.447,50.553,12.668,1.3,24,9.479,3.106,completed,successo,,processed,,695,01a0613e-8146-7849-b774-1de5c3b45dc6,sent,0,1,2,8.20,1.80,0
912,2026-09-02-v2-t1,stablecoin,25.00,EUR,basesepolia,84532,0x91f7b2252256a112fe12ee79ba58e1cb290d21c3,confirmations,12,0x84324ffd90a2b82742649ac439a034697e8b6ee90d0c26f42bf554ab4806b85b,46284774,40,65388,6000000,0.000000392328,5347237341,0.000000397675237341,,2026-09-02T08:30:26.113Z,2026-09-02T08:30:34.858Z,2026-09-02T08:30:36.000Z,2026-09-02T08:31:00.000Z,2026-09-02T08:31:05.173Z,2026-09-02T08:31:06.608Z,2026-09-02T08:31:07.870Z,33.887,39.06,41.757,8.745,1.142,24,5.173,2.697,completed,successo,,processed,,692,01a0613e-69d0-7f46-8b67-cf4c52b43f0c,sent,0,1,2,20.49,4.51,0
913,2026-09-02-v2-t1,stablecoin,50.00,EUR,basesepolia,84532,0x91f7b2252256a112fe12ee79ba58e1cb290d21c3,confirmations,12,0x31c885792e1af296bbf7abc36d94495ead2e229c9b335094d505035448af2e04,46284774,10,65388,6000000,0.000000392328,5347237341,0.000000397675237341,,2026-09-02T08:30:26.204Z,2026-09-02T08:30:33.270Z,2026-09-02T08:30:36.000Z,2026-09-02T08:31:00.000Z,2026-09-02T08:31:04.871Z,2026-09-02T08:31:06.177Z,2026-09-02T08:31:08.690Z,33.796,38.666,42.486,7.066,2.73,24,4.871,3.819,completed,successo,,processed,,691,01a0613e-61ee-7a59-afd1-a7f148f0afd2,sent,0,1,2,40.98,9.02,0
914,2026-09-02-v2-t1,stablecoin,100.00,EUR,basesepolia,84532,0x91f7b2252256a112fe12ee79ba58e1cb290d21c3,confirmations,12,0x4a7c731ff0f5d90793273bcd198710fca60a1054bd50ba8dc728c52bc7a4738e,46284776,6,65388,6000000,0.000000392328,5347237341,0.000000397675237341,,2026-09-02T08:30:26.288Z,2026-09-02T08:30:37.320Z,2026-09-02T08:30:40.000Z,2026-09-02T08:31:04.000Z,2026-09-02T08:31:13.190Z,2026-09-02T08:31:14.347Z,2026-09-02T08:31:15.759Z,37.712,46.902,49.471,11.032,2.68,24,9.19,2.569,completed,successo,,processed,,694,01a0613e-799e-7e04-9fa9-7cb3c1d16a55,sent,0,1,2,81.97,18.03,0
915,2026-09-02-v2-t1,stablecoin,250.00,EUR,basesepolia,84532,0x91f7b2252256a112fe12ee79ba58e1cb290d21c3,confirmations,12,0x9317dcbfd4af900b5522480207db6efd1e6bb711fa15a8e46c7b340345f53fff,46284777,15,60588,6000000,0.000000363528,5347237341,0.000000368875237341,,2026-09-02T08:30:26.376Z,2026-09-02T08:30:39.647Z,2026-09-02T08:30:42.000Z,2026-09-02T08:31:06.000Z,2026-09-02T08:31:13.920Z,2026-09-02T08:31:15.143Z,2026-09-02T08:31:17.775Z,39.624,47.544,51.399,13.271,2.353,24,7.92,3.855,completed,successo,,processed,,696,01a0613e-893d-711a-937d-3908eb5d1e55,sent,0,1,2,204.92,45.08,0
916,2026-09-02-v2-t1,stablecoin,500.00,EUR,basesepolia,84532,0x91f7b2252256a112fe12ee79ba58e1cb290d21c3,confirmations,12,0xf2a24c794795d2e6b200dfb73c20158c5ceb5fc5df061125bab82da69f4f2955,46284775,22,65388,6000000,0.000000392328,5347237341,0.000000397675237341,,2026-09-02T08:30:26.468Z,2026-09-02T08:30:35.889Z,2026-09-02T08:30:38.000Z,2026-09-02T08:31:02.000Z,2026-09-02T08:31:05.612Z,2026-09-02T08:31:07.002Z,2026-09-02T08:31:08.611Z,35.532,39.144,42.143,9.421,2.111,24,3.612,2.999,completed,successo,,processed,,693,01a0613e-71a6-7468-afb3-9d00535a7fea,sent,0,1,2,409.84,90.16,0
917,2026-09-02-v2-t1,stablecoin,1000.00,EUR,basesepolia,84532,0x91f7b2252256a112fe12ee79ba58e1cb290d21c3,confirmations,12,0x63bb2f0f49e88e8615527e93fcf24584d93dcabc38aeaa88fe3215fcb92581e4,46284773,22,65388,6000000,0.000000392328,5347237341,0.000000397675237341,,2026-09-02T08:30:26.561Z,2026-09-02T08:30:31.707Z,2026-09-02T08:30:34.000Z,2026-09-02T08:30:58.000Z,2026-09-02T08:31:04.445Z,2026-09-02T08:31:05.732Z,2026-09-02T08:31:07.849Z,31.439,37.885,41.288,5.146,2.293,24,6.445,3.404,completed,successo,,processed,,690,01a0613e-59dd-7135-b29f-49e7b61f2e39,sent,0,1,2,819.67,180.33,0
918,2026-09-02-v2-t1,stablecoin,2500.00,EUR,basesepolia,84532,0x91f7b2252256a112fe12ee79ba58e1cb290d21c3,confirmations,12,0x8f87cc5e7c355753601e8acbfd1fbb23e97ded2de8aae9d7fa0cea775c449bae,46284772,25,65388,6000000,0.000000392328,5347237341,0.000000397675237341,,2026-09-02T08:30:26.646Z,2026-09-02T08:30:30.591Z,2026-09-02T08:30:32.000Z,2026-09-02T08:30:56.000Z,2026-09-02T08:30:58.135Z,2026-09-02T08:30:58.219Z,2026-09-02T08:30:59.803Z,29.354,31.489,33.157,3.945,1.409,24,2.135,1.668,completed,successo,,processed,,689,01a0613e-51b7-70ba-89c6-343cfd90f72c,sent,0,1,2,2049.18,450.82,0
919,2026-09-02-v2-t1,stablecoin,10.00,EUR,basesepolia,84532,0x91f7b2252256a112fe12ee79ba58e1cb290d21c3,confirmations,12,0x07a688f37cb07c1286f40a49f691f3ab13ca9f4299c7b0e2d0d05eaeef2ec4fa,46284820,17,65376,6000000,0.000000392256,5573271088,0.000000397829271088,,2026-09-02T08:32:00.604Z,2026-09-02T08:32:05.646Z,2026-09-02T08:32:08.000Z,2026-09-02T08:32:32.000Z,2026-09-02T08:32:35.394Z,2026-09-02T08:32:36.735Z,2026-09-02T08:32:37.874Z,31.396,34.79,37.27,5.042,2.354,24,3.394,2.48,completed,successo,,processed,,698,01a0613f-bc50-78ec-bacd-c4c1e1acd5a1,sent,0,1,2,8.20,1.80,0
920,2026-09-02-v2-t1,stablecoin,25.00,EUR,basesepolia,84532,0x91f7b2252256a112fe12ee79ba58e1cb290d21c3,confirmations,12,0xd7b9f4ede444c1c2733e4216d5e53ac9cd5623af4d9431ae16dbf566a8a1ef71,46284823,11,65388,6000000,0.000000392328,5573271088,0.000000397901271088,,2026-09-02T08:32:00.692Z,2026-09-02T08:32:10.984Z,2026-09-02T08:32:14.000Z,2026-09-02T08:32:38.000Z,2026-09-02T08:32:44.254Z,2026-09-02T08:32:45.541Z,2026-09-02T08:32:46.600Z,37.308,43.562,45.908,10.292,3.016,24,6.254,2.346,completed,successo,,processed,,702,01a0613f-da35-74e1-b22d-246cc0c02aba,sent,0,1,2,20.49,4.51,0
921,2026-09-02-v2-t1,stablecoin,50.00,EUR,basesepolia,84532,0x91f7b2252256a112fe12ee79ba58e1cb290d21c3,confirmations,12,0x6a3489502753f88ed2757d9cb6c42408cc763875fea6858f0b74f090c047f1f1,46284824,20,60588,6000000,0.000000363528,5573271088,0.000000369101271088,,2026-09-02T08:32:00.773Z,2026-09-02T08:32:14.018Z,2026-09-02T08:32:16.000Z,2026-09-02T08:32:40.000Z,2026-09-02T08:32:44.998Z,2026-09-02T08:32:46.351Z,2026-09-02T08:32:47.783Z,39.227,44.225,47.01,13.245,1.982,24,4.998,2.785,completed,successo,,processed,,704,01a0613f-e9c5-7837-b1d2-300e57eb6e75,sent,0,1,2,40.98,9.02,0
922,2026-09-02-v2-t1,stablecoin,100.00,EUR,basesepolia,84532,0x91f7b2252256a112fe12ee79ba58e1cb290d21c3,confirmations,12,0x07dfffa826241653f1ec9047839ed4483e9c784753df3bbbbc381de5531b254c,46284819,21,65388,6000000,0.000000392328,5322690398,0.000000397650690398,,2026-09-02T08:32:00.861Z,2026-09-02T08:32:04.692Z,2026-09-02T08:32:06.000Z,2026-09-02T08:32:30.000Z,2026-09-02T08:32:34.914Z,2026-09-02T08:32:36.274Z,2026-09-02T08:32:38.600Z,29.139,34.053,37.739,3.831,1.308,24,4.914,3.686,completed,successo,,processed,,697,01a0613f-b41e-7407-83a2-2ceec97bfdbb,sent,0,1,2,81.97,18.03,0
923,2026-09-02-v2-t1,stablecoin,250.00,EUR,basesepolia,84532,0x91f7b2252256a112fe12ee79ba58e1cb290d21c3,confirmations,12,0x0d6ed6c2f25f280824c843edd3dd2d052b6cfec8ec77c3c621cc2afdcf96225b,46284822,10,65388,6000000,0.000000392328,5573271088,0.000000397901271088,,2026-09-02T08:32:00.948Z,2026-09-02T08:32:09.630Z,2026-09-02T08:32:12.000Z,2026-09-02T08:32:36.000Z,2026-09-02T08:32:43.790Z,2026-09-02T08:32:45.103Z,2026-09-02T08:32:47.843Z,35.052,42.842,46.895,8.682,2.37,24,7.79,4.053,completed,successo,,processed,,701,01a0613f-d31e-794e-9534-73846bc179b3,sent,0,1,2,204.92,45.08,0
924,2026-09-02-v2-t1,stablecoin,500.00,EUR,basesepolia,84532,0x91f7b2252256a112fe12ee79ba58e1cb290d21c3,confirmations,12,0x27bb7284b684af36f2c229a2e0ff75abcaa9c30e2b11895e90e409139ea80bc4,46284823,36,65388,6000000,0.000000392328,5573271088,0.000000397901271088,,2026-09-02T08:32:01.029Z,2026-09-02T08:32:12.675Z,2026-09-02T08:32:14.000Z,2026-09-02T08:32:38.000Z,2026-09-02T08:32:44.569Z,2026-09-02T08:32:45.943Z,2026-09-02T08:32:48.590Z,36.971,43.541,47.561,11.646,1.325,24,6.569,4.021,completed,successo,,processed,,703,01a0613f-e1f0-75d7-91b9-603bfbb734f7,sent,0,1,2,409.84,90.16,0
925,2026-09-02-v2-t1,stablecoin,1000.00,EUR,basesepolia,84532,0x91f7b2252256a112fe12ee79ba58e1cb290d21c3,confirmations,12,0x7b394161c93c9cb11fe8d0995c2c25a355e65ed6aa8faf004ab3990413d1fe4d,46284821,6,65388,6000000,0.000000392328,5573271088,0.000000397901271088,,2026-09-02T08:32:01.113Z,2026-09-02T08:32:07.020Z,2026-09-02T08:32:10.000Z,2026-09-02T08:32:34.000Z,2026-09-02T08:32:35.863Z,2026-09-02T08:32:37.159Z,2026-09-02T08:32:38.634Z,32.887,34.75,37.521,5.907,2.98,24,1.863,2.771,completed,successo,,processed,,699,01a0613f-c3e9-7355-9edb-96c041e30cbf,sent,0,1,2,819.67,180.33,0
926,2026-09-02-v2-t1,stablecoin,2500.00,EUR,basesepolia,84532,0x91f7b2252256a112fe12ee79ba58e1cb290d21c3,confirmations,12,0x0684b823205b14149e4f8a34dcffc6a9b735014ee554775274d87e0e8b7e2797,46284821,29,65388,6000000,0.000000392328,5573271088,0.000000397901271088,,2026-09-02T08:32:01.203Z,2026-09-02T08:32:08.695Z,2026-09-02T08:32:10.000Z,2026-09-02T08:32:34.000Z,2026-09-02T08:32:36.159Z,2026-09-02T08:32:37.564Z,2026-09-02T08:32:39.842Z,32.797,34.956,38.639,7.492,1.305,24,2.159,3.683,completed,successo,,processed,,700,01a0613f-cb84-7443-975f-1dbc5792c8ef,sent,0,1,2,2049.18,450.82,0
927,2026-09-02-v2-t1,stablecoin,10.00,EUR,basesepolia,84532,0x91f7b2252256a112fe12ee79ba58e1cb290d21c3,confirmations,12,0x504d85321dd2e85f17891a9d61e97383264c834b4a57c90dab1c8ea17af5993c,46284866,8,65376,6000000,0.000000392256,5815700318,0.000000398071700318,,2026-09-02T08:33:23.825Z,2026-09-02T08:33:37.347Z,2026-09-02T08:33:40.000Z,2026-09-02T08:34:04.000Z,2026-09-02T08:34:10.067Z,2026-09-02T08:34:11.762Z,2026-09-02T08:34:12.744Z,40.175,46.242,48.919,13.522,2.653,24,6.067,2.677,completed,successo,,processed,,710,01a06141-8f4c-770b-aa4e-fecc78897bf1,sent,0,1,1,8.20,1.80,0
928,2026-09-02-v2-t1,stablecoin,25.00,EUR,basesepolia,84532,0x91f7b2252256a112fe12ee79ba58e1cb290d21c3,confirmations,12,0xeddd946998eaa0c46345c5ca64ef815eb86246156bc631a48f9f98ebfe15518f,46284866,31,65388,6000000,0.000000392328,5815700318,0.000000398143700318,,2026-09-02T08:33:23.898Z,2026-09-02T08:33:38.370Z,2026-09-02T08:33:40.000Z,2026-09-02T08:34:04.000Z,2026-09-02T08:34:10.383Z,2026-09-02T08:34:12.151Z,2026-09-02T08:34:13.848Z,40.102,46.485,49.95,14.472,1.63,24,6.383,3.465,completed,successo,,processed,,711,01a06141-96a9-7f10-a5d8-c807d099952b,sent,0,1,1,20.49,4.51,0
929,2026-09-02-v2-t1,stablecoin,50.00,EUR,basesepolia,84532,0x91f7b2252256a112fe12ee79ba58e1cb290d21c3,confirmations,12,0x4b65d836539b8f7e413fd008ab4e9fe747f28f9fdf7530949c6c8936a77ae268,46284865,29,65376,6000000,0.000000392256,5815700318,0.000000398071700318,,2026-09-02T08:33:23.993Z,2026-09-02T08:33:36.359Z,2026-09-02T08:33:38.000Z,2026-09-02T08:34:02.000Z,2026-09-02T08:34:09.643Z,2026-09-02T08:34:11.372Z,2026-09-02T08:34:13.780Z,38.007,45.651,49.787,12.366,1.641,24,7.643,4.137,completed,successo,,processed,,709,01a06141-872c-7312-a9ac-1e9caa965610,sent,0,1,2,40.98,9.02,0
930,2026-09-02-v2-t1,stablecoin,100.00,EUR,basesepolia,84532,0x91f7b2252256a112fe12ee79ba58e1cb290d21c3,confirmations,12,0x154161742862b82c0798e48f88e7a0016fc43af4ae2f9232cc42e9afca38c871,46284864,27,65388,6000000,0.000000392328,5815700318,0.000000398143700318,,2026-09-02T08:33:24.072Z,2026-09-02T08:33:34.430Z,2026-09-02T08:33:36.000Z,2026-09-02T08:34:00.000Z,2026-09-02T08:34:02.273Z,2026-09-02T08:34:03.241Z,2026-09-02T08:34:05.770Z,35.928,38.201,41.698,10.358,1.57,24,2.273,3.497,completed,successo,,processed,,707,01a06141-77ee-7287-aeb5-f65ea04bf723,sent,0,1,2,81.97,18.03,0
931,2026-09-02-v2-t1,stablecoin,250.00,EUR,basesepolia,84532,0x91f7b2252256a112fe12ee79ba58e1cb290d21c3,confirmations,12,0xf8f27c517bd5f04fa7b41268f3b50d3a6c1cb253be84edd666450862d34180b0,46284863,21,65388,6000000,0.000000392328,5815700318,0.000000398143700318,,2026-09-02T08:33:24.149Z,2026-09-02T08:33:28.033Z,2026-09-02T08:33:34.000Z,2026-09-02T08:33:58.000Z,2026-09-02T08:34:01.572Z,2026-09-02T08:34:02.341Z,2026-09-02T08:34:03.844Z,33.851,37.423,39.695,3.884,5.967,24,3.572,2.272,completed,successo,,processed,,705,01a06141-686c-79f4-ba20-a51a425c636c,sent,0,1,2,204.92,45.08,0
932,2026-09-02-v2-t1,stablecoin,500.00,EUR,basesepolia,84532,0x91f7b2252256a112fe12ee79ba58e1cb290d21c3,confirmations,12,0x29efbf32baacfe1cb3da007c24ea935dbe294bd37488a340e0e2b23fbbb5d5be,46284864,11,65376,6000000,0.000000392256,5815700318,0.000000398071700318,,2026-09-02T08:33:24.232Z,2026-09-02T08:33:33.538Z,2026-09-02T08:33:36.000Z,2026-09-02T08:34:00.000Z,2026-09-02T08:34:01.991Z,2026-09-02T08:34:02.850Z,2026-09-02T08:34:04.537Z,35.768,37.759,40.305,9.306,2.462,24,1.991,2.546,completed,successo,,processed,,706,01a06141-701d-74e8-919c-49ef54c0b302,sent,0,1,2,409.84,90.16,0
933,2026-09-02-v2-t1,stablecoin,1000.00,EUR,basesepolia,84532,0x91f7b2252256a112fe12ee79ba58e1cb290d21c3,confirmations,12,0xf6144b74c58ec5a4b505b597938019faeb432bd37f3cc2e276d96166914ea762,46284865,11,65388,6000000,0.000000392328,5815700318,0.000000398143700318,,2026-09-02T08:33:24.308Z,2026-09-02T08:33:35.371Z,2026-09-02T08:33:38.000Z,2026-09-02T08:34:02.000Z,2026-09-02T08:34:09.359Z,2026-09-02T08:34:10.923Z,2026-09-02T08:34:12.701Z,37.692,45.051,48.393,11.063,2.629,24,7.359,3.342,completed,successo,,processed,,708,01a06141-7f4b-7ad4-8548-0f08208ba86b,sent,0,1,2,819.67,180.33,0
934,2026-09-02-v2-t1,stablecoin,2500.00,EUR,basesepolia,84532,0x91f7b2252256a112fe12ee79ba58e1cb290d21c3,confirmations,12,0x582a489d0618e18fad9497a228b98942c358f396819084e4793f3dafba212db4,46284867,32,60576,6000000,0.000000363456,5815700318,0.000000369271700318,,2026-09-02T08:33:24.386Z,2026-09-02T08:33:39.935Z,2026-09-02T08:33:42.000Z,2026-09-02T08:34:06.000Z,2026-09-02T08:34:10.820Z,2026-09-02T08:34:12.559Z,2026-09-02T08:34:14.574Z,41.614,46.434,50.188,15.549,2.065,24,4.82,3.754,completed,successo,,processed,,712,01a06141-9e4a-7599-a102-8d3aec705426,sent,0,1,1,2049.18,450.82,0
935,2026-09-02-v2-t1,stablecoin,10.00,EUR,basesepolia,84532,0x91f7b2252256a112fe12ee79ba58e1cb290d21c3,confirmations,12,0x3ee79264cea9bbfdc6bf07b1d60827d1a2c0c5dcbc94f67b5ad3a384fe3f8749,46284903,17,65376,6000000,0.000000392256,5281572852,0.000000397537572852,,2026-09-02T08:34:48.938Z,2026-09-02T08:34:52.526Z,2026-09-02T08:34:54.000Z,2026-09-02T08:35:18.000Z,2026-09-02T08:35:21.973Z,2026-09-02T08:35:22.807Z,2026-09-02T08:35:23.833Z,29.062,33.035,34.895,3.588,1.474,24,3.973,1.86,completed,successo,,processed,,713,01a06142-ee97-75a2-9b86-5a8b52458dea,sent,0,1,1,8.20,1.80,0
936,2026-09-02-v2-t1,stablecoin,25.00,EUR,basesepolia,84532,0x91f7b2252256a112fe12ee79ba58e1cb290d21c3,confirmations,12,0x033a7538a612056b36435b9ea314e8dcff09d8bdcf30308023f5418c294f3091,46284904,27,65388,6000000,0.000000392328,5281572852,0.000000397609572852,,2026-09-02T08:34:49.011Z,2026-09-02T08:34:54.452Z,2026-09-02T08:34:56.000Z,2026-09-02T08:35:20.000Z,2026-09-02T08:35:22.732Z,2026-09-02T08:35:23.642Z,2026-09-02T08:35:25.756Z,30.989,33.721,36.745,5.441,1.548,24,2.732,3.024,completed,successo,,processed,,715,01a06142-ffd3-7ddc-8def-2c3438783fb4,sent,0,1,1,20.49,4.51,0
937,2026-09-02-v2-t1,stablecoin,50.00,EUR,basesepolia,84532,0x91f7b2252256a112fe12ee79ba58e1cb290d21c3,confirmations,12,0xa11415e0bb91c3032185502c2528feeb523f4e9c2d16a89bd4fcdbf89867e9ac,46284905,10,65388,6000000,0.000000392328,5240994202,0.000000397568994202,,2026-09-02T08:34:49.091Z,2026-09-02T08:34:55.397Z,2026-09-02T08:34:58.000Z,2026-09-02T08:35:22.000Z,2026-09-02T08:35:29.836Z,2026-09-02T08:35:31.362Z,2026-09-02T08:35:32.635Z,32.909,40.744,43.544,6.306,2.603,24,7.836,2.799,completed,successo,,processed,,716,01a06143-07d8-7462-8d55-5204bf3d8326,sent,0,1,1,40.98,9.02,0
938,2026-09-02-v2-t1,stablecoin,100.00,EUR,basesepolia,84532,0x91f7b2252256a112fe12ee79ba58e1cb290d21c3,confirmations,12,0x51ec3d909cc0a39867857ed5510e4542f52f8920d8a077ec98cd65a389423d2f,46284907,12,60588,6000000,0.000000363528,5240994202,0.000000368768994202,,2026-09-02T08:34:49.160Z,2026-09-02T08:34:59.308Z,2026-09-02T08:35:02.000Z,2026-09-02T08:35:26.000Z,2026-09-02T08:35:31.275Z,2026-09-02T08:35:33.144Z,2026-09-02T08:35:34.610Z,36.84,42.115,45.45,10.148,2.692,24,5.275,3.335,completed,successo,,processed,,720,01a06143-25ed-7904-b053-cf056f608158,sent,0,1,1,81.97,18.03,0
939,2026-09-02-v2-t1,stablecoin,250.00,EUR,basesepolia,84532,0x91f7b2252256a112fe12ee79ba58e1cb290d21c3,confirmations,12,0x1c07ee3e4019975b405d95101ff240c7c1bde4b208555804345ff87b00d2f66f,46284904,14,65388,6000000,0.000000392328,5281572852,0.000000397609572852,,2026-09-02T08:34:49.237Z,2026-09-02T08:34:53.471Z,2026-09-02T08:34:56.000Z,2026-09-02T08:35:20.000Z,2026-09-02T08:35:22.431Z,2026-09-02T08:35:23.237Z,2026-09-02T08:35:24.548Z,30.763,33.194,35.311,4.234,2.529,24,2.431,2.117,completed,successo,,processed,,714,01a06142-f7d6-7028-8ac5-dd2a85322647,sent,0,1,1,204.92,45.08,0
940,2026-09-02-v2-t1,stablecoin,500.00,EUR,basesepolia,84532,0x91f7b2252256a112fe12ee79ba58e1cb290d21c3,confirmations,12,0x6f788bd56f156b805a5ba25a71f277df31881e5704416d47e1735fe5d08e7a64,46284906,24,65388,6000000,0.000000392328,5240994202,0.000000397568994202,,2026-09-02T08:34:49.320Z,2026-09-02T08:34:58.362Z,2026-09-02T08:35:00.000Z,2026-09-02T08:35:24.000Z,2026-09-02T08:35:30.849Z,2026-09-02T08:35:32.646Z,2026-09-02T08:35:33.754Z,34.68,41.529,44.434,9.042,1.638,24,6.849,2.905,completed,successo,,processed,,719,01a06143-1e78-7457-a07b-d91721d29549,sent,0,1,1,409.84,90.16,0
941,2026-09-02-v2-t1,stablecoin,1000.00,EUR,basesepolia,84532,0x91f7b2252256a112fe12ee79ba58e1cb290d21c3,confirmations,12,0xd1be2897acde790431982cb78a0df9c8a3cf2c0e8be9c88282ab354758cbc649,46284906,8,65388,6000000,0.000000392328,5240994202,0.000000397568994202,,2026-09-02T08:34:49.394Z,2026-09-02T08:34:57.417Z,2026-09-02T08:35:00.000Z,2026-09-02T08:35:24.000Z,2026-09-02T08:35:30.560Z,2026-09-02T08:35:32.227Z,2026-09-02T08:35:34.622Z,34.606,41.167,45.228,8.023,2.583,24,6.56,4.062,completed,successo,,processed,,718,01a06143-16b6-7629-8ec3-f7e1243dfb14,sent,0,1,1,819.67,180.33,0
942,2026-09-02-v2-t1,stablecoin,2500.00,EUR,basesepolia,84532,0x91f7b2252256a112fe12ee79ba58e1cb290d21c3,confirmations,12,0x692a322b14a86a4bdd3d90d1a5642537ef9a41501c3bfac8a001b51c5a2b27c1,46284905,29,65388,6000000,0.000000392328,5240994202,0.000000397568994202,,2026-09-02T08:34:49.461Z,2026-09-02T08:34:56.357Z,2026-09-02T08:34:58.000Z,2026-09-02T08:35:22.000Z,2026-09-02T08:35:30.126Z,2026-09-02T08:35:31.815Z,2026-09-02T08:35:33.793Z,32.539,40.665,44.332,6.896,1.643,24,8.126,3.667,completed,successo,,processed,,717,01a06143-0f56-78b7-a321-0e4b70a5c27a,sent,0,1,1,2049.18,450.82,0
943,2026-09-02-v2-t1,stablecoin,10.00,EUR,basesepolia,84532,0x91f7b2252256a112fe12ee79ba58e1cb290d21c3,confirmations,12,0x67e23c0dc52efcc5276b6bdad4d0d105c68ef56d55bebe082d8eba7d4c1ad5f0,46284952,24,65376,6000000,0.000000392256,5957401569,0.000000398213401569,,2026-09-02T08:36:20.050Z,2026-09-02T08:36:30.354Z,2026-09-02T08:36:32.000Z,2026-09-02T08:36:56.000Z,2026-09-02T08:36:59.200Z,2026-09-02T08:37:00.147Z,2026-09-02T08:37:01.846Z,35.95,39.15,41.796,10.304,1.646,24,3.2,2.646,completed,successo,,processed,,723,01a06144-83bb-74c6-9a07-a4edd4a54eb1,sent,0,1,1,8.20,1.80,0
944,2026-09-02-v2-t1,stablecoin,25.00,EUR,basesepolia,84532,0x91f7b2252256a112fe12ee79ba58e1cb290d21c3,confirmations,12,0x8c1a048422c1fdfe75388fa20d2ae48a7bd4427548154071d44891557bf8f11c,46284955,10,65388,6000000,0.000000392328,5957401569,0.000000398285401569,,2026-09-02T08:36:20.134Z,2026-09-02T08:36:35.036Z,2026-09-02T08:36:38.000Z,2026-09-02T08:37:02.000Z,2026-09-02T08:37:07.457Z,2026-09-02T08:37:09.101Z,2026-09-02T08:37:10.638Z,41.866,47.324,50.504,14.902,2.964,24,5.457,3.181,completed,successo,,processed,,727,01a06144-a296-7cd6-9a3d-330c0b00ec52,sent,0,1,1,20.49,4.51,0
945,2026-09-02-v2-t1,stablecoin,50.00,EUR,basesepolia,84532,0x91f7b2252256a112fe12ee79ba58e1cb290d21c3,confirmations,12,0x4c88f68bbcdeaeba2c84dbe14d81a25fd5fb6062c41bd19e99868945e5fd2c91,46284954,8,65388,6000000,0.000000392328,5957401569,0.000000398285401569,,2026-09-02T08:36:20.214Z,2026-09-02T08:36:33.609Z,2026-09-02T08:36:36.000Z,2026-09-02T08:37:00.000Z,2026-09-02T08:37:07.027Z,2026-09-02T08:37:08.682Z,2026-09-02T08:37:09.919Z,39.786,46.813,49.705,13.395,2.391,24,7.027,2.892,completed,successo,,processed,,726,01a06144-9afc-7dcb-ac37-8d317a21c327,sent,0,1,1,40.98,9.02,0
946,2026-09-02-v2-t1,stablecoin,100.00,EUR,basesepolia,84532,0x91f7b2252256a112fe12ee79ba58e1cb290d21c3,confirmations,12,0xa830b35cbe34a7c4a38c2521a4cb64a621d25acbf35041846cdbc1d4df308bd0,46284955,39,60588,6000000,0.000000363528,5957401569,0.000000369485401569,,2026-09-02T08:36:20.297Z,2026-09-02T08:36:36.731Z,2026-09-02T08:36:38.000Z,2026-09-02T08:37:02.000Z,2026-09-02T08:37:07.756Z,2026-09-02T08:37:09.518Z,2026-09-02T08:37:12.684Z,41.703,47.459,52.387,16.434,1.269,24,5.756,4.928,completed,successo,,processed,,728,01a06144-a9dd-72a9-a8e5-977851c5dbd9,sent,0,1,1,81.97,18.03,0
947,2026-09-02-v2-t1,stablecoin,250.00,EUR,basesepolia,84532,0x91f7b2252256a112fe12ee79ba58e1cb290d21c3,confirmations,12,0x60099ce0def7bd7e094f791f152f6c630dc3c1244893bbe5da1d6760e2d28902,46284953,5,65388,6000000,0.000000392328,5957401569,0.000000398285401569,,2026-09-02T08:36:20.387Z,2026-09-02T08:36:31.323Z,2026-09-02T08:36:34.000Z,2026-09-02T08:36:58.000Z,2026-09-02T08:37:06.321Z,2026-09-02T08:37:07.852Z,2026-09-02T08:37:09.966Z,37.613,45.935,49.579,10.936,2.677,24,8.321,3.645,completed,successo,,processed,,724,01a06144-8bba-763d-9ff0-b70d7c0a2e35,sent,0,1,1,204.92,45.08,0
948,2026-09-02-v2-t1,stablecoin,500.00,EUR,basesepolia,84532,0x91f7b2252256a112fe12ee79ba58e1cb290d21c3,confirmations,12,0xacf97e1abc793ae5816ac8ffaf018cc753e28d72b4954b8570644a5c6f4346ff,46284951,18,65388,6000000,0.000000392328,5957401569,0.000000398285401569,,2026-09-02T08:36:20.463Z,2026-09-02T08:36:23.885Z,2026-09-02T08:36:30.000Z,2026-09-02T08:36:54.000Z,2026-09-02T08:36:58.468Z,2026-09-02T08:36:59.274Z,2026-09-02T08:37:01.751Z,33.537,38.004,41.288,3.422,6.115,24,4.468,3.283,completed,successo,,processed,,721,01a06144-749f-75b8-9177-23194f4c721a,sent,0,1,1,409.84,90.16,0
949,2026-09-02-v2-t1,stablecoin,1000.00,EUR,basesepolia,84532,0x91f7b2252256a112fe12ee79ba58e1cb290d21c3,confirmations,12,0xcfed84507557ebe5c8f3dfde3a414c45efa09bbccd95d6b6823e07ac2480dd87,46284953,33,65376,6000000,0.000000392256,5957401569,0.000000398213401569,,2026-09-02T08:36:20.545Z,2026-09-02T08:36:32.659Z,2026-09-02T08:36:34.000Z,2026-09-02T08:36:58.000Z,2026-09-02T08:37:06.619Z,2026-09-02T08:37:08.277Z,2026-09-02T08:37:10.634Z,37.455,46.074,50.089,12.114,1.341,24,8.619,4.015,completed,successo,,processed,,725,01a06144-9334-7239-884c-74bf4ef2b292,sent,0,1,1,819.67,180.33,0
950,2026-09-02-v2-t1,stablecoin,2500.00,EUR,basesepolia,84532,0x91f7b2252256a112fe12ee79ba58e1cb290d21c3,confirmations,12,0x290f2a114a239c214346c9fc6d270b36860e5e5d64b294e0053aef67874f40c7,46284952,6,65388,6000000,0.000000392328,5957401569,0.000000398285401569,,2026-09-02T08:36:20.630Z,2026-09-02T08:36:29.362Z,2026-09-02T08:36:32.000Z,2026-09-02T08:36:56.000Z,2026-09-02T08:36:58.894Z,2026-09-02T08:36:59.752Z,2026-09-02T08:37:00.556Z,35.37,38.264,39.926,8.732,2.638,24,2.894,1.662,completed,successo,,processed,,722,01a06144-7c26-77d0-8e6c-91cf17b58743,sent,0,1,1,2049.18,450.82,0
951,2026-09-02-v2-t1,stablecoin,10.00,EUR,basesepolia,84532,0x91f7b2252256a112fe12ee79ba58e1cb290d21c3,confirmations,12,0x741e65c3a023edcc526755a28c7793220138552e41465d92d77da2f7741ccae4,46284996,23,65364,6000000,0.000000392184,5967787901,0.000000398151787901,,2026-09-02T08:37:45.724Z,2026-09-02T08:37:58.517Z,2026-09-02T08:38:00.000Z,2026-09-02T08:38:24.000Z,2026-09-02T08:38:27.632Z,2026-09-02T08:38:28.939Z,2026-09-02T08:38:29.855Z,38.276,41.908,44.131,12.793,1.483,24,3.632,2.223,completed,successo,,processed,,733,01a06145-657b-72cf-9ba7-66c4db954890,sent,0,1,1,8.20,1.80,0
952,2026-09-02-v2-t1,stablecoin,25.00,EUR,basesepolia,84532,0x91f7b2252256a112fe12ee79ba58e1cb290d21c3,confirmations,12,0xed8c12e11a04a05b21c0c676ca0ed6e0ded6981e139c6a104542c56821ebb7a1,46284998,15,60588,6000000,0.000000363528,5967787901,0.000000369495787901,,2026-09-02T08:37:45.801Z,2026-09-02T08:38:01.530Z,2026-09-02T08:38:04.000Z,2026-09-02T08:38:28.000Z,2026-09-02T08:38:36.055Z,2026-09-02T08:38:36.684Z,2026-09-02T08:38:37.800Z,42.199,50.254,51.999,15.729,2.47,24,8.055,1.745,completed,successo,,processed,,736,01a06145-7c53-7339-9830-961498e65bcd,sent,0,1,1,20.49,4.51,0
953,2026-09-02-v2-t1,stablecoin,50.00,EUR,basesepolia,84532,0x91f7b2252256a112fe12ee79ba58e1cb290d21c3,confirmations,12,0xc6a811809185ad9ebd106a1fd9d10607997f0605762a15359379a911965ed527,46284992,33,65388,6000000,0.000000392328,5983422519,0.000000398311422519,,2026-09-02T08:37:45.880Z,2026-09-02T08:37:50.735Z,2026-09-02T08:37:52.000Z,2026-09-02T08:38:16.000Z,2026-09-02T08:38:19.833Z,2026-09-02T08:38:20.814Z,2026-09-02T08:38:22.822Z,30.12,33.952,36.942,4.855,1.265,24,3.833,2.989,completed,successo,,processed,,730,01a06145-5048-7b44-acda-53367fc398d4,sent,0,1,1,40.98,9.02,0
954,2026-09-02-v2-t1,stablecoin,100.00,EUR,basesepolia,84532,0x91f7b2252256a112fe12ee79ba58e1cb290d21c3,confirmations,12,0xa2619aa2e9c1a77688e20a4540e496d971008d21c9913ac06966a9762fd58537,46284997,8,65388,6000000,0.000000392328,5967787901,0.000000398295787901,,2026-09-02T08:37:45.952Z,2026-09-02T08:37:59.536Z,2026-09-02T08:38:02.000Z,2026-09-02T08:38:26.000Z,2026-09-02T08:38:28.080Z,2026-09-02T08:38:29.352Z,2026-09-02T08:38:30.610Z,40.048,42.129,44.658,13.584,2.464,24,2.08,2.53,completed,successo,,processed,,734,01a06145-6d15-734e-a453-4372a1f206d3,sent,0,1,1,81.97,18.03,0
955,2026-09-02-v2-t1,stablecoin,250.00,EUR,basesepolia,84532,0x91f7b2252256a112fe12ee79ba58e1cb290d21c3,confirmations,12,0xee9e8afbf0b9e52b1f552e69f0bbaf63243445ffd25860cab96b44661db74a60,46284992,15,65388,6000000,0.000000392328,5983422519,0.000000398311422519,,2026-09-02T08:37:46.023Z,2026-09-02T08:37:49.697Z,2026-09-02T08:37:52.000Z,2026-09-02T08:38:16.000Z,2026-09-02T08:38:19.536Z,2026-09-02T08:38:20.339Z,2026-09-02T08:38:21.872Z,29.977,33.513,35.849,3.674,2.303,24,3.536,2.336,completed,successo,,processed,,729,01a06145-490d-7d39-bd80-3a46816b77e6,sent,0,1,1,204.92,45.08,0
956,2026-09-02-v2-t1,stablecoin,500.00,EUR,basesepolia,84532,0x91f7b2252256a112fe12ee79ba58e1cb290d21c3,confirmations,12,0x588ee685eff1a81c5e79478f673a72148f66fd60b0302c8bc301056a4422a910,46284993,15,65388,6000000,0.000000392328,5967787901,0.000000398295787901,,2026-09-02T08:37:46.095Z,2026-09-02T08:37:51.727Z,2026-09-02T08:37:54.000Z,2026-09-02T08:38:18.000Z,2026-09-02T08:38:20.262Z,2026-09-02T08:38:21.230Z,2026-09-02T08:38:23.800Z,31.905,34.167,37.705,5.632,2.273,24,2.262,3.538,completed,successo,,processed,,731,01a06145-5740-76ce-a192-570171dca939,sent,0,1,1,409.84,90.16,0
957,2026-09-02-v2-t1,stablecoin,1000.00,EUR,basesepolia,84532,0x91f7b2252256a112fe12ee79ba58e1cb290d21c3,confirmations,12,0x1275a3f1611ee4cab030d6f5597e17e7178e0b363e66924e6c2bf7d4bf8aa95e,46284997,30,65388,6000000,0.000000392328,5967787901,0.000000398295787901,,2026-09-02T08:37:46.162Z,2026-09-02T08:38:00.510Z,2026-09-02T08:38:02.000Z,2026-09-02T08:38:26.000Z,2026-09-02T08:38:28.421Z,2026-09-02T08:38:29.775Z,2026-09-02T08:38:31.740Z,39.838,42.259,45.578,14.348,1.49,24,2.421,3.319,completed,successo,,processed,,735,01a06145-74c7-7143-a036-23fd99544f2b,sent,0,1,1,819.67,180.33,0
958,2026-09-02-v2-t1,stablecoin,2500.00,EUR,basesepolia,84532,0x91f7b2252256a112fe12ee79ba58e1cb290d21c3,confirmations,12,0x64bdf3728eea4da9226b41e6518467cc27ef62305827bfd694d69f531f077398,46284996,10,65376,6000000,0.000000392256,5967787901,0.000000398223787901,,2026-09-02T08:37:46.242Z,2026-09-02T08:37:53.425Z,2026-09-02T08:38:00.000Z,2026-09-02T08:38:24.000Z,2026-09-02T08:38:27.330Z,2026-09-02T08:38:28.500Z,2026-09-02T08:38:30.569Z,37.758,41.088,44.327,7.183,6.575,24,3.33,3.239,completed,successo,,processed,,732,01a06145-5e44-74dd-9040-270c4545c3da,sent,0,1,1,2049.18,450.82,0
959,2026-09-02-v2-t1,stablecoin,10.00,EUR,basesepolia,84532,0x91f7b2252256a112fe12ee79ba58e1cb290d21c3,confirmations,12,0xd1cf893eb6a6e418def2c46e66225f9e78284c3b5c768312220b96d002f2275b,46285043,28,65376,6000000,0.000000392256,6093639365,0.000000398349639365,,2026-09-02T08:39:22.606Z,2026-09-02T08:39:32.511Z,2026-09-02T08:39:34.000Z,2026-09-02T08:39:58.000Z,2026-09-02T08:40:05.145Z,2026-09-02T08:40:06.870Z,2026-09-02T08:40:08.592Z,35.394,42.539,45.986,9.905,1.489,24,7.145,3.447,completed,successo,,processed,,743,01a06147-7180-7ac3-b9f6-6400ea21192f,sent,0,1,,8.20,1.80,0
960,2026-09-02-v2-t1,stablecoin,25.00,EUR,basesepolia,84532,0x91f7b2252256a112fe12ee79ba58e1cb290d21c3,confirmations,12,0x3a7f0471864228937dc02d3982de77f50ce876d21a5fcb8caf96728cd8fcae30,46285040,24,65388,6000000,0.000000392328,6166782393,0.000000398494782393,,2026-09-02T08:39:22.676Z,2026-09-02T08:39:25.831Z,2026-09-02T08:39:28.000Z,2026-09-02T08:39:52.000Z,2026-09-02T08:39:56.287Z,2026-09-02T08:39:57.097Z,2026-09-02T08:39:58.684Z,29.324,33.611,36.008,3.155,2.169,24,4.287,2.397,completed,successo,,processed,,737,01a06147-44e1-7bfc-ad42-96b20362b891,sent,0,1,,20.49,4.51,0
961,2026-09-02-v2-t1,stablecoin,50.00,EUR,basesepolia,84532,0x91f7b2252256a112fe12ee79ba58e1cb290d21c3,confirmations,12,0xfb1fc5152076f2dc7d356e7dc02931490a89f4ed6f5e16218da6132cf41733bd,46285042,13,65388,6000000,0.000000392328,6166782393,0.000000398494782393,,2026-09-02T08:39:22.758Z,2026-09-02T08:39:29.535Z,2026-09-02T08:39:32.000Z,2026-09-02T08:39:56.000Z,2026-09-02T08:40:04.150Z,2026-09-02T08:40:05.654Z,2026-09-02T08:40:07.904Z,33.242,41.392,45.146,6.777,2.465,24,8.15,3.754,completed,successo,,processed,,740,01a06147-5a9a-745c-8ca9-d4a83265ea2b,sent,0,1,,40.98,9.02,0
962,2026-09-02-v2-t1,stablecoin,100.00,EUR,basesepolia,84532,0x91f7b2252256a112fe12ee79ba58e1cb290d21c3,confirmations,12,0xbc66b42aaa0de466ca5644dbff0f7f6025f2e6e07bf67f7f8910afcb736b93de,46285042,37,65388,6000000,0.000000392328,6166782393,0.000000398494782393,,2026-09-02T08:39:22.833Z,2026-09-02T08:39:30.586Z,2026-09-02T08:39:32.000Z,2026-09-02T08:39:56.000Z,2026-09-02T08:40:04.439Z,2026-09-02T08:40:06.092Z,2026-09-02T08:40:08.604Z,33.167,41.605,45.771,7.753,1.414,24,8.439,4.165,completed,successo,,processed,,741,01a06147-61f1-74a5-a64f-65e397906e0a,sent,0,1,,81.97,18.03,0
963,2026-09-02-v2-t1,stablecoin,250.00,EUR,basesepolia,84532,0x91f7b2252256a112fe12ee79ba58e1cb290d21c3,confirmations,12,0x9bb0452cc477c0c9f89c62d03f8a0d093e5527204bc866bfbf82d851051ee549,46285044,15,60588,6000000,0.000000363528,6093639365,0.000000369621639365,,2026-09-02T08:39:22.901Z,2026-09-02T08:39:33.465Z,2026-09-02T08:39:36.000Z,2026-09-02T08:40:00.000Z,2026-09-02T08:40:05.565Z,2026-09-02T08:40:07.267Z,2026-09-02T08:40:09.843Z,37.099,42.664,46.942,10.564,2.535,24,5.565,4.278,completed,successo,,processed,,744,01a06147-788c-7f2b-8d29-3998c92604d5,sent,0,1,,204.92,45.08,0
964,2026-09-02-v2-t1,stablecoin,500.00,EUR,basesepolia,84532,0x91f7b2252256a112fe12ee79ba58e1cb290d21c3,confirmations,12,0x87bedc46a32ebf406af007c47dd3147f3e680237ceb428878c09ab2d71a7edf2,46285041,30,65388,6000000,0.000000392328,6166782393,0.000000398494782393,,2026-09-02T08:39:22.976Z,2026-09-02T08:39:28.165Z,2026-09-02T08:39:30.000Z,2026-09-02T08:39:54.000Z,2026-09-02T08:39:57.038Z,2026-09-02T08:39:58.006Z,2026-09-02T08:39:58.704Z,31.024,34.063,35.728,5.189,1.835,24,3.038,1.666,completed,successo,,processed,,739,01a06147-53fe-7855-8b6f-29f720a1a879,sent,0,1,,409.84,90.16,0
965,2026-09-02-v2-t1,stablecoin,1000.00,EUR,basesepolia,84532,0x91f7b2252256a112fe12ee79ba58e1cb290d21c3,confirmations,12,0xd9463c820ee51d2fe7b3cde4d159a8ef2c37647b8e2e9449bb26fb114cc67ef1,46285040,44,65388,6000000,0.000000392328,6166782393,0.000000398494782393,,2026-09-02T08:39:23.046Z,2026-09-02T08:39:26.798Z,2026-09-02T08:39:28.000Z,2026-09-02T08:39:52.000Z,2026-09-02T08:39:56.605Z,2026-09-02T08:39:57.569Z,2026-09-02T08:39:59.885Z,28.954,33.56,36.839,3.752,1.202,24,4.605,3.28,completed,successo,,processed,,738,01a06147-4c12-77bc-96ba-5de07f5d1c56,sent,0,1,,819.67,180.33,0
966,2026-09-02-v2-t1,stablecoin,2500.00,EUR,basesepolia,84532,0x91f7b2252256a112fe12ee79ba58e1cb290d21c3,confirmations,12,0x61fcbb8ced43a76b7ebca2bea2bc2a71e870ec547cde6172269f13cffd256b1f,46285043,9,65388,6000000,0.000000392328,6093639365,0.000000398421639365,,2026-09-02T08:39:23.116Z,2026-09-02T08:39:31.556Z,2026-09-02T08:39:34.000Z,2026-09-02T08:39:58.000Z,2026-09-02T08:40:04.861Z,2026-09-02T08:40:06.481Z,2026-09-02T08:40:07.897Z,34.884,41.745,44.781,8.44,2.444,24,6.861,3.036,completed,successo,,processed,,742,01a06147-6a22-76a0-a445-4c6f700739c5,sent,0,1,,2049.18,450.82,0
967,2026-09-02-v2-t1,stablecoin,10.00,EUR,basesepolia,84532,0x91f7b2252256a112fe12ee79ba58e1cb290d21c3,confirmations,12,0x4c5e8bd1897b1c1accd4a4f4de745b459ff14ebb6f00e22e50d509ee0b66328f,46285087,5,65376,6000000,0.000000392256,6246006776,0.000000398502006776,,2026-09-02T08:40:53.805Z,2026-09-02T08:40:59.323Z,2026-09-02T08:41:02.000Z,2026-09-02T08:41:26.000Z,2026-09-02T08:41:28.093Z,2026-09-02T08:41:28.953Z,2026-09-02T08:41:30.543Z,32.195,34.288,36.738,5.518,2.677,24,2.093,2.45,completed,successo,,processed,,746,01a06148-374f-717c-883b-24a86e20fced,sent,0,1,,8.20,1.80,0
968,2026-09-02-v2-t1,stablecoin,25.00,EUR,basesepolia,84532,0x91f7b2252256a112fe12ee79ba58e1cb290d21c3,confirmations,12,0x0db837f66e9caf41bc9335148a43bcb765d467a1908cd70cba42a1bbddd10833,46285088,28,65376,6000000,0.000000392256,6246006776,0.000000398502006776,,2026-09-02T08:40:53.882Z,2026-09-02T08:41:01.828Z,2026-09-02T08:41:04.000Z,2026-09-02T08:41:28.000Z,2026-09-02T08:41:35.487Z,2026-09-02T08:41:36.983Z,2026-09-02T08:41:39.928Z,34.118,41.605,46.046,7.946,2.172,24,7.487,4.441,completed,successo,,processed,,748,01a06148-67a6-7a89-aa8b-24fb7b0c784c,sent,0,1,,20.49,4.51,0
969,2026-09-02-v2-t1,stablecoin,50.00,EUR,basesepolia,84532,0x91f7b2252256a112fe12ee79ba58e1cb290d21c3,confirmations,12,0x10bc3b26aceff746140f9c414d42d584a90675f0badda9ff2e7ad0e0035aef19,46285090,35,60588,6000000,0.000000363528,6246006776,0.000000369774006776,,2026-09-02T08:40:53.951Z,2026-09-02T08:41:06.521Z,2026-09-02T08:41:08.000Z,2026-09-02T08:41:32.000Z,2026-09-02T08:41:36.904Z,2026-09-02T08:41:38.627Z,2026-09-02T08:41:40.146Z,38.049,42.953,46.195,12.57,1.479,24,4.904,3.242,completed,successo,,processed,,752,01a06148-874a-797e-bacd-d4833e2c46e6,sent,0,1,,40.98,9.02,0
970,2026-09-02-v2-t1,stablecoin,100.00,EUR,basesepolia,84532,0x91f7b2252256a112fe12ee79ba58e1cb290d21c3,confirmations,12,0x2f33cfc6d9cad950187f3f04644c5ef4cd4dcd4d66a87ebe30edf78e7fd32db4,46285089,38,65388,6000000,0.000000392328,6246006776,0.000000398574006776,,2026-09-02T08:40:54.025Z,2026-09-02T08:41:04.501Z,2026-09-02T08:41:06.000Z,2026-09-02T08:41:30.000Z,2026-09-02T08:41:36.182Z,2026-09-02T08:41:37.844Z,2026-09-02T08:41:39.913Z,35.975,42.157,45.888,10.476,1.499,24,6.182,3.731,completed,successo,,processed,,750,01a06148-77e0-7a8b-8621-e7b7f0ac5154,sent,0,1,,81.97,18.03,0
971,2026-09-02-v2-t1,stablecoin,250.00,EUR,basesepolia,84532,0x91f7b2252256a112fe12ee79ba58e1cb290d21c3,confirmations,12,0x1ed574a5258346a9a3a7acfe30265ed2cc33532acac3cd4ae24f3599ee7216aa,46285090,10,65388,6000000,0.000000392328,6246006776,0.000000398574006776,,2026-09-02T08:40:54.095Z,2026-09-02T08:41:05.544Z,2026-09-02T08:41:08.000Z,2026-09-02T08:41:32.000Z,2026-09-02T08:41:36.609Z,2026-09-02T08:41:38.238Z,2026-09-02T08:41:40.646Z,37.905,42.514,46.551,11.449,2.456,24,4.609,4.037,completed,successo,,processed,,751,01a06148-7fa3-7124-99b5-aa27d8ff0030,sent,0,1,,204.92,45.08,0
972,2026-09-02-v2-t1,stablecoin,500.00,EUR,basesepolia,84532,0x91f7b2252256a112fe12ee79ba58e1cb290d21c3,confirmations,12,0x1afa53587c50e8a4bfbcacaf37c141b6020d1219d1cdd8a5a51d07a19ec6de8b,46285087,31,65388,6000000,0.000000392328,6246006776,0.000000398574006776,,2026-09-02T08:40:54.167Z,2026-09-02T08:41:00.639Z,2026-09-02T08:41:02.000Z,2026-09-02T08:41:26.000Z,2026-09-02T08:41:28.420Z,2026-09-02T08:41:29.364Z,2026-09-02T08:41:31.762Z,31.833,34.253,37.595,6.472,1.361,24,2.42,3.342,completed,successo,,processed,,747,01a06148-3eba-7cfa-a024-59bdfce4a87d,sent,0,1,,409.84,90.16,0
973,2026-09-02-v2-t1,stablecoin,1000.00,EUR,basesepolia,84532,0x91f7b2252256a112fe12ee79ba58e1cb290d21c3,confirmations,12,0xc979a59f7585f6e85820f4969168fc423cfa8d7398b01d370adf162fb7c21e21,46285088,61,65388,6000000,0.000000392328,6246006776,0.000000398574006776,,2026-09-02T08:40:54.233Z,2026-09-02T08:41:02.800Z,2026-09-02T08:41:04.000Z,2026-09-02T08:41:28.000Z,2026-09-02T08:41:35.761Z,2026-09-02T08:41:37.433Z,2026-09-02T08:41:38.541Z,33.767,41.528,44.308,8.567,1.2,24,7.761,2.78,completed,successo,,processed,,749,01a06148-6f9d-776f-bae5-a6ef6751b6c1,sent,0,1,,819.67,180.33,0
974,2026-09-02-v2-t1,stablecoin,2500.00,EUR,basesepolia,84532,0x91f7b2252256a112fe12ee79ba58e1cb290d21c3,confirmations,12,0xe25498250ede8784a41814921956f1a3ab950d725d8823bc1438c30f23a7a80a,46285086,36,65388,6000000,0.000000392328,6246006776,0.000000398574006776,,2026-09-02T08:40:54.304Z,2026-09-02T08:40:58.160Z,2026-09-02T08:41:00.000Z,2026-09-02T08:41:24.000Z,2026-09-02T08:41:27.643Z,2026-09-02T08:41:28.504Z,2026-09-02T08:41:29.930Z,29.696,33.339,35.626,3.856,1.84,24,3.643,2.287,completed,successo,,processed,,745,01a06148-2f04-7828-8d8d-9c5ed31a463a,sent,0,1,,2049.18,450.82,0
975,,stablecoin,49.90,EUR,anvil,31337,0xc6e7df5e7b4f2a278906862b61205850344d4e7d,confirmations,2,0x83b17994ae50f1898af3a661009e7d3d75d944780dccf14c0a7a683b0f2375a8,63,0,46393,1000282733,0.000046406116832069,0,0.000046406116832069,,2026-09-02T08:42:47.786Z,,2026-09-02T08:42:51.000Z,2026-09-02T08:42:51.000Z,2026-09-02T08:42:54.538Z,,,3.214,6.751,,,,0,3.538,,completed,successo,,,,753,01a06149-94fd-7b89-bbc6-8994d89640ea,sent,0,1,,49.90,0.00,0
976,,stablecoin,49.90,EUR,anvil,31337,0xc6e7df5e7b4f2a278906862b61205850344d4e7d,confirmations,2,0xb187bb8e0fd85c55f84c1267a9520028a8f11f9ea51be9892772268ec29c8080,64,0,37124,1000247501,0.000037133188227124,0,0.000037133188227124,,2026-09-02T08:42:49.490Z,,2026-09-02T08:42:51.000Z,2026-09-02T08:42:52.000Z,2026-09-02T08:42:54.723Z,,,2.51,5.234,,,,1,2.723,,completed,successo,,,,754,01a06149-9cb0-7b43-8284-b341850ebc08,sent,0,1,,49.90,0.00,0
977,,stablecoin,49.90,EUR,anvil,31337,0xc6e7df5e7b4f2a278906862b61205850344d4e7d,,,0x5555555555555555555555555555555555555555555555555555555555555555,1,,,,,,,,2026-09-02T08:43:10.104Z,,,,2026-09-02T08:43:18.537Z,,,,8.433,,,,,,,completed,successo,,,,755,01a06149-ebbf-74af-b0c9-d152ccce3d75,sent,0,1,,49.90,0.00,0
978,,stablecoin,49.90,EUR,anvil,,0xc6e7df5e7b4f2a278906862b61205850344d4e7d,,,,,,,,,,,,2026-09-02T08:43:11.791Z,,,,,,,,,,,,,,,pending,in_attesa,,,,,,,0,,,49.90,0.00,0
979,,stablecoin,49.90,EUR,anvil,,0xc6e7df5e7b4f2a278906862b61205850344d4e7d,,,,,,,,,,,,2026-09-02T08:43:13.359Z,,,,,,,,,,,,,,,pending,in_attesa,,,,,,,0,,,49.90,0.00,0
980,,stablecoin,49.90,EUR,anvil,,0xc6e7df5e7b4f2a278906862b61205850344d4e7d,,,,,,,,,,,,2026-09-02T08:43:15.044Z,,,,,,,,,,,,,,,pending,in_attesa,,,,,,,0,,,49.90,0.00,0
981,,stablecoin,49.90,EUR,anvil,,0xc6e7df5e7b4f2a278906862b61205850344d4e7d,,,,,,,,,,,,2026-09-02T08:43:16.650Z,,,,,,,,,,,,,,,pending,in_attesa,,,,,,,0,,,49.90,0.00,0
982,,stablecoin,49.90,EUR,anvil,,0xc6e7df5e7b4f2a278906862b61205850344d4e7d,,,,,,,,,,,,2026-09-02T08:43:18.243Z,,,,,,,,,,,,,,,pending,in_attesa,,,,,,,0,,,49.90,0.00,0
983,,stablecoin,12.20,EUR,anvil,,0xc6e7df5e7b4f2a278906862b61205850344d4e7d,,,,,,,,,,,,2026-09-02T08:44:02.612Z,,,,,,,,,,,,,,,failed,scaduto,,,,,,,0,,,12.20,0.00,0
985,,stablecoin,49.90,EUR,anvil,,0xc6e7df5e7b4f2a278906862b61205850344d4e7d,,,,,,,,,,,,2026-09-02T08:44:29.401Z,,,,,,,,,,,,,,,pending,in_attesa,,,,,,,0,,,49.90,0.00,0
986,,stablecoin,49.90,EUR,anvil,31337,0xc6e7df5e7b4f2a278906862b61205850344d4e7d,,,0x2222222222222222222222222222222222222222222222222222222222222222,1,,,,,,,,2026-09-02T08:44:31.937Z,,,,2026-09-02T08:44:32.417Z,,,,0.48,,,,,,,completed,successo,,,,757,01a0614a-9d25-74f3-ba50-23a80e29787a,sent,0,1,,49.90,0.00,0
987,,stablecoin,49.90,EUR,anvil,31337,0xc6e7df5e7b4f2a278906862b61205850344d4e7d,confirmations,2,0x8264995b67dd963ad1e340a3f06eddcb32cffff0d173c289aa33dc9592221e94,71,0,37115,1000097320,0.0000371186120318,0,0.0000371186120318,,2026-09-02T08:44:38.332Z,,2026-09-02T08:44:39.000Z,2026-09-02T08:44:45.000Z,2026-09-02T08:44:47.918Z,,,6.668,9.586,,,,6,2.918,,completed,successo,,,,758,01a0614b-9080-771d-872a-2aaed7aed482,sent,0,1,,49.90,0.00,0

