order_id,campagna,tx_hash,blocco,block_hash,tx_index,stato,gas_usato,effective_gas_price_wei,max_priority_fee_wei,l1_fee_wei,l1_gas_used,l1_gas_price_wei,l1_base_fee_scalar,l1_blob_base_fee_wei,l1_blob_base_fee_scalar,byte_input,costo_l2_wei,costo_totale_wei
133,,0xd833227ab6fdc45b2483d163950c9cef244445afe89e7df1b3e7240c71de43c1,46220439,0x9cf88c1d0c9f7bae8f7a255b13a612b1ef2c0d571a58d9fefb89c642dfd3d2ee,30,1,65376,6000000,1000000,5834111216,1600,1012466556,1101,61385830,659851,68,392256000000,398090111216
134,,0x2182967ea8e7f03fc07cf227dedf5ded5833316caffe1743789b6b52affd4fb2,46220440,0x550f52d32eff395776cf5961d198b513546cd19028932f8bff204aae2adbea6d,14,1,65376,6000000,1000000,5834111216,1600,1012466556,1101,61385830,659851,68,392256000000,398090111216
135,,0xae96cc46cb6391a7f734258f88ce40a31c46460369411b8cfe832ba6f597ad74,46220441,0x6ac7ee017cb9001df4d719009f24fa967435b8363d9cb61bb33783bf99706a6e,9,1,65376,6000000,1000000,5834111216,1600,1012466556,1101,61385830,659851,68,392256000000,398090111216
136,,0xe4a0511c3da2075f49eeafa23cc7218a746d962500b432b4167c86f321112b7a,46220441,0x6ac7ee017cb9001df4d719009f24fa967435b8363d9cb61bb33783bf99706a6e,25,1,65376,6000000,1000000,5834111216,1600,1012466556,1101,61385830,659851,68,392256000000,398090111216
137,,0x21b272f097b4f4c12a47e72ce7c3ccde3eb1e5b9bf7f9af35bcd08034b0ba210,46220443,0xa3d38ed696442fa4b305a520a0d30fad0aeeee827fcd53faeb91b47da8a9daeb,11,1,65388,6000000,1000000,5834111216,1600,1012466556,1101,61385830,659851,68,392328000000,398162111216
138,,0x4b6306ecaaf2cccb31bf3c1789e88908b2acf06f525850a6543cfa74e6cdba7c,46220444,0xf1c7a73440dbbf5ff97df7d2da90c214cee85c33b23f8835603f9232f5ace4a1,11,1,65376,6000000,1000000,5834111216,1600,1012466556,1101,61385830,659851,68,392256000000,398090111216
139,,0x54506eaa79c1bba180a554c5f394e3fc604988e48b85d859ff1e3f4055ba785f,46220445,0xb13531a25c95cc3197fc264ab65318fd5585d7fd31c4dac54f90ccae5ab4d017,18,1,65388,6000000,1000000,5883984306,1600,988609006,1101,62778577,659851,68,392328000000,398211984306
140,,0xa33d583e1c3fb0aecfbf9130dbcbff84afd1ae85a6acaaffe0cc6839e0d0edd1,46220446,0x60acc2613d1f6ed60dfbe9573e87394cfd91f3a64392c7ff0bb96d621a4c90f9,26,1,65388,6000000,1000000,5883984306,1600,988609006,1101,62778577,659851,68,392328000000,398211984306
141,,0xafbbffe2b5e1e11c7b1c72babc3a6f6b53d27fc7a19aa486cd8865e77228ff4b,46220447,0x465983ca76cd7921b94f338ef80399f3cc8e72584831e11e8785984c2f785db0,14,1,65376,6000000,1000000,5883984306,1600,988609006,1101,62778577,659851,68,392256000000,398139984306
142,,0xfd4305aed7014520361d8ef4be2257fea0c71fa55af8e6222cc1bca6a2e7486b,46220447,0x465983ca76cd7921b94f338ef80399f3cc8e72584831e11e8785984c2f785db0,37,1,65388,6000000,1000000,5883984306,1600,988609006,1101,62778577,659851,68,392328000000,398211984306
179,,0xcd4b3ca4b05e6f7086a40ea68598ece9da4685af04e39575de5065c83ec182a3,46220507,0xa1bafa2c95c3ac6db6153ebe1b019db35284a5b8996075eb5cff97f83ab9b455,10,1,65376,6000000,1000000,5739190093,1600,1051238811,1101,58912206,659851,68,392256000000,397995190093
180,,0xeb46f00334977813ffd72888e000a4a4002a08783282f776c0f472c8491d5631,46220507,0xa1bafa2c95c3ac6db6153ebe1b019db35284a5b8996075eb5cff97f83ab9b455,28,1,65376,6000000,1000000,5739190093,1600,1051238811,1101,58912206,659851,68,392256000000,397995190093
181,,0x7fc044c44d180ca0b49c0c5266001749de9c47df3e55d3317d2bf37a07a91a7f,46220508,0x97c0ec34da9e6c28447125f9855524334b88efb5720e0a71f89d30e9a0229541,10,1,65376,6000000,1000000,5739190093,1600,1051238811,1101,58912206,659851,68,392256000000,397995190093
182,,0xed311c223faf20c2af4dcbaeb6e3a7de3dbe96e49b33d23f5931f2c436d76c27,46220508,0x97c0ec34da9e6c28447125f9855524334b88efb5720e0a71f89d30e9a0229541,29,1,65364,6000000,1000000,5739190093,1600,1051238811,1101,58912206,659851,68,392184000000,397923190093
183,,0x7d72b224f323865bd334574da363dc269282bc11d80ea3d509cff3157f52018e,46220509,0xcf86345533013febf46b29a0bfcf00ef95db602d0b07f8507f58febccd8651ee,11,1,65388,6000000,1000000,5739190093,1600,1051238811,1101,58912206,659851,68,392328000000,398067190093
184,,0xd40f558e69a9432fb8f143ae9b5709bee58e8df00ebfb5390550856ec53c66a9,46220509,0xcf86345533013febf46b29a0bfcf00ef95db602d0b07f8507f58febccd8651ee,30,1,65388,6000000,1000000,5739190093,1600,1051238811,1101,58912206,659851,68,392328000000,398067190093
185,,0x58b2e81cb49b9bc6c8c7840a8008a1c9b581b297d8e385e96458f50d4e0793ff,46220510,0x3872ca0b524c124a3d3745aaac78e615b29fe94ea17cf62e7779b5d1f8810ffe,9,1,65388,6000000,1000000,5739190093,1600,1051238811,1101,58912206,659851,68,392328000000,398067190093
186,,0x1694b345dae272e69883bf0728fb427450f061c07089f7b0c4e26d1b3c062e98,46220510,0x3872ca0b524c124a3d3745aaac78e615b29fe94ea17cf62e7779b5d1f8810ffe,27,1,65388,6000000,1000000,5739190093,1600,1051238811,1101,58912206,659851,68,392328000000,398067190093
187,,0xf7926a0a6f97000e6b423464ea00ad9c0b38954e26698f5400e71a8576329842,46220511,0x48f4ec58c027520300f6f94da924d472d4405bab86f67966c870ba4e7e8699b9,6,1,65388,6000000,1000000,5739190093,1600,1051238811,1101,58912206,659851,68,392328000000,398067190093
188,,0xf8e53dad8355dcd8b0c4b08495946ca166c915f473066bbe72035abf124cea94,46220511,0x48f4ec58c027520300f6f94da924d472d4405bab86f67966c870ba4e7e8699b9,30,1,65388,6000000,1000000,5739190093,1600,1051238811,1101,58912206,659851,68,392328000000,398067190093
189,,0x53c720898fe6bbc3501164cf694577f9d293f6a0e39442a638a5778f867f37f4,46220512,0x54db2fbe83eb2f3eeb6ac669b5b69d41d5e3853eb3aa38f7b5e8190a07d83b46,10,1,65388,6000000,1000000,5808295645,1600,1023461101,1101,60701076,659851,68,392328000000,398136295645
190,,0xdec598f084f684fc927b18e53490ceabe3f52e9b133a8210434915995ee9b018,46220512,0x54db2fbe83eb2f3eeb6ac669b5b69d41d5e3853eb3aa38f7b5e8190a07d83b46,31,1,65388,6000000,1000000,5808295645,1600,1023461101,1101,60701076,659851,68,392328000000,398136295645
191,,0x0bb658b539a01985d8dd5c51a6ba76cc04cc34a51026b0e9f4b30d604f426400,46220513,0x5ff04e28979f14f70f5c39c5534fdbb7d3a225264749dc8362deb6ae33ec209e,13,1,65388,6000000,1000000,5808295645,1600,1023461101,1101,60701076,659851,68,392328000000,398136295645
192,,0x959bb6d7a1d2c9ac333c030d1eac1df7db9972da5dbca437c7a33e6689efe905,46220513,0x5ff04e28979f14f70f5c39c5534fdbb7d3a225264749dc8362deb6ae33ec209e,27,1,65388,6000000,1000000,5808295645,1600,1023461101,1101,60701076,659851,68,392328000000,398136295645
193,,0xccc0136fa64e36cc2dda8957bf390f23e28e12da67919cfb05c377fa1c8aa05c,46220515,0x1529160a07c9703bb2d34b44bc5d78a082e3dbf024f767625eb5445e6ad93b2a,3,1,65388,6000000,1000000,5808295645,1600,1023461101,1101,60701076,659851,68,392328000000,398136295645
194,,0xaa870ef2e3fa036adb46b3109e89f46efa1e132975c905a1c53a98f0901ddd1f,46220515,0x1529160a07c9703bb2d34b44bc5d78a082e3dbf024f767625eb5445e6ad93b2a,17,1,60588,6000000,1000000,5808295645,1600,1023461101,1101,60701076,659851,68,363528000000,369336295645
195,,0x8fb9b32b6d0c3215f72e092d89b37be297c728945dfed4e8fc53e2799956c1eb,46221745,0xaf015869658b4171bfcb3f969c856343b85ec2f68ae3250d47e6d57272dd172b,6,1,65376,6000000,1000000,5533248035,1600,991351684,1101,57389970,659851,68,392256000000,397789248035
196,,0x01a58e98d3894975e047cfbbe6b8f9714e547d0cef8653677ac7af8520d6e236,46221745,0xaf015869658b4171bfcb3f969c856343b85ec2f68ae3250d47e6d57272dd172b,18,1,65376,6000000,1000000,5533248035,1600,991351684,1101,57389970,659851,68,392256000000,397789248035
197,,0x63b1128c9cc19a6be1eb8cf51bfdaf8c4f48f609cfa3f874c78632356ceaa995,46221746,0x22040f80c3fb603397b4fcd2c43d3b726eab44768e497d41feab42acf1322404,6,1,65388,6000000,1000000,5533248035,1600,991351684,1101,57389970,659851,68,392328000000,397861248035
198,,0x936aaa9606dc07e1ce94688624d37dac2840573b64459403b24e5b162b29bb00,46221746,0x22040f80c3fb603397b4fcd2c43d3b726eab44768e497d41feab42acf1322404,25,1,65388,6000000,1000000,5533248035,1600,991351684,1101,57389970,659851,68,392328000000,397861248035
199,,0xc87584ef0e8acc114488092b2bb86a22c15ab4f7ce03f95e2e6fb2f63cfb6fc2,46221747,0x39ed43e7cafc96749a3429988d14cf965d4d7bf592bab9b0d1fd563efdaa983f,6,1,65376,6000000,1000000,5533248035,1600,991351684,1101,57389970,659851,68,392256000000,397789248035
200,,0xf9c31e032cb05b81be6291eb6fe23050344a2b8d4a6d7c1f7d9afc314f0bd2e9,46221747,0x39ed43e7cafc96749a3429988d14cf965d4d7bf592bab9b0d1fd563efdaa983f,21,1,60588,6000000,1000000,5533248035,1600,991351684,1101,57389970,659851,68,363528000000,369061248035
201,,0x84d3c9e7635ea86850d9940228d171728c27be11d705a2f290a7029d7253c1eb,46221860,0x55f2bceff286e045d4e716f7227509b6e0c6be278018200f837a7355b2897ce7,31,1,65364,6000000,1000000,5583102731,1600,962644897,1101,58911898,659851,68,392184000000,397767102731
202,,0xa38ccd7e7417d44ca3e1066dd1575b6825efc7139b938e4ca946f03bd97f5c96,46221861,0x15f7e2e3aac4932d0f5756c89914d09a537db8b8b930a5deedba5b138048569a,14,1,65376,6000000,1000000,5583102731,1600,962644897,1101,58911898,659851,68,392256000000,397839102731
203,,0xcb44d1fa05359cc520c12fa6903341457089ff0d9517456e1e4f2918c3921b1f,46221861,0x15f7e2e3aac4932d0f5756c89914d09a537db8b8b930a5deedba5b138048569a,25,1,65388,6000000,1000000,5583102731,1600,962644897,1101,58911898,659851,68,392328000000,397911102731
204,,0x423770cecdc8833b2c8c1fe621e8b66ca9db26d053ca493e07102077a7395aea,46221862,0xd7084489f3a57293f666ec42519792cdb044d14f2dd22767c4f481fbc1b68add,7,1,65388,6000000,1000000,5583102731,1600,962644897,1101,58911898,659851,68,392328000000,397911102731
205,,0x0d0923911d28bd7e992df1051eeff5dc8057d8a2574e6f41ef451dd94e7603ec,46221863,0x743267c3c5b879f93095fa9b94b97ccc996e66881bb647e489e036afbd5d8f27,19,1,65388,6000000,1000000,6019313322,1600,1082962966,1101,62310518,659851,68,392328000000,398347313322
206,,0x891f3cedc2a7222e6a1e9a74095ac0e208ee9f9d7e524d3f35bb0f86143203c4,46221864,0x0bfe226f8c72712d0e5c781f531bd62e05a5f15dba21a81612b50a812fd0d77c,9,1,60588,6000000,1000000,6019313322,1600,1082962966,1101,62310518,659851,68,363528000000,369547313322
207,,0xd3809b9cba755dd3ee2bdbc67edce627f5f6e5c86fa57ff6eae8b56f07aee5b6,46221948,0xf8a33d3d127305abb872a06c9ec86e11aaab8aae2c6f575e0e5cbb756076e0d0,16,1,65376,6000000,1000000,5315497419,1600,923279462,1101,55907293,659851,68,392256000000,397571497419
208,,0xfb2d0c3050a4e2d95ec47766f767998ea7b3f8af76fbf101c73af5d7eca25fa1,46221948,0xf8a33d3d127305abb872a06c9ec86e11aaab8aae2c6f575e0e5cbb756076e0d0,26,1,65376,6000000,1000000,5315497419,1600,923279462,1101,55907293,659851,68,392256000000,397571497419
209,,0x005ee83eb7f4755837ee5899369baca5cacac3d1c8e98a27c38a6703fe92eb6d,46221949,0xdfae68807014fcfd12860173c9b20df0eede2be97c281fb38c02e165ab98f2b6,15,1,65376,6000000,1000000,5315497419,1600,923279462,1101,55907293,659851,68,392256000000,397571497419
210,,0x1a80644e24cfd04aa3f15ec2f4594c3e59b0ef74874ac45c199f85cc975bc65b,46221949,0xdfae68807014fcfd12860173c9b20df0eede2be97c281fb38c02e165ab98f2b6,26,1,65388,6000000,1000000,5315497419,1600,923279462,1101,55907293,659851,68,392328000000,397643497419
211,,0xe54e24c833fdf843c3bd50c1818e7acc3ca0f7d990656b0fc79da31ccd49881c,46221950,0x51c6d5798ff6b9fa45b8fc27b0e299ed8e3ddf0c577053eca55bca5ff91fa760,10,1,65388,6000000,1000000,5315497419,1600,923279462,1101,55907293,659851,68,392328000000,397643497419
212,,0x1382410fa957546259a0e1af91d3a28001ab95604eabb5347113e1728022dde9,46221951,0xad44c66799f9e5950016470e71e8784799b30559b0d2f358a88785e034a27b49,7,1,60564,6000000,1000000,5588291346,1600,1038615455,1101,56962350,659851,68,363384000000,368972291346
213,,0x3170695347ca5963b8b289c487367524226dd8050f6aef853a9ac9e8db50085f,46222038,0x3e308fab4eca91651018586514e2f828e20575b47815acc6a3729664484349f9,23,1,65376,6000000,1000000,5613960942,1600,1061151191,1101,56749736,659851,68,392256000000,397869960942
214,,0xeb926767053f694660eb1b5bad733e1d1bee2775694ca8edb0e0b545ae2c9019,46222039,0xcb23984f7699faa4e41ced6f4791f0975936c341d3214c2a6dba93a8b78ebd67,10,1,60588,6000000,1000000,5613960942,1600,1061151191,1101,56749736,659851,68,363528000000,369141960942
215,,0x311c3bb4939eccd57014273aa24d37832421b904a0c7ea501755bdca706fbe4a,46222397,0xdc748cce11f3d4da9d22a02a65522dabfe293bde15998a394d752cf771eb6774,38,1,65376,6000000,1000000,5163690669,1600,1038203749,1101,50538545,659851,68,392256000000,397419690669
216,,0xe9301dd9aa5f8239d95b67a49ac6fe26c93daaf85ffd8c715a905fbf42def7f2,46222398,0xa15be8e42e1345dd03a68dd8836bd5611af7f48ebd2fdf016bf048f186de5499,6,1,65388,6000000,1000000,5163690669,1600,1038203749,1101,50538545,659851,68,392328000000,397491690669
217,,0xe0e6c2dbd8cce2b06bbac9a57cad7d7fd674b5aba987e297b9d57d2dadac24fe,46222398,0xa15be8e42e1345dd03a68dd8836bd5611af7f48ebd2fdf016bf048f186de5499,18,1,65388,6000000,1000000,5163690669,1600,1038203749,1101,50538545,659851,68,392328000000,397491690669
218,,0x7a1717c2e28d2f4b9634416df89594f8aa09c6315015118463b54e6cf082e43e,46222399,0x623de8a6842eb0e0b6ceb3ec818e33e85c106cf787b3a206ceeae7921e22a26f,3,1,65388,6000000,1000000,5163690669,1600,1038203749,1101,50538545,659851,68,392328000000,397491690669
219,,0xe9567fd94bba79791fe292c0d072eabc2cd15e8dc0212708917acae7f92ff717,46222399,0x623de8a6842eb0e0b6ceb3ec818e33e85c106cf787b3a206ceeae7921e22a26f,20,1,65388,6000000,1000000,5163690669,1600,1038203749,1101,50538545,659851,68,392328000000,397491690669
220,,0xe9bc0a886383b548117fd37463f0aa66f47f4d3a0c738ea0423df4f7a9c305cb,46222400,0xb09f3c2a8b30dead0235d3ff5081e18c38f6e9ea31246e5743c469caa551d659,11,1,65388,6000000,1000000,5163690669,1600,1038203749,1101,50538545,659851,68,392328000000,397491690669
221,,0x842dc5df0e17de4fff373b1488aef1dffb93f9db4ebf7ff67c42ca58d8301379,46222400,0xb09f3c2a8b30dead0235d3ff5081e18c38f6e9ea31246e5743c469caa551d659,32,1,65388,6000000,1000000,5163690669,1600,1038203749,1101,50538545,659851,68,392328000000,397491690669
222,,0xe391d79ec63566066c1c8ffbb8baf475a5a7114dd3d06821835b9199fb12a9f0,46222401,0x2c1dfac87a1c3071ba00ee415c16efb69ab3d3817fce40bf1c05934b7419237a,10,1,60588,6000000,1000000,5163690669,1600,1038203749,1101,50538545,659851,68,363528000000,368691690669
223,,0x60f648dc3f8d1acd16998ae2979b2274eb3284258a9bcd1377b2b65197aefa93,46222426,0x285de580d2ca7a47efc599949b905f1bedb39638a6cd4a70ec8111bde95dbba0,21,1,65376,6000000,1000000,5779663962,1600,1057666474,1101,59353986,659851,68,392256000000,398035663962
224,,0x9941f3739b30daf13d04c2d999694c8ab24c8944ae23bece2ccc9ca5e72cd6ce,46222426,0x285de580d2ca7a47efc599949b905f1bedb39638a6cd4a70ec8111bde95dbba0,29,1,65388,6000000,1000000,5779663962,1600,1057666474,1101,59353986,659851,68,392328000000,398107663962
225,,0xd23b0f76ab01b6d2008943da3cf849e6ea7b7c344119d9c6e6f22c50f6cf702e,46222427,0x933a5ed7d28b987573b04b0760cdc0e583651f6e1fdeeb0b16da2f161f253d19,26,1,65388,6000000,1000000,5779663962,1600,1057666474,1101,59353986,659851,68,392328000000,398107663962
226,,0x6ec2200b5332f0a6a65822172fda7bc1ad959109302141c71f399c5057252e3e,46222428,0x38dbdc18f345d997449444bbf5a43e2c7b0e180812e89896932ffce95e27054c,8,1,65388,6000000,1000000,5779663962,1600,1057666474,1101,59353986,659851,68,392328000000,398107663962
227,,0x0ef5d760b6af87320896e88ff3f658bc6a5e2d627882c0589b2158c84544f755,46222428,0x38dbdc18f345d997449444bbf5a43e2c7b0e180812e89896932ffce95e27054c,26,1,65388,6000000,1000000,5779663962,1600,1057666474,1101,59353986,659851,68,392328000000,398107663962
228,,0xbbfbb38bc95db26211e4d454d563e4fb37719269dd4af86e0e6f1e4d836e7c78,46222429,0xde83ba46e99ff2095c0499b226011b6d0a2f82ff935a2c79f125055160db8084,7,1,65388,6000000,1000000,5779663962,1600,1057666474,1101,59353986,659851,68,392328000000,398107663962
229,,0x3eeb195420e2917018e3face8dbb0b46d2557ce8aacc6150feae6d0a2d0c922c,46222429,0xde83ba46e99ff2095c0499b226011b6d0a2f82ff935a2c79f125055160db8084,30,1,65388,6000000,1000000,5779663962,1600,1057666474,1101,59353986,659851,68,392328000000,398107663962
230,,0x49148c574759f3c188863e94df5f0125d584b34d8264f1ca6c4fb7b9e5ae2c02,46222430,0xc02bda8433c61abe5d43b9faee281f6a2782340926ff2180853cd68c2d1edb57,7,1,60588,6000000,1000000,5779663962,1600,1057666474,1101,59353986,659851,68,363528000000,369307663962
231,,0xa064e86101a68bf73631a5c9cd97857cea78a8d7de2498cd69d37000d026fe67,46222451,0xfbbc4c815927e33c1845a0c4cba80973ea8c336e64eae415bb6400049b94e33b,20,1,65376,6000000,1000000,5925922265,1600,950072603,1101,64442948,659851,68,392256000000,398181922265
232,,0x5a32af7cbefb8a397dd6e1b789fb61ea72308bb14ffcd3af1d602456fa1aa5b0,46222452,0xb82707cf7e5a74655c95c4a7b376148bb7d40c99a640af219fe9473b27d9c52c,15,1,65388,6000000,1000000,5925922265,1600,950072603,1101,64442948,659851,68,392328000000,398253922265
233,,0xbab1f84833bdccfda7f654b26c036435d526fd9cdec34fa36684e10b8e9a595d,46222452,0xb82707cf7e5a74655c95c4a7b376148bb7d40c99a640af219fe9473b27d9c52c,30,1,65388,6000000,1000000,5925922265,1600,950072603,1101,64442948,659851,68,392328000000,398253922265
234,,0x52673973c8de159fe16bca8b0c0b65960a3bbcfd78530de7ef00910ec7d47afe,46222453,0xe23172e230e68a7b3458fcef403f4283c33df427fdd19020656b985680a6136a,10,1,65388,6000000,1000000,5925922265,1600,950072603,1101,64442948,659851,68,392328000000,398253922265
235,,0x600cde06baf0a8f309c852ae1ce6a31cf2b6e39195d8581a480f3a00ab6c9755,46222453,0xe23172e230e68a7b3458fcef403f4283c33df427fdd19020656b985680a6136a,26,1,65376,6000000,1000000,5925922265,1600,950072603,1101,64442948,659851,68,392256000000,398181922265
236,,0x3a52c09d96295fd942838420d8b099bdf950b4c079e5775278fb3c27ab1ddd2a,46222454,0x06fbbc56812d5ffa12d4d96d34959a7cce64c08cc975eb4c37e5430d73170739,11,1,65388,6000000,1000000,5925922265,1600,950072603,1101,64442948,659851,68,392328000000,398253922265
237,,0x17a4953cf7520ba2fdb1e07f4489a6eaa61f7d3f0ca3cd18bf53cb997cbe14bd,46222454,0x06fbbc56812d5ffa12d4d96d34959a7cce64c08cc975eb4c37e5430d73170739,25,1,65388,6000000,1000000,5925922265,1600,950072603,1101,64442948,659851,68,392328000000,398253922265
238,,0x82ec440a8f67ea7b56534ca5cbe2afc0960c65153ded8c7d62473cfb74e0af6a,46222455,0x06f966aeeefc30d05d1d5e3579b066e8c7457a6c1bd99a79135e4752f9569134,14,1,60588,6000000,1000000,5925922265,1600,950072603,1101,64442948,659851,68,363528000000,369453922265
239,,0xf7a2e8707603ccded7a078b54ad4026f33474b75269625d8b9124dd36bc2f7bf,46222478,0xe21e450f73f5e32a64ee05c8b4bb481109d167665ec2d1977d430ad61c2ce47b,9,1,65376,6000000,1000000,5954424877,1600,1019804660,1101,63013271,659851,68,392256000000,398210424877
240,,0x76cfb8669e522172813444de330881b176eb7388c4f917cc7e2250681aa3545a,46222479,0x7adf5f0d15e27504d673ade930d62268e964e937f58a245804d61f1e07d895cf,7,1,65388,6000000,1000000,5954424877,1600,1019804660,1101,63013271,659851,68,392328000000,398282424877
241,,0x500b0b71e9ed2935295f36071534cec3249f1719912dc9410ed9ffb3478534e4,46222479,0x7adf5f0d15e27504d673ade930d62268e964e937f58a245804d61f1e07d895cf,19,1,65388,6000000,1000000,5954424877,1600,1019804660,1101,63013271,659851,68,392328000000,398282424877
242,,0x5549e3536deef40ce0344f627fbd3429ceca02e941b4d35268a6536190eed9b4,46222480,0x5301da5805a047fa815f0d57d951a7dbb94fdbd6ce5ac0a4d788c3d8fbc74158,10,1,65388,6000000,1000000,5904608236,1600,928931010,1101,64684351,659851,68,392328000000,398232608236
243,,0x08f5e2edb1d0fd6897d94d3a67b2d0933088cfcd9fbe4bb2eaa1296d4f80460d,46222481,0xa41ac5b5c0c3fa6fedeba31d2eb864cc1159217576a338ec4a2ec81c5670c20c,5,1,65388,6000000,1000000,5904608236,1600,928931010,1101,64684351,659851,68,392328000000,398232608236
244,,0x6b4d739c19e9061f9fa6aacdd728477f24fc912d4a37685c76fd13aa5e985755,46222482,0xaa379435345b53e2e8e74c61796fcec0e3c522f9d9f848d9389bdbfe0a3360b8,5,1,65388,6000000,1000000,5904608236,1600,928931010,1101,64684351,659851,68,392328000000,398232608236
245,,0xa089d5dcdcdaded828badaffd742facc16f110ee1fb82f46fde4be71e60e0436,46222482,0xaa379435345b53e2e8e74c61796fcec0e3c522f9d9f848d9389bdbfe0a3360b8,19,1,65388,6000000,1000000,5904608236,1600,928931010,1101,64684351,659851,68,392328000000,398232608236
246,,0x398cafad77907ccb87667ff244d43560ecedcc536901b1547f39d2821c7cab2d,46222483,0xf903605dc8ba76708c379bbf2fd0b4a5bc6b4d6bbc39b160da41d75d7ae74dcd,12,1,60588,6000000,1000000,5904608236,1600,928931010,1101,64684351,659851,68,363528000000,369432608236
247,,0xe818389fa34d4b7fbd4ec987aa3b131c7e0ce439bc77fdc1208f07fcaad95f3f,46222504,0xffb26098d4d2d1de66cc11c262cd8ab4e6b964ca2c8be6c279b3abb1bbd28e2a,5,1,65376,6000000,1000000,5895164577,1600,994974167,1101,62778083,659851,68,392256000000,398151164577
248,,0x044990946f35ed4cc14bd1e3961c58c0a9292a4b4b4997f4f8c7a9688b2bff2a,46222505,0x2728f05befc3e69f24bb6f7ade9ed26e969af361636c22aafc809616885e82d7,10,1,65388,6000000,1000000,5895164577,1600,994974167,1101,62778083,659851,68,392328000000,398223164577
249,,0xf4356245c14684a5730156e23e7317de224c3e73ff65d86dc398833c99931479,46222505,0x2728f05befc3e69f24bb6f7ade9ed26e969af361636c22aafc809616885e82d7,28,1,65388,6000000,1000000,5895164577,1600,994974167,1101,62778083,659851,68,392328000000,398223164577
250,,0x7248e3a124072e6572088af016e827f836533b7d8dffa5e6654eabfd1556ff2d,46222506,0x84150092566e7f8bdab7042d71c7eb4d83ba29af056c32da1e88e5fed6458a4a,6,1,65388,6000000,1000000,5895164577,1600,994974167,1101,62778083,659851,68,392328000000,398223164577
251,,0x1d3293bc713387939ece5fa7503bfbd4ae99c6e671b72ba309901942a37f7e02,46222506,0x84150092566e7f8bdab7042d71c7eb4d83ba29af056c32da1e88e5fed6458a4a,20,1,65388,6000000,1000000,5895164577,1600,994974167,1101,62778083,659851,68,392328000000,398223164577
252,,0x197f14966b86c4723622bf6fc6bc2eb80f1e0cbc9ae2a3b942d8f7f1d9ee31d6,46222507,0xf5d5af85cdc4a62a20b60ae72bed1a34e7262435ff18107db4964c8297db6187,25,1,65388,6000000,1000000,5895164577,1600,994974167,1101,62778083,659851,68,392328000000,398223164577
253,,0x8690d63c31e79a1da289ff496ff01fc008868b4bc680922d6c209fb2b4f7c1e3,46222508,0x0120af0431620907328f6de840fb7a5e9a5285693b738cc4a20cbf6b2c8fe65b,10,1,65388,6000000,1000000,5895164577,1600,994974167,1101,62778083,659851,68,392328000000,398223164577
254,,0x5da308691f3191872e7fae6d131ef7f5c14f389b9c89b113be85fdc4f6fa46a6,46222508,0x0120af0431620907328f6de840fb7a5e9a5285693b738cc4a20cbf6b2c8fe65b,26,1,60588,6000000,1000000,5895164577,1600,994974167,1101,62778083,659851,68,363528000000,369423164577
255,,0x6b233186cc533f956cbfeb7680275b5008cb65af852f3c68cf7c38c436c63af8,46222530,0x4847933bca72ea3aed9617399db7e83c888c4f8e0207af1931fe2440eb768006,17,1,65376,6000000,1000000,6029320907,1600,1062321171,1101,63013255,659851,68,392256000000,398285320907
256,,0xc46cbe634e973bbc7e0f94c1618e16a4cfa85eb7abba00744c445b251ffffb6d,46222530,0x4847933bca72ea3aed9617399db7e83c888c4f8e0207af1931fe2440eb768006,35,1,65388,6000000,1000000,6029320907,1600,1062321171,1101,63013255,659851,68,392328000000,398357320907
257,,0x20fc545a2335a4c9fde5df3b5c3fd70c669280eb385dc239f3fa49e8d98cfcd8,46222531,0xa4ecb000bdbd155dd3928be5a0d2b1312d3787f340a33b869e135df04bb889b3,16,1,65388,6000000,1000000,6029320907,1600,1062321171,1101,63013255,659851,68,392328000000,398357320907
258,,0xe06544813e3c0f40a7c6052d016e4981487679b842e03d339ed26beed6937ee7,46222531,0xa4ecb000bdbd155dd3928be5a0d2b1312d3787f340a33b869e135df04bb889b3,37,1,65388,6000000,1000000,6029320907,1600,1062321171,1101,63013255,659851,68,392328000000,398357320907
259,,0x70ac1048447d7e4122d0b6330d8965a10a8969d3ee12d155796001260b1566a9,46222532,0xbf43b5bda3c2421ccdcb0312a9a9fe05063aba63aa2009b1449f8b9342dbb092,13,1,65388,6000000,1000000,6029320907,1600,1062321171,1101,63013255,659851,68,392328000000,398357320907
260,,0xc9e271c26bb175d73bb9f9748e539e5fa4ade02b5f1b48d12d7152fb48eb326b,46222532,0xbf43b5bda3c2421ccdcb0312a9a9fe05063aba63aa2009b1449f8b9342dbb092,29,1,65388,6000000,1000000,6029320907,1600,1062321171,1101,63013255,659851,68,392328000000,398357320907
261,,0x3589e6e88e6abb40e77fbcf6adab81b6929d71019a2d1d4c87c3db3ccaa2f85d,46222533,0x7ea1e2e461582b2fb7b7070442331fe71600719f0f160d74029472a2b37b42a5,8,1,65388,6000000,1000000,6029320907,1600,1062321171,1101,63013255,659851,68,392328000000,398357320907
262,,0x5446f3dd22d140e01f4bf9afed2cbe57e514f0049a7f77bbadeb76a5f93d622b,46222533,0x7ea1e2e461582b2fb7b7070442331fe71600719f0f160d74029472a2b37b42a5,16,1,60588,6000000,1000000,6029320907,1600,1062321171,1101,63013255,659851,68,363528000000,369557320907
263,,0x09994ed53e9282e0875354159d8d37ef5d7eb7007a5942668d77fd48c9083150,46222562,0xc54192ceab8d3761e7a12f59eaaf694a82bb5adaf2aedf74e3534a0d8bec25c4,36,1,65376,6000000,1000000,5130863299,1600,962087872,1101,52073109,659851,68,392256000000,397386863299
264,,0x6f818ad3fa26061aabf5ee175c762c462224963a5176aefaf647bc979b819527,46222563,0x121fd462a3bb8c0c1d0eb2ae25af4c2c5ace496745feb5880bf9830260de9691,20,1,65388,6000000,1000000,5130863299,1600,962087872,1101,52073109,659851,68,392328000000,397458863299
265,,0xe425f289f492c41da62d9feaf0bb7e26228a90211cf4fecb652ae290faca8953,46222564,0xe38ffb19fcf8f489ffbc584f06c4575d351bf76ca159dafb9b3bf75a82350822,23,1,65388,6000000,1000000,5420610062,1600,1082312821,1101,53254565,659851,68,392328000000,397748610062
266,,0x67b892dd48d92bc1e24d7932bd206efd00f968a5de28755aa184460c384e92e3,46222565,0x56df4095321209b6b006bce1065376591fd4b2d7820607be93b8334fb052baf3,24,1,65388,6000000,1000000,5420610062,1600,1082312821,1101,53254565,659851,68,392328000000,397748610062
267,,0x3a85aabe5931f688322f0443c99d5efecc0bb97d73e0b99650b01f9e2cddf0a0,46222566,0xd771732fa0ae79736fc1c41d26df4aadbd96ec7050afb90663da3b5ae4eb08a7,8,1,65388,6000000,1000000,5420610062,1600,1082312821,1101,53254565,659851,68,392328000000,397748610062
268,,0xd4f38e1dfe089046e091ed7968fcb58432636722892fbb1cf53300ea15ab6923,46222566,0xd771732fa0ae79736fc1c41d26df4aadbd96ec7050afb90663da3b5ae4eb08a7,16,1,65376,6000000,1000000,5420610062,1600,1082312821,1101,53254565,659851,68,392256000000,397676610062
269,,0x2aa2a0656b239a937c6c1fbb7a47a547a19370dc3802975704ff96a2db6383ac,46222567,0xf37bfcccde38e2250b7d5ac32eca9bca5d76e70d03f96a093bb695636bd49835,5,1,65388,6000000,1000000,5420610062,1600,1082312821,1101,53254565,659851,68,392328000000,397748610062
270,,0x7ec288739de4b5198cb90322aaa61857118f0360f4bcffd580470017d6f99134,46222567,0xf37bfcccde38e2250b7d5ac32eca9bca5d76e70d03f96a093bb695636bd49835,19,1,60588,6000000,1000000,5420610062,1600,1082312821,1101,53254565,659851,68,363528000000,368948610062
271,,0x9f1f4d926719f81715e0aac9a933f993d4321888215957836fd2718daea44758,46222598,0x1adf5487b5d3ccd5fed2be41b6b134802ea2818d6a395126a4d5ee4f317ad657,16,1,65376,6000000,1000000,5695997323,1600,925468997,1101,61615291,659851,68,392256000000,397951997323
272,,0xdfd9188b6619371a405a4985e4ae13dad30cab79cec3b7db2fbe29caa6641faf,46222599,0x238588c355c9a23be8a1b6487c7552ea5fd3dca8026c102434722d221157643e,7,1,65376,6000000,1000000,5695997323,1600,925468997,1101,61615291,659851,68,392256000000,397951997323
273,,0xff4f03f0560b46f9b247bdd42523b93ccb3b4e6be6d40ef01399c36ccd3e9292,46222599,0x238588c355c9a23be8a1b6487c7552ea5fd3dca8026c102434722d221157643e,26,1,65388,6000000,1000000,5695997323,1600,925468997,1101,61615291,659851,68,392328000000,398023997323
274,,0xbe0a0da597bf818304d61ec5daea9d64559d3d064a5c1741fa3bd9df680cbedd,46222600,0x3ea50858e996ad8722769413b21de663d76c392228510ea8822544803a858fda,13,1,65388,6000000,1000000,5468238027,1600,1041078456,1101,55077195,659851,68,392328000000,397796238027
275,,0x3e0790129821211b69dd2af9182057a7c9b6b48a34e79bc3c94ef42375f3c6c5,46222600,0x3ea50858e996ad8722769413b21de663d76c392228510ea8822544803a858fda,22,1,65388,6000000,1000000,5468238027,1600,1041078456,1101,55077195,659851,68,392328000000,397796238027
276,,0x1689677a17e7e9f49180fea09b69d803f8668fe0d6d7e34948f81e6d7e060f16,46222601,0x165190d66866a5cbce5bd0c7ec10d2a1d7a452753eba9bf7877898d12364e09d,10,1,65388,6000000,1000000,5468238027,1600,1041078456,1101,55077195,659851,68,392328000000,397796238027
277,,0x3aa0240fc96d641fe7b35747472aa8739b84f81ffc56cff13e655d97cb391709,46222601,0x165190d66866a5cbce5bd0c7ec10d2a1d7a452753eba9bf7877898d12364e09d,23,1,65388,6000000,1000000,5468238027,1600,1041078456,1101,55077195,659851,68,392328000000,397796238027
278,,0x22a61731c45a383ba79e72f6a20143b3ff4b346925bd3ae4421e4322d2be7e8b,46222602,0x1e9e0555dd42e660053a4852ce816128259890446f75f3b49d6b1e09c64c916a,8,1,60588,6000000,1000000,5468238027,1600,1041078456,1101,55077195,659851,68,363528000000,368996238027
279,,0x615dd36c8494890ab73107348ad06706473e204a11fb17a639adaf28c968602a,46222630,0x95e18463ff9b330b8dbfb5fc80d86f3c77fe99b96e142251cc2a9d48918de544,18,1,65376,6000000,1000000,5680941243,1600,1083222046,1101,57175594,659851,68,392256000000,397936941243
280,,0x1b8a7f8e2665386e69f061fc2ea687fd06aba950691d01300b1471fc1337b34e,46222631,0xfedf33c636c002806e5cc952bb72fcd7da9014f7a29f991142f567fcc795165a,16,1,65388,6000000,1000000,5680941243,1600,1083222046,1101,57175594,659851,68,392328000000,398008941243
281,,0xc83e0c4f1202decc1023c38f7825b56df74a541729f87b778e93fe6764f8bb80,46222631,0xfedf33c636c002806e5cc952bb72fcd7da9014f7a29f991142f567fcc795165a,30,1,65388,6000000,1000000,5680941243,1600,1083222046,1101,57175594,659851,68,392328000000,398008941243
282,,0x91fa7bcf80f78e7c2ea079869f060382b181ed87afc57d40c96c18994e240cc2,46222632,0x792a24612087eaba40da5e0086429c05a58d261ff1cde393d68c593db0f2763a,12,1,65388,6000000,1000000,5680941243,1600,1083222046,1101,57175594,659851,68,392328000000,398008941243
283,,0x380284c17e5f92d9f3df7a93987798197db3533d287c5369f7b87a76dfe5ac93,46222633,0xbe67f62f8340447e0d2c97a75a81adbee60fa89d84e0f80ba67e3e8900c4530a,7,1,65388,6000000,1000000,5680941243,1600,1083222046,1101,57175594,659851,68,392328000000,398008941243
284,,0x72eb7c980b1181156c508cff2e7ae0ccb55e0bbd0138c34568d5b673ca1670d6,46222633,0xbe67f62f8340447e0d2c97a75a81adbee60fa89d84e0f80ba67e3e8900c4530a,22,1,65376,6000000,1000000,5680941243,1600,1083222046,1101,57175594,659851,68,392256000000,397936941243
285,,0xb029e0cf896eb4d0ebaea07f8ddac4712e4da9b8f2146e1d492d4a5962ec2c86,46222633,0xbe67f62f8340447e0d2c97a75a81adbee60fa89d84e0f80ba67e3e8900c4530a,32,1,65388,6000000,1000000,5680941243,1600,1083222046,1101,57175594,659851,68,392328000000,398008941243
286,,0xe324c836f5b5626393d4734a298250929200a539b665e7e5ed96654b18a4ca7e,46222634,0x5445780284f50569c6c0f313e94997a03afc2d7bf12fceb8e1a39503dcc9edd0,8,1,60588,6000000,1000000,5680941243,1600,1083222046,1101,57175594,659851,68,363528000000,369208941243
287,,0x29fa5898f5acf4516786994d52fe9b5fb0c939df012c7da22c853b4b9fd3d576,46222657,0x6697a9977accf048ec3517b07a13bb9b4c38cfacc613415b688c5fb0efe5d341,26,1,65364,6000000,1000000,5198917733,1600,963911063,1101,53055796,659851,68,392184000000,397382917733
288,,0x5e8fdc6633970334b2e45777cda26ef4bfa05d5e89a54a1db71e9993c2c5b1f9,46222658,0xf2985eeb234211e30b18be5939069c7eb321e4d2c52d5cf06cf6d56f3f28c308,36,1,65388,6000000,1000000,5198917733,1600,963911063,1101,53055796,659851,68,392328000000,397526917733
289,,0x85f7cf29dc7bb70db420ad31335254cee1714499ed08c123313dc7e5cf22aded,46222658,0xf2985eeb234211e30b18be5939069c7eb321e4d2c52d5cf06cf6d56f3f28c308,66,1,65376,6000000,1000000,5198917733,1600,963911063,1101,53055796,659851,68,392256000000,397454917733
290,,0xb9fa107a6157edd3a6e0ac774130b4e654566d3d43afa148b4739447f6e978d5,46222659,0xe746507282ac489a9568bc6a0f811c057f678b1652f882d3a00359f1269c81be,33,1,65388,6000000,1000000,5198917733,1600,963911063,1101,53055796,659851,68,392328000000,397526917733
291,,0xbda2bea6bd22821b65b4f0d1d551e70043b7f1d9cb899172a2662f4641a56924,46222659,0xe746507282ac489a9568bc6a0f811c057f678b1652f882d3a00359f1269c81be,55,1,65376,6000000,1000000,5198917733,1600,963911063,1101,53055796,659851,68,392256000000,397454917733
292,,0xc67c414c9148b2d3bdfa1af29f61ad1595353446a4f0ddb28624c1cbbcc3d836,46222660,0xc2e856959c7b148e20c391d83c22fd02db5b94a34d23d673b3be2aa3d703ff54,19,1,65388,6000000,1000000,5571821061,1600,1084393475,1101,55490611,659851,68,392328000000,397899821061
293,,0x5ee5d623c922ebb595e1843f4d1127243eca1b51eb928d6f403403fd153563f5,46222661,0xcd5255b7a7f724af365838a4404554830d1d880ce870e4ef117e423ab6b46dc0,20,1,65388,6000000,1000000,5571821061,1600,1084393475,1101,55490611,659851,68,392328000000,397899821061
294,,0xbb82e74f0f3a4babf785e97d96f80a9102881c79b5f1963a902271899fb0e532,46222661,0xcd5255b7a7f724af365838a4404554830d1d880ce870e4ef117e423ab6b46dc0,65,1,60588,6000000,1000000,5571821061,1600,1084393475,1101,55490611,659851,68,363528000000,369099821061
295,,0xaa9ef50dd2829767543d0abcd0eafb3f6f7b91af590a800922e2c850d241eb1b,46222695,0x2555e0d7f1d244651ec5c8f688dfd1209c2c42272b6c440e8c1e8ad9be3c42a8,22,1,65364,6000000,1000000,5380669361,1600,1059640677,1101,53254543,659851,68,392184000000,397564669361
296,,0x33c5c53036321cedd355d50fc7a823774983961deae07ab1b361f3bb6035c3ac,46222696,0x7281275b007509bf58e87686d0a1f5617d33130d76d238cfaa25b8e9e97b49d3,8,1,65388,6000000,1000000,5350721674,1600,982068843,1101,54871618,659851,68,392328000000,397678721674
297,,0xa4edd765fe69d256cbb5036bec1acad0088686a99541d94c7880bf88aa96c9b1,46222696,0x7281275b007509bf58e87686d0a1f5617d33130d76d238cfaa25b8e9e97b49d3,33,1,65388,6000000,1000000,5350721674,1600,982068843,1101,54871618,659851,68,392328000000,397678721674
298,,0xf985d1218d2454d19f9a5df771588c70ca75fce5063efbb6a7b87cd122c20009,46222697,0x759e1bd94b263c2ce00087c52f5e13eb45fd780f1915466c8660c7c110098848,32,1,65376,6000000,1000000,5350721674,1600,982068843,1101,54871618,659851,68,392256000000,397606721674
299,,0x77c782dd1f13071184e221c2b814f838d2c9f315962ee983bff2140324246c34,46222698,0x5c17cb104df96f3d800af2195f3d93c3652aaa4b6bc0a2391f5fd2a63a2e28de,16,1,65388,6000000,1000000,5350721674,1600,982068843,1101,54871618,659851,68,392328000000,397678721674
300,,0xb316352d736ae7d8d03a25f6fd9e50dcac78f27af8cc9ac6a8e23690bc3ca610,46222698,0x5c17cb104df96f3d800af2195f3d93c3652aaa4b6bc0a2391f5fd2a63a2e28de,27,1,65388,6000000,1000000,5350721674,1600,982068843,1101,54871618,659851,68,392328000000,397678721674
301,,0x0f952049b66c40c8a2a35a3fedb4de161380d6bb00c02c3e663563a74977da9c,46222699,0x3790d5b046289b96df6c4d7b7a66f6118e5097287a4c3065cfe81c5d8329b6f5,5,1,65388,6000000,1000000,5350721674,1600,982068843,1101,54871618,659851,68,392328000000,397678721674
302,,0xea4995299dbe606759d16a137ae382c8b95a3ed7a931b70aabe3a48cc9e38320,46222700,0x86daa88804bb520778d55ff6e80c130cc0be5badf7ce6f98505b7a32886dcde9,9,1,60588,6000000,1000000,5350721674,1600,982068843,1101,54871618,659851,68,363528000000,368878721674
303,,0x2fa4041b98841709695c6ee93b0917d09a230c7926642e127cc5767a475301a1,46222721,0x46db536e13b792e23654d9924cfee4a09d2cfa5dd8b089e8e2f37b40a9658e45,35,1,65376,6000000,1000000,5921278248,1600,1044708265,1101,61846086,659851,68,392256000000,398177278248
304,,0xfeaa6be64dcec056f4a195d5942fda24c9aea3850da42d2cb97bbb369f98a9e8,46222722,0xab78352b28ca247b3090d358a4e52324e4754721b31d9b27b75b249dbc338f63,15,1,65388,6000000,1000000,5921278248,1600,1044708265,1101,61846086,659851,68,392328000000,398249278248
305,,0xf82b39fd4219a7b392e43f8d9cc384b63a823d343ea8273de27a73306d494dc8,46222723,0x155470f341ffd3fe767028ade970e07f4b47e36579c8a46d92bd83e5cc6e252f,26,1,65388,6000000,1000000,5921278248,1600,1044708265,1101,61846086,659851,68,392328000000,398249278248
306,,0x0a6d04af6aa7b4f2c6fa8f61e7912837de8d226c7041805f4e0dff31e15a9bee,46222724,0x18c66344d364832a21e7017bd4140c838256fa56af2ae82dadc438df8effc685,14,1,65376,6000000,1000000,5921278248,1600,1044708265,1101,61846086,659851,68,392256000000,398177278248
307,,0x83068cd6d3d0b4c61186768208f14de919732bfe1d2fc0a65bf0c116cb1e7b83,46222724,0x18c66344d364832a21e7017bd4140c838256fa56af2ae82dadc438df8effc685,31,1,65388,6000000,1000000,5921278248,1600,1044708265,1101,61846086,659851,68,392328000000,398249278248
308,,0x7e76265848fdd460edb543a5111e25897607bbe4c0df7eaf57bb8c4ccecae52b,46222725,0xff74b780461d1bf9f983fddf205511f6f0792a3d8d9a76fea89342eac122517b,10,1,65388,6000000,1000000,5921278248,1600,1044708265,1101,61846086,659851,68,392328000000,398249278248
309,,0x30aace5eecbf101c75b72114848a94d94788f0a2d0bfed056ed4062df01f0342,46222725,0xff74b780461d1bf9f983fddf205511f6f0792a3d8d9a76fea89342eac122517b,24,1,65388,6000000,1000000,5921278248,1600,1044708265,1101,61846086,659851,68,392328000000,398249278248
310,,0x1ad5fd0200da1bc0312704e9aacc44445c1a09c7431a4135e33c207e1d239910,46222726,0xddfd45146c5e803fd0b6bd6b2eddfbae6181d00e12d487288019dccbb9e6a742,8,1,60588,6000000,1000000,5921278248,1600,1044708265,1101,61846086,659851,68,363528000000,369449278248
311,,0x184bd8caf5634774c58bdf859c09f073ea523b3cc784774b423293ab152aa736,46222754,0xa0881cc1cabd7974e3698db24c52779f5ab3c6ba0e99e340054fbd1ee8023b40,23,1,65376,6000000,1000000,5396267604,1600,1023237188,1101,54462795,659851,68,392256000000,397652267604
312,,0xf0a3bdf23d59bb10ac9a53e4721cfab9bfeade2d5f67c6262d55c1e59f9f35e3,46222755,0x3e55b8838d685f5513d2cbfc54082503b818a264c6cd7e5ff1f611e712a191bf,9,1,65364,6000000,1000000,5396267604,1600,1023237188,1101,54462795,659851,68,392184000000,397580267604
313,,0xc433b77d5f3c17e9d8337c937de2c46dbee2a671b976c8be8d606ddab5fd51f9,46222755,0x3e55b8838d685f5513d2cbfc54082503b818a264c6cd7e5ff1f611e712a191bf,21,1,65388,6000000,1000000,5396267604,1600,1023237188,1101,54462795,659851,68,392328000000,397724267604
314,,0x1278b3ebdeb5bac44374644981e0f7b77f47c0a0e720f943e46e53c198f3b6cd,46222756,0x3ea56cd734bdc01be34e12a2394d65a4c7fca1ac6ec09c9d1c9e43990e96320b,10,1,65388,6000000,1000000,5396267604,1600,1023237188,1101,54462795,659851,68,392328000000,397724267604
315,,0x315954df5f4ac8af95f5b0d678f02de2b7640400d88d652364a33f5d78d8ddf1,46222757,0xfc3b9c3b98b087fb5d9ab086caf704028b3a167192a45b0a783f46b5b42c207e,12,1,65388,6000000,1000000,5386889808,1600,940189834,1101,56537785,659851,68,392328000000,397714889808
316,,0xd09329e46df37c8f6d14bb45e2d2938d0c8c5eb33f041fc0290485747c8db2a1,46222757,0xfc3b9c3b98b087fb5d9ab086caf704028b3a167192a45b0a783f46b5b42c207e,32,1,65388,6000000,1000000,5386889808,1600,940189834,1101,56537785,659851,68,392328000000,397714889808
317,,0x4ffa10f9ee4d77f3e078fe8145485cb0414a2badd8217581005d6579477c097f,46222758,0xcc51ebd661f51385306649718151bdf9c83afe17ee5ee9e71a9c9b33520c9cef,7,1,65388,6000000,1000000,5386889808,1600,940189834,1101,56537785,659851,68,392328000000,397714889808
318,,0x1b5aa4e6fc00ec53ded6bdabc868dfab840f7de17ea6ed1802b407848fdb92ca,46222758,0xcc51ebd661f51385306649718151bdf9c83afe17ee5ee9e71a9c9b33520c9cef,25,1,60588,6000000,1000000,5386889808,1600,940189834,1101,56537785,659851,68,363528000000,368914889808
327,,0xfbe55527798de2260a6a6059b2b8b64935c9374bb19b53bc82daa6fb97c27eec,46222826,0x35b757c87486b76bdfcbb23f15c2f14986beb902dcec46f2fc03543e2356b3b2,10,1,65376,6000000,1000000,5503231835,1600,1060945190,1101,55077143,659851,68,392256000000,397759231835
328,,0x595d8d1fae66d169a33feea66a4f785691e3e8f4d69f8cc54cdf38dd02eb1452,46222827,0xd646d1e86250792f505346c5871db68f141b3ffa4f6afd70b0d52b8d0133e121,33,1,65388,6000000,1000000,5535634425,1600,1008731228,1101,56962155,659851,68,392328000000,397863634425
329,,0x33bdcec9c97d4fc588e42e770f82d3fc102d55bb9af89344b684b8ac22d4cb32,46222828,0x86719257190a92c4e0b08b03d60eb27d17b255cda9056a9e2296c3cb49dfa766,15,1,65388,6000000,1000000,5535634425,1600,1008731228,1101,56962155,659851,68,392328000000,397863634425
330,,0x76a3077010bc2a3afbb423780f50bf67ca0ca0fe798dec1992209ff74a0ab532,46222828,0x86719257190a92c4e0b08b03d60eb27d17b255cda9056a9e2296c3cb49dfa766,27,1,65388,6000000,1000000,5535634425,1600,1008731228,1101,56962155,659851,68,392328000000,397863634425
331,,0xc109fa2b024f5b9e5cb8a73321e722b9becb8a94f8f9c0de635cbc54b2344a8f,46222829,0xf407eeab03aee113ee67f92c2bdc87f666c3edb865a61cf45daaece78d6bce9a,14,1,65388,6000000,1000000,5535634425,1600,1008731228,1101,56962155,659851,68,392328000000,397863634425
332,,0xea47ecc0cab9eeedc4444c8771571f3bf80cdb7b7e4f5435037fdd2667f2eceb,46222829,0xf407eeab03aee113ee67f92c2bdc87f666c3edb865a61cf45daaece78d6bce9a,40,1,65388,6000000,1000000,5535634425,1600,1008731228,1101,56962155,659851,68,392328000000,397863634425
333,,0xaf5dc720c8c6ac442f343894af1c93d2c1778e7b866bbddb72e1d5ccdfd5462e,46222830,0x1c50d885df52f6dbb1b2ad9f17f0a1a27e9e3f815edfee888f934d3a3af9f748,17,1,65388,6000000,1000000,5535634425,1600,1008731228,1101,56962155,659851,68,392328000000,397863634425
334,,0x2f31d26887aaa18759eb1a811689ad308b9d138feedddf83a841553dc0f149b4,46222831,0x5e921c6f240e3edc9557b2969031bc2af3c3c022ed06d507852c65aac6feea7c,16,1,60588,6000000,1000000,5535634425,1600,1008731228,1101,56962155,659851,68,363528000000,369063634425
335,2026-09-01-paniere-completo,0x41376b7812de98b66367c79026c183f93db7f773fbacb310d43c92a1709e17bc,46222897,0x6df1563a0ce3b6961a05a0f4ac608f4732875c45f3531a77ae024ee97af1e405,39,1,65376,6000000,1000000,5490803671,1600,926699147,1101,58472753,659851,68,392256000000,397746803671
336,2026-09-01-paniere-completo,0x40899e80ef16b75ddf12922a19afa67673aa27a1fb26c26ec7d3de4fa7a37e23,46222897,0x6df1563a0ce3b6961a05a0f4ac608f4732875c45f3531a77ae024ee97af1e405,12,1,65388,6000000,1000000,5490803671,1600,926699147,1101,58472753,659851,68,392328000000,397818803671
337,2026-09-01-paniere-completo,0x1d51eeae264d98106b7cb46b6df83635c561c078cad42122f0e39726f2743a6c,46222894,0x4e0bbe64908158953c52693b7f5e59f23e6b561cb770f1fa6932c4ac0fb728ba,20,1,65388,6000000,1000000,5556455270,1600,1004535001,1101,57389720,659851,68,392328000000,397884455270
338,2026-09-01-paniere-completo,0x9c45d81789a9ddececa910628ea5197bf67c420ab7f749bca60233e2b5d44557,46222894,0x4e0bbe64908158953c52693b7f5e59f23e6b561cb770f1fa6932c4ac0fb728ba,37,1,65388,6000000,1000000,5556455270,1600,1004535001,1101,57389720,659851,68,392328000000,397884455270
339,2026-09-01-paniere-completo,0xe93ce4c4472c4c48c5e75aedee1cb2cd2e905d5a7b8f6c6c053b3ef411a1d58a,46222895,0xb7be5e14a1b23ae9edaf0301bfce054d0c38c34d74d3a680c95f4bee8311b7c2,38,1,65388,6000000,1000000,5490803671,1600,926699147,1101,58472753,659851,68,392328000000,397818803671
340,2026-09-01-paniere-completo,0x2452f6b7de72310b407298b15b775b15e5f574ce7102571bde759361bcefa2ee,46222898,0xc054f880710b45bb059ae0aa58b5d8f38ea62feb03473316fe27861b0825f632,22,1,60588,6000000,1000000,5490803671,1600,926699147,1101,58472753,659851,68,363528000000,369018803671
341,2026-09-01-paniere-completo,0x1b01bd7458b9c553cd93e4f68abe62faa1732a9c55f2c5f6beeab016ef994c3a,46222896,0xd8c492e45dc6b4ad7589b07f03c3a39c322db8e197a2abbcd6fedf3595188846,27,1,65388,6000000,1000000,5490803671,1600,926699147,1101,58472753,659851,68,392328000000,397818803671
342,2026-09-01-paniere-completo,0x19ccf49ded36713b03a0fc122897bcc533707de5a414d581837d9696ef8f08f7,46222895,0xb7be5e14a1b23ae9edaf0301bfce054d0c38c34d74d3a680c95f4bee8311b7c2,12,1,65376,6000000,1000000,5490803671,1600,926699147,1101,58472753,659851,68,392256000000,397746803671
343,2026-09-01-paniere-completo,0x87029b33ca0da5b0fbf74df70eb60a598edfa70b0b1779ac13c5dce5b702e035,46222928,0xc14c7acfbec658a3c3acd1d246dcc84a8971572d77152a29d235b271790b16a2,8,1,65376,6000000,1000000,5489013536,1600,925683136,1101,58472748,659851,68,392256000000,397745013536
344,2026-09-01-paniere-completo,0x6333b6b34eba687a34ac30613c3b25c9345caaab103f755fa790ead41cea43d6,46222928,0xc14c7acfbec658a3c3acd1d246dcc84a8971572d77152a29d235b271790b16a2,22,1,65388,6000000,1000000,5489013536,1600,925683136,1101,58472748,659851,68,392328000000,397817013536
345,2026-09-01-paniere-completo,0xd9d7e19fa2c961e3c3c84c775d494dbef6b46500e09fe961aae947ead3ab14d6,46222931,0xc80e6a635f1654b60b814064dbbd721df251a145fd751ccf9c4b70b0e9a76bee,3,1,65388,6000000,1000000,5401427294,1600,1041366788,1101,54056985,659851,68,392328000000,397729427294
346,2026-09-01-paniere-completo,0x751503b64e64fdf3fdced1c3623c15b4263b8fb55e791ec0569cdf5e15ed5ba8,46222930,0xf1ec493b17bcfaf6755d6191031a6afb6aed8deaaec693721386de4ca177f645,16,1,65388,6000000,1000000,5401427294,1600,1041366788,1101,54056985,659851,68,392328000000,397729427294
347,2026-09-01-paniere-completo,0x3ee5adf24d8065810152aaee55efc0c4d598a5a9f9c2292bc36149784d3ed539,46222929,0xd05fd8f5d021ffd79d508e01f97fb7f5e10a74e52499d47d1e3c12c266dbecae,7,1,65388,6000000,1000000,5401427294,1600,1041366788,1101,54056985,659851,68,392328000000,397729427294
348,2026-09-01-paniere-completo,0xa47533ae6b09927dbb0a8f563c52bb05a2a86ae828a5df0341d32492b6b90a8a,46222931,0xc80e6a635f1654b60b814064dbbd721df251a145fd751ccf9c4b70b0e9a76bee,21,1,60588,6000000,1000000,5401427294,1600,1041366788,1101,54056985,659851,68,363528000000,368929427294
349,2026-09-01-paniere-completo,0xbffa3a237e63ec9870d589feb68bf059ba00e8a69cb1876af3fc6e8ff995b54f,46222927,0xdd3c8f0cd2b8f846e9decd9bddb3f3cf1f4848ecce6b715cde4d50cadc8763f9,27,1,65388,6000000,1000000,5489013536,1600,925683136,1101,58472748,659851,68,392328000000,397817013536
350,2026-09-01-paniere-completo,0xd48d50a8f9497751236cd912341e0eeb3150227a7985dd705e3f4a71f0519f41,46222929,0xd05fd8f5d021ffd79d508e01f97fb7f5e10a74e52499d47d1e3c12c266dbecae,29,1,65388,6000000,1000000,5401427294,1600,1041366788,1101,54056985,659851,68,392328000000,397729427294
351,2026-09-01-paniere-completo,0x38afbcd97412070b4f7233bcc8a4a79998f289a657c660d85d8e4b30a938bb9f,46222970,0x62c0b8948dd587903e76b3acd38fa0964a501680b219e4385b31e4b89f57d02e,9,1,65376,6000000,1000000,5311922744,1600,982973242,1101,54259478,659851,68,392256000000,397567922744
352,2026-09-01-paniere-completo,0xab297de51ba4a4222c47313dffdfac0ce3049a65531d97ef08d7ecd13cd616a5,46222968,0xa561fb0eff7fd6205883c42ec6ca706b8f42c327860e5e1a50806864433e88fb,11,1,65388,6000000,1000000,5311922744,1600,982973242,1101,54259478,659851,68,392328000000,397639922744
353,2026-09-01-paniere-completo,0xdc6298b2a3622b0e9ea6f98f2a6fcf2acc51aca47ebd31d8c305c7295d056a98,46222971,0x0d66d9781105b4f8d014dd86efe6228ef57cae9dcd1b0eb8f6627be13aa1e9f0,8,1,60588,6000000,1000000,5609562604,1600,1105820716,1101,55490540,659851,68,363528000000,369137562604
354,2026-09-01-paniere-completo,0x272efee6d8d4362b4a33be65ba968d1fe847fdd68e5b3792d3fb1cb69e1cdb44,46222969,0x7fd620cfdbe0ae16f48af16b552e1cd98af456291d2efb6c101a9f64ab1dd4eb,29,1,65388,6000000,1000000,5311922744,1600,982973242,1101,54259478,659851,68,392328000000,397639922744
355,2026-09-01-paniere-completo,0xeb1c4109ed82b180d336817e164e04301b66b61720a7959fecf6312351c7f773,46222970,0x62c0b8948dd587903e76b3acd38fa0964a501680b219e4385b31e4b89f57d02e,29,1,65388,6000000,1000000,5311922744,1600,982973242,1101,54259478,659851,68,392328000000,397639922744
356,2026-09-01-paniere-completo,0x9f5d313be111666b628a9850c372371488d5da35b91055f6dbdb2e8dfc8448c0,46222967,0x32f24101a35f588f9a4ec20fe8988fa33076eccf60a167545938577b253de88b,21,1,65388,6000000,1000000,5311922744,1600,982973242,1101,54259478,659851,68,392328000000,397639922744
357,2026-09-01-paniere-completo,0x779f301c0e325d2a911530837e958e87ad27623e3d83aa18a764353f807c583e,46222969,0x7fd620cfdbe0ae16f48af16b552e1cd98af456291d2efb6c101a9f64ab1dd4eb,9,1,65376,6000000,1000000,5311922744,1600,982973242,1101,54259478,659851,68,392256000000,397567922744
358,2026-09-01-paniere-completo,0x553319e02024bdd1730e73010ece8e75f6b470801a51104660270ff3b6b0b56d,46222968,0xa561fb0eff7fd6205883c42ec6ca706b8f42c327860e5e1a50806864433e88fb,21,1,65388,6000000,1000000,5311922744,1600,982973242,1101,54259478,659851,68,392328000000,397639922744
359,2026-09-01-paniere-completo,0xd8a90509fd65315a2faa425f1d8297d9333739def28b8ae4e39cdbb0f9d8f865,46223002,0x909293f62b75ff8c5692052d281f0b6b5d8fcfe4442140400e87071c7ad566aa,5,1,65376,6000000,1000000,5852317473,1600,1014210377,1101,61615190,659851,68,392256000000,398108317473
360,2026-09-01-paniere-completo,0x0323aeec5a707eb087b9df8d7d7da42038451aee1e2db8f4f636637de7c964bd,46223001,0x5587f786a61e2f51ff2d9fa90938786bf8863e308c56d81d60345e1d95e97452,8,1,65388,6000000,1000000,5852317473,1600,1014210377,1101,61615190,659851,68,392328000000,398180317473
361,2026-09-01-paniere-completo,0x712e538a1336fb72a929f10632763683d05b38da8f3364b13c5b2911b6044603,46223002,0x909293f62b75ff8c5692052d281f0b6b5d8fcfe4442140400e87071c7ad566aa,19,1,65376,6000000,1000000,5852317473,1600,1014210377,1101,61615190,659851,68,392256000000,398108317473
362,2026-09-01-paniere-completo,0x4c74f462fadb4db819429a444e1472b6f8a14e88cb2881866a45a94627fddf65,46223001,0x5587f786a61e2f51ff2d9fa90938786bf8863e308c56d81d60345e1d95e97452,25,1,65388,6000000,1000000,5852317473,1600,1014210377,1101,61615190,659851,68,392328000000,398180317473
363,2026-09-01-paniere-completo,0x6a5001cbc626051c4f32017ba67fffec450e78d8c4a4fc97ea57c3faa7f838a1,46223000,0x47762ba573d98c2b9ccc5343268b80dc335c05a57090b80516b4c401e8fa0cb8,25,1,65388,6000000,1000000,5881321934,1600,1098690849,1101,59799381,659851,68,392328000000,398209321934
364,2026-09-01-paniere-completo,0x09e516606bdafb82775e8609a41b093385f55d25730f6dd08b5958291da8a75f,46223000,0x47762ba573d98c2b9ccc5343268b80dc335c05a57090b80516b4c401e8fa0cb8,9,1,65388,6000000,1000000,5881321934,1600,1098690849,1101,59799381,659851,68,392328000000,398209321934
365,2026-09-01-paniere-completo,0x9a1a145ef798bcdb28d8695b41d87e2b8dd1f6bb29d651c1e20d2f67168f5af5,46223003,0x409e83819bd90f18fed35ea84ab1d0310366ded1e2b00abba6e244e7fbb841c3,9,1,65388,6000000,1000000,5852317473,1600,1014210377,1101,61615190,659851,68,392328000000,398180317473
366,2026-09-01-paniere-completo,0xa7360639d8c4fd156b1213acdd9c7eb7aecf7ef59328637965c0f2388d554f4e,46223003,0x409e83819bd90f18fed35ea84ab1d0310366ded1e2b00abba6e244e7fbb841c3,25,1,60588,6000000,1000000,5852317473,1600,1014210377,1101,61615190,659851,68,363528000000,369380317473
367,2026-09-01-paniere-completo,0x59fb4afd1d908371efcb63204847f8d8c2fda98a4cfbaf3b084814a5d2232a99,46223033,0x9e34ea24560a3bd3b0706383bf0194fac8a95ebfc08576a332c44571300a5d26,25,1,65364,6000000,1000000,6020522954,1600,1003779756,1101,64442799,659851,68,392184000000,398204522954
368,2026-09-01-paniere-completo,0x4219fd8d818a1bfb730c27a79c3452b755a4b2d4e0e78f16e2dff87d934becf4,46223036,0xab0ab5377f270451aaf226acd1f9586320d5e7927177835084ea70d9e053510f,5,1,65388,6000000,1000000,6020522954,1600,1003779756,1101,64442799,659851,68,392328000000,398348522954
369,2026-09-01-paniere-completo,0x056a169c6091ce94843ad95b192337ef96834231fde7e608bcdfc92762f39aa7,46223036,0xab0ab5377f270451aaf226acd1f9586320d5e7927177835084ea70d9e053510f,17,1,65388,6000000,1000000,6020522954,1600,1003779756,1101,64442799,659851,68,392328000000,398348522954
370,2026-09-01-paniere-completo,0xddf80275a36351f9820d89043aee660d36f0c4cea3882b1f8a2cf925f9fd17a6,46223037,0xaab0d446a9e298230a4aad4f6f437a2437e069ca607cdc0bcd0b929169c2bc87,9,1,60588,6000000,1000000,5378016560,1600,919258799,1101,56962106,659851,68,363528000000,368906016560
371,2026-09-01-paniere-completo,0x6210ac8949c6a75391be9068ff37e33bfa3b29343a39153238ace0509392fc48,46223034,0x17047c15e89b86d7d4a4ce55bfd029659c49f55941ace512782a03fc88841add,8,1,65388,6000000,1000000,6020522954,1600,1003779756,1101,64442799,659851,68,392328000000,398348522954
372,2026-09-01-paniere-completo,0x973758a81e47df2d50d23428a5d16f9d0ba6517a0b48a06d8980b4038a79d276,46223035,0x0ec307e1dcaed219f601ab693111b22de99ef1e1b48373ceeea51c3417a2be40,4,1,65388,6000000,1000000,6020522954,1600,1003779756,1101,64442799,659851,68,392328000000,398348522954
373,2026-09-01-paniere-completo,0x56c2001b233c7c1f46c5eb0a44a39d31be5ca3551a936b54afb1ac28668d22d1,46223034,0x17047c15e89b86d7d4a4ce55bfd029659c49f55941ace512782a03fc88841add,34,1,65388,6000000,1000000,6020522954,1600,1003779756,1101,64442799,659851,68,392328000000,398348522954
374,2026-09-01-paniere-completo,0x60844bc2c4962dd41f56a7e03c3f5e193f49a8335143ad979b24cefe1db4a73b,46223035,0x0ec307e1dcaed219f601ab693111b22de99ef1e1b48373ceeea51c3417a2be40,21,1,65388,6000000,1000000,6020522954,1600,1003779756,1101,64442799,659851,68,392328000000,398348522954
375,2026-09-01-paniere-completo,0x928490ede53df5f96debafd0f281dfd8c679d8bc385bacdd15d6b88b3cf8ddf3,46223069,0xb8a433b1f892daa73905c6ead1a899b0b1793739a60f8b3d4136212b3ba0a77c,8,1,65376,6000000,1000000,5892893983,1600,931329759,1101,64442783,659851,68,392256000000,398148893983
376,2026-09-01-paniere-completo,0xa4a8d8846998d3134db1f2b9b37269c8b36d2168a8a1054abd8ebd424e3d389b,46223069,0xb8a433b1f892daa73905c6ead1a899b0b1793739a60f8b3d4136212b3ba0a77c,26,1,60588,6000000,1000000,5892893983,1600,931329759,1101,64442783,659851,68,363528000000,369420893983
377,2026-09-01-paniere-completo,0x21aa2660490cdc0aed97e61f9a707878f3c39dbe4602d899031858d05d3de8f6,46223067,0xcdcaa381366d922b806d2c0452d712c23c4c7edba146b89405e3ad7ff01111b8,20,1,65388,6000000,1000000,5892893983,1600,931329759,1101,64442783,659851,68,392328000000,398220893983
378,2026-09-01-paniere-completo,0x7fd804fd751dcb29c8d583e40dfac97b65eb0767efa0471452cf2858036406f4,46223068,0x70c8094c7f88a46bc133a37e3cd9779659760e0e2dd11d2bb34818f1dc2dca5b,6,1,65388,6000000,1000000,5892893983,1600,931329759,1101,64442783,659851,68,392328000000,398220893983
379,2026-09-01-paniere-completo,0x263f7d08f3185b4a6fb9888d766d7407af7117c1d2df9ac8e9bbd1d20e0b21ec,46223066,0x40a28c6808e40cd0c6a51302552ee213cab93b332bda1c32dfb334943abf25a6,17,1,65388,6000000,1000000,5912451767,1600,1004792757,1101,62777943,659851,68,392328000000,398240451767
380,2026-09-01-paniere-completo,0xb2135cac66f95e5ab882a03380799890b777d4fc2dad7749826e1bdf330da1f6,46223068,0x70c8094c7f88a46bc133a37e3cd9779659760e0e2dd11d2bb34818f1dc2dca5b,20,1,65388,6000000,1000000,5892893983,1600,931329759,1101,64442783,659851,68,392328000000,398220893983
381,2026-09-01-paniere-completo,0x04129d01cd8760f3c1b2f3a82dfd068850d1f5465949165533198abc7479a128,46223067,0xcdcaa381366d922b806d2c0452d712c23c4c7edba146b89405e3ad7ff01111b8,4,1,65388,6000000,1000000,5892893983,1600,931329759,1101,64442783,659851,68,392328000000,398220893983
382,2026-09-01-paniere-completo,0x39faa421b5d91df4a32e213c625fccc762db2c81fb438c63194b2bce9de38bec,46223066,0x40a28c6808e40cd0c6a51302552ee213cab93b332bda1c32dfb334943abf25a6,5,1,65388,6000000,1000000,5912451767,1600,1004792757,1101,62777943,659851,68,392328000000,398240451767
383,2026-09-01-paniere-completo,0xde9c0fa5088540eb2dbaf5b0659a2e284947f9571105a4f74f7a6535b88bf20f,46223100,0x5515ce3a0b0625accdcec64f8ddfd9c11ad6da70c22faa068692ab102cc3421a,8,1,65364,6000000,1000000,5840157090,1600,928319291,1101,63723929,659851,68,392184000000,398024157090
384,2026-09-01-paniere-completo,0xd90a7b5da2e8c950bb72fdfdb0d68e7c975752948d9337ff9fcd47ece9b21913,46223099,0xaaa891bc96f216d016ddee3a4e0ff597c1e8146ba8a9facb2c93888a914ccfa7,16,1,65376,6000000,1000000,5840157090,1600,928319291,1101,63723929,659851,68,392256000000,398096157090
385,2026-09-01-paniere-completo,0x9d1c69bb2a93957ef81fa2265d2fa4d7aff6269411495f3f629023bb4709f337,46223101,0xfde4cd19584fd802225f100c15b481b73baad74830ea0580d76a58b11836209b,18,1,65388,6000000,1000000,5840157090,1600,928319291,1101,63723929,659851,68,392328000000,398168157090
386,2026-09-01-paniere-completo,0xa6bf88a56095eb374c12b092d79f1afb613e00f2a7902014f98d3297c6a7d384,46223099,0xaaa891bc96f216d016ddee3a4e0ff597c1e8146ba8a9facb2c93888a914ccfa7,5,1,65376,6000000,1000000,5840157090,1600,928319291,1101,63723929,659851,68,392256000000,398096157090
387,2026-09-01-paniere-completo,0x8e559dd338c8a02c03a8db2c5ccddc900e1a81430c69cc0063c7bbbe5a5e785e,46223098,0x864026c7abc445893b375ad45c50a3c4510cda24f82460443b82b9fe8e3d18e3,34,1,65388,6000000,1000000,5840157090,1600,928319291,1101,63723929,659851,68,392328000000,398168157090
388,2026-09-01-paniere-completo,0x63acc9a76ebb32ca2ac755aa114825330bad80dd1cec0b245da827654f88185d,46223101,0xfde4cd19584fd802225f100c15b481b73baad74830ea0580d76a58b11836209b,8,1,65388,6000000,1000000,5840157090,1600,928319291,1101,63723929,659851,68,392328000000,398168157090
389,2026-09-01-paniere-completo,0x2d68c0ee0017d10cacc9702ace72f9ebefdf30f5e46928d5d9f35fee60c02001,46223100,0x5515ce3a0b0625accdcec64f8ddfd9c11ad6da70c22faa068692ab102cc3421a,31,1,65388,6000000,1000000,5840157090,1600,928319291,1101,63723929,659851,68,392328000000,398168157090
390,2026-09-01-paniere-completo,0x2f6663d86aac90b51a44699b296890b2c86cd8160dfb300ad52fedf9289a745c,46223102,0xeb327d9b341a1910318dc3150831e318131a03ba5eae93b0e152ed4e74c2edc0,9,1,60588,6000000,1000000,5840157090,1600,928319291,1101,63723929,659851,68,363528000000,369368157090
391,2026-09-01-paniere-completo,0x5b729d0d2ec6af7195690d57f1a7dcec6a0f1d033937699e53efa095e0057486,46223131,0xc1b8fafb53e0872c4ce902c36cf629f97b279d5a3bc4f0a70c0d1c7d6366e701,7,1,65376,6000000,1000000,5782204364,1600,948376316,1101,62310198,659851,68,392256000000,398038204364
392,2026-09-01-paniere-completo,0x3eb28134f8a6a299549dddd913feb97694d38b21048deeb0605c5a6c84d14c06,46223133,0x4a9492c6d0585a9b2e4bcd2ae42440b3c0e0e762211a7fdba26e3879b1181669,17,1,65388,6000000,1000000,5433045407,1600,1066874640,1101,53855174,659851,68,392328000000,397761045407
393,2026-09-01-paniere-completo,0x499094eeb9104c2646a981726339d428809fb89e9d8ec4fa30de5c245c6c368d,46223131,0xc1b8fafb53e0872c4ce902c36cf629f97b279d5a3bc4f0a70c0d1c7d6366e701,32,1,65388,6000000,1000000,5782204364,1600,948376316,1101,62310198,659851,68,392328000000,398110204364
394,2026-09-01-paniere-completo,0xf548c204ff53ac83f18edb0808defa7d1d951c0ab2f3582ca3eed9e51746cff0,46223130,0x868a807c4788539997318bf1480769af2fa3a7d182759a68fe00972066722928,20,1,65388,6000000,1000000,5782204364,1600,948376316,1101,62310198,659851,68,392328000000,398110204364
395,2026-09-01-paniere-completo,0x489cdedb730f471d322fe7e7de7af964f22cefaf67c7d663d495c79a5e24fade,46223132,0x4897b408ee3f7b2e53ddb8629ddfac4f8e18683ebb8c20f3b37fa4fa092521a3,32,1,65376,6000000,1000000,5782204364,1600,948376316,1101,62310198,659851,68,392256000000,398038204364
396,2026-09-01-paniere-completo,0x41e667d8e759a48a66305599cac0ef564acf8b2ba9ace2660e88776695017535,46223134,0xf5ea9d14f82e527f18381319667f24d9f366e01790087be539ce3c20befa78b4,28,1,60588,6000000,1000000,5433045407,1600,1066874640,1101,53855174,659851,68,363528000000,368961045407
397,2026-09-01-paniere-completo,0x984694ae5d2af3f4ec00bc0ac53a6c4f960aa9fa4c962efedf0b92fa2cc2ceb9,46223132,0x4897b408ee3f7b2e53ddb8629ddfac4f8e18683ebb8c20f3b37fa4fa092521a3,13,1,65388,6000000,1000000,5782204364,1600,948376316,1101,62310198,659851,68,392328000000,398110204364
398,2026-09-01-paniere-completo,0xf2ba78eeb660ea70ca95f3389b966165a4d6ac7534c56667cb0bd18436d469d0,46223134,0xf5ea9d14f82e527f18381319667f24d9f366e01790087be539ce3c20befa78b4,10,1,65376,6000000,1000000,5433045407,1600,1066874640,1101,53855174,659851,68,392256000000,397689045407
399,2026-09-01-paniere-completo,0x9c324103305f5a48fd7c5b614347a2f26fa60354d2f49c152f2e770b2806c3d0,46223177,0x7d35b5378fa2202def5ea9a57d27c00ccdee1171fbf9f0ffe8d5385df8fe42a8,11,1,65376,6000000,1000000,5867887680,1600,926145009,1101,64202231,659851,68,392256000000,398123887680
400,2026-09-01-paniere-completo,0x887fdff9cb6a80b33ef14dce783534cf6c26d3516873947939210e621638b895,46223176,0xbf219642839cfd10c9b268cd77e45fbd822c66d646f904dd189c93cd588cbd63,37,1,65376,6000000,1000000,5867887680,1600,926145009,1101,64202231,659851,68,392256000000,398123887680
401,2026-09-01-paniere-completo,0xe1a30e2dea6f8541663f1fa3892fea1bb9657763218b6365830d112b2ebcbb92,46223173,0x2a2cc6454cc829e6ed5ca795d3c94c899b364d43a18e9f5c29683898f50a2f8e,16,1,65388,6000000,1000000,5962607494,1600,1015614780,1101,63249135,659851,68,392328000000,398290607494
402,2026-09-01-paniere-completo,0xf8575b687f6716a74e9dac3e6def085495503a8dfbd594e0b83b82c40365e940,46223175,0x2b9b8c5133a53ce3429ad0ed6a3695d62ae33532ab412d63d5d8cb735045acd3,35,1,65364,6000000,1000000,5962607494,1600,1015614780,1101,63249135,659851,68,392184000000,398146607494
403,2026-09-01-paniere-completo,0xe4464e6b5d79e2377ef43b616a1a44f53596667097e8c2f610692f1187ae3c52,46223175,0x2b9b8c5133a53ce3429ad0ed6a3695d62ae33532ab412d63d5d8cb735045acd3,6,1,65388,6000000,1000000,5962607494,1600,1015614780,1101,63249135,659851,68,392328000000,398290607494
404,2026-09-01-paniere-completo,0xe431068250489007aab538030a565917f2778f7f5645d27f816623e8a9c336a5,46223179,0x62724dcce3d7d6eb83e343d7b61708b64c8c40e1fb9c515ca6b4b0b7fc5a6507,33,1,65376,6000000,1000000,5867887680,1600,926145009,1101,64202231,659851,68,392256000000,398123887680
405,2026-09-01-paniere-completo,0xd98ee4ffe8b1c76dc929f32e213c20f911b1bfef19c00f7f0ec63d1624d52c6f,46223180,0xd21e3d9b5b4837f564ccabf69c7c44bbf1a8920dcd627da30b479fcedd34a923,4,1,60588,6000000,1000000,5867887680,1600,926145009,1101,64202231,659851,68,363528000000,369395887680
406,2026-09-01-paniere-completo,0x094021f11509a6121b0f45585ceac3bd4b66d4cdd76bb86715464b9f31722a8a,46223174,0x9d257952b9f7ddbe19a2697d344c10013b6573324ae06365997c2a3a302ef6cd,9,1,65376,6000000,1000000,5962607494,1600,1015614780,1101,63249135,659851,68,392256000000,398218607494
407,2026-09-01-paniere-completo,0xc42febc7c9511b7aefd1f450f341887ec365a909f061f09d3a6f0c6bc3ea4a83,46223211,0x9c12f4b0c989e27b84e2686753db5807c5dfa85a0773ea2b2d76fb90b3e98562,12,1,65364,6000000,1000000,5814437029,1600,922628642,1101,63486066,659851,68,392184000000,397998437029
408,2026-09-01-paniere-completo,0x21796aa4222c4b48dcf75093bff7edc6539751f1bb3c4c3f5a20205993dcd51f,46223212,0x95eab6a4bf396bb1d322f5b92539bbaa36da18c553bfc03cd5767ce0b840c7c0,7,1,65388,6000000,1000000,5573079789,1600,1037954736,1101,56749459,659851,68,392328000000,397901079789
409,2026-09-01-paniere-completo,0x3402f0d5e6eec7bcc62f75d6ecf486ad9d42287e7038bb1729324449f1d91bb9,46223210,0x2cab99749d4b2eabcdfdeca8b1c0361b6d1914d8f2854bcbc5b66cb9f856e44e,8,1,65388,6000000,1000000,5814437029,1600,922628642,1101,63486066,659851,68,392328000000,398142437029
410,2026-09-01-paniere-completo,0xfc78a7b4c99af275b6fab1b12ea7c3d516aa58621e1a1cfe52140695b3a4efa3,46223213,0x25bd620d1882a80bf275dabd11f0bfbc554b04b12fe11ce51b4d87ff8ca89ff4,33,1,60588,6000000,1000000,5573079789,1600,1037954736,1101,56749459,659851,68,363528000000,369101079789
411,2026-09-01-paniere-completo,0x92600fe4611c41bfdc8e1e5b18bca6386742190939a8fc33ee3d9b2fa03ab7e5,46223210,0x2cab99749d4b2eabcdfdeca8b1c0361b6d1914d8f2854bcbc5b66cb9f856e44e,24,1,65388,6000000,1000000,5814437029,1600,922628642,1101,63486066,659851,68,392328000000,398142437029
412,2026-09-01-paniere-completo,0x8a29ee220a36d3c06a1b03a61657372bc8347cf0f6da96c9438ffb30a520c72b,46223209,0x5875ec158bda53816fcc04fb29037951005f9399c2bab63fa14740a45744f3b1,11,1,65388,6000000,1000000,5814437029,1600,922628642,1101,63486066,659851,68,392328000000,398142437029
413,2026-09-01-paniere-completo,0xf079607823a0a0fea3c790c50e9f3c6a6b6973e3536631da444a58a83c8a140e,46223208,0x85785be9a231e356437bd8ed9e306b4f9737b286f21e0135a67d6c3c27977417,37,1,65388,6000000,1000000,5814437029,1600,922628642,1101,63486066,659851,68,392328000000,398142437029
414,2026-09-01-paniere-completo,0xae2b3063be48c2f67f1867db63ed9b9b5e4f62aa2bb4a8bcd9860a090fa237dd,46223211,0x9c12f4b0c989e27b84e2686753db5807c5dfa85a0773ea2b2d76fb90b3e98562,24,1,65388,6000000,1000000,5814437029,1600,922628642,1101,63486066,659851,68,392328000000,398142437029
415,2026-09-01-paniere-completo,0x17369c16b12ba19bc15840f2b4da09706d86d35c156719a39b14345bbbcc864b,46223248,0x2eb627276c6f82fef69c90201db509a0a7922b17842a8cc14e8c50bacac3e1b8,22,1,65376,6000000,1000000,5457494441,1600,964378030,1101,56962043,659851,68,392256000000,397713494441
416,2026-09-01-paniere-completo,0x248727c29c00939e107c90276c4530c1ac3151205d90eb044ffffafdab47a2bb,46223248,0x2eb627276c6f82fef69c90201db509a0a7922b17842a8cc14e8c50bacac3e1b8,34,1,65388,6000000,1000000,5457494441,1600,964378030,1101,56962043,659851,68,392328000000,397785494441
417,2026-09-01-paniere-completo,0xd2e2161f08f9557245e7b777d14099a3ff250f2b397895b45a03739ecf9c9547,46223246,0x3ed4b5f951376b4ab6c1772269aea7ba03832add5787cb7b1ead34be15491a61,12,1,65388,6000000,1000000,5583932597,1600,1036152642,1101,56962043,659851,68,392328000000,397911932597
418,2026-09-01-paniere-completo,0x4ce5ef49c099102c54927c8adb29008b5b70b5e044c48e635e370dbe2bcd553c,46223245,0x3ff21b72c752f3958d67c473f8c92c3ac94295f5f522b80e0e6e3518024217a3,14,1,65388,6000000,1000000,5583932597,1600,1036152642,1101,56962043,659851,68,392328000000,397911932597
419,2026-09-01-paniere-completo,0x1852841c8ccd61e6cea7c5067deba8f59f2977f96bc4bbcc8c6dc304e06719cd,46223245,0x3ff21b72c752f3958d67c473f8c92c3ac94295f5f522b80e0e6e3518024217a3,25,1,65388,6000000,1000000,5583932597,1600,1036152642,1101,56962043,659851,68,392328000000,397911932597
420,2026-09-01-paniere-completo,0x0ab23d09f3ff402fb41ed3f04fc23954c17814dff0fb962abbd65a0e980a6d48,46223249,0x99f6ff40c809247aba97a153051123051043da23d9ff109413a7952e9a013a55,39,1,60588,6000000,1000000,5457494441,1600,964378030,1101,56962043,659851,68,363528000000,368985494441
421,2026-09-01-paniere-completo,0xa75cf9fed1020749d946d3f89497b2cd0839dde5b3318052e29a8c3a152d1c07,46223249,0x99f6ff40c809247aba97a153051123051043da23d9ff109413a7952e9a013a55,20,1,65388,6000000,1000000,5457494441,1600,964378030,1101,56962043,659851,68,392328000000,397785494441
422,2026-09-01-paniere-completo,0xbe4ac35a20ca6ea80d9ab233bea153434fafde86c63bff8c84e051ce4d5debac,46223246,0x3ed4b5f951376b4ab6c1772269aea7ba03832add5787cb7b1ead34be15491a61,28,1,65388,6000000,1000000,5583932597,1600,1036152642,1101,56962043,659851,68,392328000000,397911932597
423,2026-09-01-paniere-completo,0x3870c6a22c4ee4cfc54b35b2f10c9759d946817c3636fb24321cf81415abdb9f,46223278,0xa4e962abf79da06412ba7623260126ab6def3e0d862d6bb612e15ed8b4d0c500,11,1,65376,6000000,1000000,5976760448,1600,960821231,1101,64926442,659851,68,392256000000,398232760448
424,2026-09-01-paniere-completo,0x30435986be87ff885b0b3f3c58c3511c218fa9f6a811e02177dc6e60cc4e1f0c,46223279,0xef6c4a2df42bb4f87ea18e532a62a46bcd9b0ef443766ea0cc48655553b49841,20,1,65388,6000000,1000000,5976760448,1600,960821231,1101,64926442,659851,68,392328000000,398304760448
425,2026-09-01-paniere-completo,0x097732381a29bc06f6559c49ccd73580223317d791f829a24d0ccfc22e256f89,46223281,0x46c6420e994db88df3c275f06231a734ca7a6383d2637b9635305fa77cc04670,9,1,65376,6000000,1000000,5976760448,1600,960821231,1101,64926442,659851,68,392256000000,398232760448
426,2026-09-01-paniere-completo,0x1d1db10f5be92cfa0cf138bf9c030275348285fd2c0725966815073cec8744f1,46223281,0x46c6420e994db88df3c275f06231a734ca7a6383d2637b9635305fa77cc04670,27,1,65388,6000000,1000000,5976760448,1600,960821231,1101,64926442,659851,68,392328000000,398304760448
427,2026-09-01-paniere-completo,0xd81f5741c15a28db1a94fba95e86d621a26fc5bb1e53d7ddcf1c7f5f4a2e4f3e,46223280,0x877adbfd89efd3785c2e4b9186bca0de038789407ca69cbe0eec210d014c2814,7,1,65388,6000000,1000000,5976760448,1600,960821231,1101,64926442,659851,68,392328000000,398304760448
428,2026-09-01-paniere-completo,0xe2581f2f2e20bd9c3c837fd28a3ab6b424ca9ba8a7bb96b714d3769f2c42201c,46223283,0xbe81f5432d95c44e59a2a386c66c975c6efbfa4a99914d7fa4231c52559a6e67,20,1,60588,6000000,1000000,5976760448,1600,960821231,1101,64926442,659851,68,363528000000,369504760448
429,2026-09-01-paniere-completo,0x8cc9a1aa6a7351df3ae4f14b44d7947d78fb0799305134522b66535024a825b3,46223283,0xbe81f5432d95c44e59a2a386c66c975c6efbfa4a99914d7fa4231c52559a6e67,6,1,65388,6000000,1000000,5976760448,1600,960821231,1101,64926442,659851,68,392328000000,398304760448
430,2026-09-01-paniere-completo,0xd7e7443df474fa699efa635c58ccdd236302715c487986293fb79944b986ee0e,46223278,0xa4e962abf79da06412ba7623260126ab6def3e0d862d6bb612e15ed8b4d0c500,37,1,65388,6000000,1000000,5976760448,1600,960821231,1101,64926442,659851,68,392328000000,398304760448
431,2026-09-01-paniere-completo,0xc53c6b5f3d4eaa79201118861a25cf33ef3075e69ef4ca652ac6f21634393f78,46223324,0x742ba7139b79687b049cecc438b92ff3d12c2703532fc16e6d36dd4e3d969045,13,1,65376,6000000,1000000,5442584158,1600,987589443,1101,56116405,659851,68,392256000000,397698584158
432,2026-09-01-paniere-completo,0x9bb961f198da7ae4be356bce4d0af09bd1386de99d56b734a1e10b09350af5b1,46223325,0xd3869ff24e242c43f4b09cc397fcd615e4e66ee1dd5fb26a187424e03dcc9b3a,8,1,65388,6000000,1000000,5442584158,1600,987589443,1101,56116405,659851,68,392328000000,397770584158
433,2026-09-01-paniere-completo,0x2c2a4448896b7c8e3464b10e98c40fcfaba6a20cfa86b59a9bef30ae1393ea96,46223324,0x742ba7139b79687b049cecc438b92ff3d12c2703532fc16e6d36dd4e3d969045,26,1,65376,6000000,1000000,5442584158,1600,987589443,1101,56116405,659851,68,392256000000,397698584158
434,2026-09-01-paniere-completo,0x94e57dcdbf7bbbebe531da3e2a4f20ad51ce0af0dbdfa0ba8d5f9e92550e7976,46223322,0x786d60a23337d6d10c1561a1e5dd92636ede21d9991699b23a49c6e0aa149a1c,10,1,65388,6000000,1000000,5442584158,1600,987589443,1101,56116405,659851,68,392328000000,397770584158
435,2026-09-01-paniere-completo,0xdb0bcb0a36d915eef9f1ac786d2ebc35dada193a68f3053757ddfde89da04c46,46223321,0xbc6f008bbd061046c9d89219af0b260ebcc530d57b4a8ba68cba4c148e11f7c0,23,1,65388,6000000,1000000,5442584158,1600,987589443,1101,56116405,659851,68,392328000000,397770584158
436,2026-09-01-paniere-completo,0xea6ebe6882c02cb745477fd6164d2ce7c095ce17c38da36934ed9ad921a68644,46223325,0xd3869ff24e242c43f4b09cc397fcd615e4e66ee1dd5fb26a187424e03dcc9b3a,29,1,60588,6000000,1000000,5442584158,1600,987589443,1101,56116405,659851,68,363528000000,368970584158
437,2026-09-01-paniere-completo,0xcb2d872b212a6e34937d3f38f5e54608c9e936550677bcb8b43b43cb757e399c,46223323,0x6352a465070a4d60a5d6ebc92bd9ff67767f6ff8b112d6d0cd5a083389342504,29,1,65388,6000000,1000000,5442584158,1600,987589443,1101,56116405,659851,68,392328000000,397770584158
438,2026-09-01-paniere-completo,0x73b9526a5b462b24be8054bb258643ca8d25e1b3f7d947a5acecfe69f69b41a3,46223322,0x786d60a23337d6d10c1561a1e5dd92636ede21d9991699b23a49c6e0aa149a1c,31,1,65388,6000000,1000000,5442584158,1600,987589443,1101,56116405,659851,68,392328000000,397770584158
439,2026-09-01-paniere-completo,0xfc77c257bddf4351351ace1dd4ec35ac3736b4ab81dc28573692461e217125a0,46223357,0x4f126c13986dde5689aae91a049aeb95a7219f2565cad500d35cea49c9563aaf,12,1,65376,6000000,1000000,5478664776,1600,1092773254,1101,53855119,659851,68,392256000000,397734664776
440,2026-09-01-paniere-completo,0x778fb13a1b8973010bf30dc55a8650ea7be91981061a3afc4226f8f9d72a8854,46223361,0x8229e389379fc413da3687b653914be85cc2dffa0a1f738a2968a4b3ee42eaf6,28,1,60588,6000000,1000000,5478664776,1600,1092773254,1101,53855119,659851,68,363528000000,369006664776
441,2026-09-01-paniere-completo,0x27b0c01e09aba2488fb728e6ab27042d34a93354c5c0adb22eca8b638617c8b6,46223358,0xa1b60f33040fc53929f503b57002ff6ea980dcf3557c0133f43731bd03fad9da,26,1,65388,6000000,1000000,5478664776,1600,1092773254,1101,53855119,659851,68,392328000000,397806664776
442,2026-09-01-paniere-completo,0xa488386bb8ef06e80718574ac7911a951294654edbbedda83a6e2d93f711c410,46223359,0x3dd7d87566b08a47755e03b2ca2892160de6de027bdb3f0f754349117e22f1b8,7,1,65388,6000000,1000000,5478664776,1600,1092773254,1101,53855119,659851,68,392328000000,397806664776
443,2026-09-01-paniere-completo,0x98c89aaad5e82fc7fcd87d9f99986eddd51df8aa4f2dc7e795b4f7712158d41b,46223359,0x3dd7d87566b08a47755e03b2ca2892160de6de027bdb3f0f754349117e22f1b8,19,1,65388,6000000,1000000,5478664776,1600,1092773254,1101,53855119,659851,68,392328000000,397806664776
444,2026-09-01-paniere-completo,0xba8c067ac459868e355641d5b3508582b953965503fb2b3fcd8dd985b2e8158a,46223360,0x0f35ba9ac8eaf5b851edf73f7706113391f2b6f72cf7f872052a0a0727ed8f72,7,1,65388,6000000,1000000,5478664776,1600,1092773254,1101,53855119,659851,68,392328000000,397806664776
445,2026-09-01-paniere-completo,0xea2d3c5417bfca3e58d9831f4ac13e433688ce3edf43db4d478b7bee0d1e75b2,46223361,0x8229e389379fc413da3687b653914be85cc2dffa0a1f738a2968a4b3ee42eaf6,10,1,65388,6000000,1000000,5478664776,1600,1092773254,1101,53855119,659851,68,392328000000,397806664776
446,2026-09-01-paniere-completo,0x032f654ec918d20a1a8daee78a196eebfcf560f88a89ed0f2e95b584421a6101,46223360,0x0f35ba9ac8eaf5b851edf73f7706113391f2b6f72cf7f872052a0a0727ed8f72,23,1,65376,6000000,1000000,5478664776,1600,1092773254,1101,53855119,659851,68,392256000000,397734664776
447,2026-09-01-paniere-completo,0x6471244555b72f69355f080ea3130c968314e7f24af87875e1151526502e38ca,46223401,0xcdd148691a46ddca999d89f353d73435315ca29e23be63d218e90c56b01c74a8,11,1,65376,6000000,1000000,5724050720,1600,1001026598,1101,60023282,659851,68,392256000000,397980050720
448,2026-09-01-paniere-completo,0x7261fc62d431f8b6aa6a030ab023ed161c922be8a808081b69e4b3f951ec66e2,46223401,0xcdd148691a46ddca999d89f353d73435315ca29e23be63d218e90c56b01c74a8,24,1,65388,6000000,1000000,5724050720,1600,1001026598,1101,60023282,659851,68,392328000000,398052050720
449,2026-09-01-paniere-completo,0x2c1c5ebf6541ec967a76b941521b0576c1e7448ba9ecb14413b364b79304903b,46223404,0x4e6338325b229eb5323c01a258ccad315df2d1aea8b1a95c39d6e1d282cb9237,8,1,60588,6000000,1000000,5654314558,1600,910428932,1101,61385115,659851,68,363528000000,369182314558
450,2026-09-01-paniere-completo,0x15e351da7735eb3a94cbccc97039c7a9b3dfeffda74fe05e1325dd65ef995165,46223403,0x71063257c6bacb3043c486e11b38532499533f5a4dde6db1974ce2f181c08eed,22,1,65388,6000000,1000000,5724050720,1600,1001026598,1101,60023282,659851,68,392328000000,398052050720
451,2026-09-01-paniere-completo,0xd6165c64cf565f10a68540799ed9145379559c01715f18f5fde5c216742c9c8b,46223402,0x71bfafb519ae395d50525ad7ee1d1736582c766beae2384f518a1ecaee82ee63,24,1,65388,6000000,1000000,5724050720,1600,1001026598,1101,60023282,659851,68,392328000000,398052050720
452,2026-09-01-paniere-completo,0x874a8bcfbe15b9ca1d5034e00b7903639486be024c9b5ca43f4052b880a2e4ce,46223400,0x8d8936afebd5d41e328d45e2514be8cb59ce5b668dc63f395ce6383e553daedf,9,1,65388,6000000,1000000,5724050720,1600,1001026598,1101,60023282,659851,68,392328000000,398052050720
453,2026-09-01-paniere-completo,0x9753a742230c9490bcdee6dd0edc3d48231ea3b537aef3ee103877fb1b646f85,46223402,0x71bfafb519ae395d50525ad7ee1d1736582c766beae2384f518a1ecaee82ee63,14,1,65388,6000000,1000000,5724050720,1600,1001026598,1101,60023282,659851,68,392328000000,398052050720
454,2026-09-01-paniere-completo,0x9ff1e90c6a888f19d9061308db6d70c38e5f18d97b89f4f49a020dc3d82fc801,46223400,0x8d8936afebd5d41e328d45e2514be8cb59ce5b668dc63f395ce6383e553daedf,29,1,65388,6000000,1000000,5724050720,1600,1001026598,1101,60023282,659851,68,392328000000,398052050720
455,2026-09-01-paniere-completo,0x15af2b96748245c1c74e11d4ee541ec28e77f33513babac1628fc6bb71eee3e9,46223435,0x4a373c179f83c2e95c2244f11f55284ddeb93c22fa04e5d287a3a2f68fb82856,4,1,65376,6000000,1000000,5653102389,1600,918322559,1101,61156009,659851,68,392256000000,397909102389
456,2026-09-01-paniere-completo,0x92761a2612c3bb92823671b14ad801574be3879016f5bd7e8ddb3f302730d785,46223436,0x0c8474746af51d065f848a14248305dd47b6b342caa90a0103a75933772bd18c,27,1,60588,6000000,1000000,5653102389,1600,918322559,1101,61156009,659851,68,363528000000,369181102389
457,2026-09-01-paniere-completo,0x4b2b8cee82f418bbe409743f22585435208c62b87535fd23fa9531fe60d802c1,46223434,0xb90fa76c94236e26cabfa10470ba87c695d6efc176778141bf5df19fbc1fdd77,11,1,65388,6000000,1000000,5653102389,1600,918322559,1101,61156009,659851,68,392328000000,397981102389
458,2026-09-01-paniere-completo,0x06359d90afcca5926920bc220eddd1edd616c3a398308c9938654f9b220ad441,46223433,0xfb3afeb82bc0d10c00356150344cef42ac05174bd09ad93960c999bdb31da25c,15,1,65388,6000000,1000000,5714824674,1600,1004180625,1101,59799259,659851,68,392328000000,398042824674
459,2026-09-01-paniere-completo,0x56dfe89d1aea6b69c5a9419b83c2bc527f7df2770a7a0104754c6f9dfa2bdc67,46223433,0xfb3afeb82bc0d10c00356150344cef42ac05174bd09ad93960c999bdb31da25c,24,1,65388,6000000,1000000,5714824674,1600,1004180625,1101,59799259,659851,68,392328000000,398042824674
460,2026-09-01-paniere-completo,0x1a5a83220942b68f1adadfc8494fa01e560b7331362ee1d5b7341ad414a9faab,46223432,0x9450dbce678a9fa84d526f6522afb43b9eadc4c963ec9b11632ca7df5ab83e27,27,1,65364,6000000,1000000,5714824674,1600,1004180625,1101,59799259,659851,68,392184000000,397898824674
461,2026-09-01-paniere-completo,0x227d01c3991458f3c616818720be8296ba0bc19993287c47154859912269073a,46223435,0x4a373c179f83c2e95c2244f11f55284ddeb93c22fa04e5d287a3a2f68fb82856,15,1,65388,6000000,1000000,5653102389,1600,918322559,1101,61156009,659851,68,392328000000,397981102389
462,2026-09-01-paniere-completo,0xac91c853d7039c3bd79b73a9651a33cb599f2cbe4504808e620045e0f77891df,46223436,0x0c8474746af51d065f848a14248305dd47b6b342caa90a0103a75933772bd18c,6,1,65388,6000000,1000000,5653102389,1600,918322559,1101,61156009,659851,68,392328000000,397981102389
463,2026-09-01-paniere-completo,0xefd498fd808ec76656fc0adbc8d40366ae9bddf5006be97b6826aa140e7d048c,46223478,0x4fbe89331d1c4939c44128789aefc204f1a01e4c7ae8af9965b8203243304a7b,23,1,65376,6000000,1000000,5651650116,1600,917498528,1101,61155999,659851,68,392256000000,397907650116
464,2026-09-01-paniere-completo,0x3c6c49beea37df65dc52cdaa8a83b784a3f6df5935256129ad0b44ab4443a057,46223482,0x97c606d69aba82e29c04569ac8dfcd99fafd7a55153866176eab3e79e107366d,7,1,60588,6000000,1000000,5633528047,1600,1032156262,1101,57820350,659851,68,363528000000,369161528047
465,2026-09-01-paniere-completo,0x4cf5ca425e2bd71597d6ae0ef117e59df8dcebf10de46b7bdb8ea2c43944545a,46223475,0x4a4083ec9facac9adb6b1495ebfcca1cbec22f21c1cbbb331493a17e00bee042,17,1,65388,6000000,1000000,5765302916,1600,1016022042,1101,60248124,659851,68,392328000000,398093302916
466,2026-09-01-paniere-completo,0x7e67d573834e646bbaa9ab5508a20732f4c4eb4842169f4a019844afaba89db2,46223477,0x3b42db0beb73e85fd23ab1f095cbd0c160fdbcc85087f870b353bc1e2776bb44,6,1,65388,6000000,1000000,5651650116,1600,917498528,1101,61155999,659851,68,392328000000,397979650116
467,2026-09-01-paniere-completo,0xb55740378d3f6cbcbb5826081a9bb1b8f970bc34c1c6dcdf5b5bb56d16ea5094,46223478,0x4fbe89331d1c4939c44128789aefc204f1a01e4c7ae8af9965b8203243304a7b,6,1,65364,6000000,1000000,5651650116,1600,917498528,1101,61155999,659851,68,392184000000,397835650116
468,2026-09-01-paniere-completo,0x3f91d8f2a9026558271a957f833d1a10079d49939f9f92f6bde32032cb750d11,46223481,0xdd6dd613b057a001b36becd8ae8f85e9a7a9d9132cce4975e80b643487bfcd4f,23,1,65388,6000000,1000000,5651650116,1600,917498528,1101,61155999,659851,68,392328000000,397979650116
469,2026-09-01-paniere-completo,0x2082946f525738bf9d3ddbc3f801e69f5d92e0d3ad1cb87636b13bcfdea26256,46223476,0xa2ad4fce441bcbe7337f4ae76d72a29c5867319c851a88b87ea38ab96726356c,21,1,65388,6000000,1000000,5651650116,1600,917498528,1101,61155999,659851,68,392328000000,397979650116
470,2026-09-01-paniere-completo,0x107862e8639748ba728fc6322bfb4a0efb890f3f45a184aaab1ccae9f7075137,46223476,0xa2ad4fce441bcbe7337f4ae76d72a29c5867319c851a88b87ea38ab96726356c,7,1,65388,6000000,1000000,5651650116,1600,917498528,1101,61155999,659851,68,392328000000,397979650116
471,2026-09-01-paniere-completo,0x3d9454e81155b9c3a58d6b7d0e90e8ef7015228642b0f417c1d8a49575c5cd68,46223515,0xc9a9a647ac2737ef428ff68bbc0e2f4317ba840d8fca39a10e2c84b0c90524a9,12,1,65376,6000000,1000000,5550453660,1600,1033046287,1101,56537602,659851,68,392256000000,397806453660
472,2026-09-01-paniere-completo,0x9111801d6201c834270e228b73129ed336dcc457401251a540470cc61f151d5b,46223512,0x5ee17695f082f19f47fad113737d6019cd6afe1aff9df9262c81069199287cbd,4,1,65388,6000000,1000000,5550453660,1600,1033046287,1101,56537602,659851,68,392328000000,397878453660
473,2026-09-01-paniere-completo,0xf720a65880bf5ebd5f6cc15763f615bc1b9fbdd65e1f8a83f917529773352622,46223515,0xc9a9a647ac2737ef428ff68bbc0e2f4317ba840d8fca39a10e2c84b0c90524a9,25,1,60588,6000000,1000000,5550453660,1600,1033046287,1101,56537602,659851,68,363528000000,369078453660
474,2026-09-01-paniere-completo,0xc7443bd2f51215b14379d37e19baae9c2a3719fa8efff0d38252f8811556c170,46223512,0x5ee17695f082f19f47fad113737d6019cd6afe1aff9df9262c81069199287cbd,15,1,65388,6000000,1000000,5550453660,1600,1033046287,1101,56537602,659851,68,392328000000,397878453660
475,2026-09-01-paniere-completo,0xd5c149b4b33e2bb7cb54b1b26ac50a06ad973e265064b5b9869cefdbdd7c1bdc,46223511,0x96028a883203db4372088bb466f3aa807b547fb692a1faf10295ca75314a5331,7,1,65388,6000000,1000000,5580383904,1600,1120118224,1101,54666639,659851,68,392328000000,397908383904
476,2026-09-01-paniere-completo,0x360ebd4215142f7b836dcea1c7cda1ef8b3ce1d14bc183449eab8bcc9c5e99be,46223513,0xac3799413cfba1d150d1808667af30ad24119e5d1e8c4f27045e17ef62785f2d,18,1,65388,6000000,1000000,5550453660,1600,1033046287,1101,56537602,659851,68,392328000000,397878453660
477,2026-09-01-paniere-completo,0x381cf938b396c45c788a22142748231f87d3a50b154669a82c6325a37e923fd4,46223513,0xac3799413cfba1d150d1808667af30ad24119e5d1e8c4f27045e17ef62785f2d,9,1,65388,6000000,1000000,5550453660,1600,1033046287,1101,56537602,659851,68,392328000000,397878453660
478,2026-09-01-paniere-completo,0x6e20cd634ae4aff4a743f726534fc2bec14b9b5837bba2022426cf3d23534992,46223511,0x96028a883203db4372088bb466f3aa807b547fb692a1faf10295ca75314a5331,24,1,65388,6000000,1000000,5580383904,1600,1120118224,1101,54666639,659851,68,392328000000,397908383904
479,2026-09-01-paniere-completo,0x2cac63fc6c95d37293ddfcaf7c5aa6ead0819b5df38d8c332a7e4e6c93686ba5,46223546,0x8f039f4b0aceba62fed6e9d2adc5634bef73e46db877a8a6966269fded6706af,3,1,65352,6000000,1000000,5804149583,1600,995486119,1101,61385089,659851,68,392112000000,397916149583
480,2026-09-01-paniere-completo,0xe642ca3634bb516dd45fda9e3fe1036fa3389667ad145065cf3d91a47b63f893,46223545,0x8932a507d87f80016eb8132d3f589e6200928112efe378df0c7941747491f406,31,1,65388,6000000,1000000,5804149583,1600,995486119,1101,61385089,659851,68,392328000000,398132149583
481,2026-09-01-paniere-completo,0xd6152535c142ca7a08f1d73d7fbb08dd181d105abe734168e39b89a08772410e,46223545,0x8932a507d87f80016eb8132d3f589e6200928112efe378df0c7941747491f406,13,1,65388,6000000,1000000,5804149583,1600,995486119,1101,61385089,659851,68,392328000000,398132149583
482,2026-09-01-paniere-completo,0x1eff3c98e815bd0d2daf8338dab44a756424105973a6df4c111870bf96dcbb71,46223549,0xcc0a060ab5c480cac3be2a8c9f24c9b0b7b81543f7f6eeb4dce4fa0b2114ebca,31,1,60588,6000000,1000000,6209088951,1600,1119836359,1101,64202149,659851,68,363528000000,369737088951
483,2026-09-01-paniere-completo,0x0612abe5c32d83b498bdf67db3cd0df315491902be99a7e0edf4a94963184635,46223548,0xe87e2c01e4c43e5dca6d775ecde7ca626e4d95036a5c24ab4cb14746233f481b,5,1,65388,6000000,1000000,6209088951,1600,1119836359,1101,64202149,659851,68,392328000000,398537088951
484,2026-09-01-paniere-completo,0x2699d192ab0dc053734801bf1d5496e428e88120b3a8a5db5c031b04ecc33b1b,46223547,0x11b40c249c9352ca6eb0f0dd31b4c27c215425fa6961f482fa454f7e46653b62,21,1,65388,6000000,1000000,5804149583,1600,995486119,1101,61385089,659851,68,392328000000,398132149583
485,2026-09-01-paniere-completo,0xde42289a7d852ee27594e59f26934afb67ed9fb512f4d1cf955b0d0d900118da,46223548,0xe87e2c01e4c43e5dca6d775ecde7ca626e4d95036a5c24ab4cb14746233f481b,24,1,65388,6000000,1000000,6209088951,1600,1119836359,1101,64202149,659851,68,392328000000,398537088951
486,2026-09-01-paniere-completo,0x8355c24c3a27ba3570462ba2e49598de1d19a322b6c918cf9bd0601a85d7718f,46223549,0xcc0a060ab5c480cac3be2a8c9f24c9b0b7b81543f7f6eeb4dce4fa0b2114ebca,15,1,65388,6000000,1000000,6209088951,1600,1119836359,1101,64202149,659851,68,392328000000,398537088951
487,2026-09-01-paniere-completo,0x638293dd30989b6e22debcffd33e7d9cf357ea42954e494aa9ffc9e9e328b52c,46223579,0x075262bf535fa32c106bd297477806ea060d271ab222d8fc1ebbdcf415e33c5b,19,1,65376,6000000,1000000,5871992561,1600,1118386103,1101,59132192,659851,68,392256000000,398127992561
488,2026-09-01-paniere-completo,0x42b1adce4b1d94766dbfd6f5d2763ff21d6e06540aa711e5f562442aa0a9a6ea,46223582,0x77f53c1a536e0bb01966d7d7a3d5ae045ae15eae14320f9ddd37f8b80cc94bb4,24,1,65376,6000000,1000000,5871992561,1600,1118386103,1101,59132192,659851,68,392256000000,398127992561
489,2026-09-01-paniere-completo,0xae67139c19df87db90f73d525b76f1074956698da3d5622bb29e58a9648a80e6,46223583,0xc2924187c737c50a0998443ee526f3e3a87db24e2ef39fac70cef83bb6e139d3,23,1,60588,6000000,1000000,5871992561,1600,1118386103,1101,59132192,659851,68,363528000000,369399992561
490,2026-09-01-paniere-completo,0x810212f7833ed807fbf269900cb16b97953eebbd7e07f0737748757450174a52,46223582,0x77f53c1a536e0bb01966d7d7a3d5ae045ae15eae14320f9ddd37f8b80cc94bb4,11,1,65388,6000000,1000000,5871992561,1600,1118386103,1101,59132192,659851,68,392328000000,398199992561
491,2026-09-01-paniere-completo,0x6eecb7ca4e57b88c7a84fa9f05b6116f1bda58bbafe770e28e670643a94cde41,46223580,0x0d08eaa62497c13fbddc5b6b9e2148ed9447eb2a69e9c1a0f38ce0abf09d29e8,13,1,65388,6000000,1000000,5871992561,1600,1118386103,1101,59132192,659851,68,392328000000,398199992561
492,2026-09-01-paniere-completo,0x52aae515ded8868b84ac1da84a7d83ef6e06e24a3b0c5ae8d72f4f169c16726a,46223581,0x02449bd0e96cd2ecd4b7dc0b8b27b936f92817e0d197964d589adf759ba1f59d,27,1,65388,6000000,1000000,5871992561,1600,1118386103,1101,59132192,659851,68,392328000000,398199992561
493,2026-09-01-paniere-completo,0x34ba24b19e9c1c6279a50fb3483fde269aa446737c31672adb419308fe67d9e1,46223581,0x02449bd0e96cd2ecd4b7dc0b8b27b936f92817e0d197964d589adf759ba1f59d,4,1,65388,6000000,1000000,5871992561,1600,1118386103,1101,59132192,659851,68,392328000000,398199992561
494,2026-09-01-paniere-completo,0x4888b32c2b6d9f089c7f3aca9c4af25ded86c7b51e30c12c63ee37e09cb60a9d,46223583,0xc2924187c737c50a0998443ee526f3e3a87db24e2ef39fac70cef83bb6e139d3,9,1,65376,6000000,1000000,5871992561,1600,1118386103,1101,59132192,659851,68,392256000000,398127992561
495,2026-09-01-paniere-completo,0x59e2d576e413cca55c8590a0df428bf7b3aedf6e281f1483e9a08c229d65d9a5,46223625,0xdb474ca15b16a32edf2c9285c5197ac135e8892987db0c09bf2b7d65f6fd2ab5,7,1,65376,6000000,1000000,5793631529,1600,1123041901,1101,57820340,659851,68,392256000000,398049631529
496,2026-09-01-paniere-completo,0x4a3d3eb4134a1e860a1405491f2fb2dd0e5d2a0cb3be661e787bd9f1c62c42d9,46223625,0xdb474ca15b16a32edf2c9285c5197ac135e8892987db0c09bf2b7d65f6fd2ab5,19,1,60588,6000000,1000000,5793631529,1600,1123041901,1101,57820340,659851,68,363528000000,369321631529
497,2026-09-01-paniere-completo,0xa64725c9bd869826dcedf06804c7581bbaa00a9a25e073a022391010933bab18,46223624,0x9dccbd503bd62cfd7cd770a89ca70e3d3ae3986e448e2c2f393f2c93896dd020,25,1,65388,6000000,1000000,5793631529,1600,1123041901,1101,57820340,659851,68,392328000000,398121631529
498,2026-09-01-paniere-completo,0xda9a4955d94dab7a23040b9a53507057431f5c34bfe0dea418b2a43ca7cf0f26,46223623,0x07dee64d1d6d8ba3371e0f219f828144075b49906ec8e600a0d4b551f0d9a51b,24,1,65388,6000000,1000000,5793631529,1600,1123041901,1101,57820340,659851,68,392328000000,398121631529
499,2026-09-01-paniere-completo,0x0b481081650e48f159c3bf958ab2b1b1b01b904d96e6fa3e129ebe65e91aa2eb,46223622,0xfc4ecba384e17b6874776efbb9001bbde091b183266dfc958fe4123c30ea480d,8,1,65388,6000000,1000000,5793631529,1600,1123041901,1101,57820340,659851,68,392328000000,398121631529
500,2026-09-01-paniere-completo,0x23d2ffce4fb4430c1182cda9d8da193f660dbff92060883cc6682946b48f9f8b,46223623,0x07dee64d1d6d8ba3371e0f219f828144075b49906ec8e600a0d4b551f0d9a51b,14,1,65388,6000000,1000000,5793631529,1600,1123041901,1101,57820340,659851,68,392328000000,398121631529
501,2026-09-01-paniere-completo,0xdd8aa32fb3c5bd1cfec72db1461d9acae3e42ed8d094abafc7779da4a5994c42,46223622,0xfc4ecba384e17b6874776efbb9001bbde091b183266dfc958fe4123c30ea480d,17,1,65388,6000000,1000000,5793631529,1600,1123041901,1101,57820340,659851,68,392328000000,398121631529
502,2026-09-01-paniere-completo,0xc8da66af7ed5d50de84a648f8413d0fdf1ef7e2998832106627476f94aac7d8a,46223624,0x9dccbd503bd62cfd7cd770a89ca70e3d3ae3986e448e2c2f393f2c93896dd020,9,1,65376,6000000,1000000,5793631529,1600,1123041901,1101,57820340,659851,68,392256000000,398049631529
503,2026-09-01-paniere-completo,0x375d609396510aa868ff1fbdc12a06a48ede8bf3c1373f349fd7b8fc528b3554,46223663,0x6bf466689a1e12fe5518fdb81e028591bb1f096e66c4f395ef1e8ea483e78a1e,26,1,65376,6000000,1000000,5750873381,1600,1007831676,1101,60248103,659851,68,392256000000,398006873381
504,2026-09-01-paniere-completo,0xf327d8488ab2f1edc49463f36cd2b09bf550ffdbe87b360d696e4f0565853093,46223663,0x6bf466689a1e12fe5518fdb81e028591bb1f096e66c4f395ef1e8ea483e78a1e,8,1,65388,6000000,1000000,5750873381,1600,1007831676,1101,60248103,659851,68,392328000000,398078873381
505,2026-09-01-paniere-completo,0x1e91c5c28a2acbe9a3fa1c2fc65203c2deafe7ab43374f25776734f37e148fff,46223664,0x0dcf4d30648aff42b036176bbbee4271ae664539c73b04f241ef73aecdc51b71,12,1,65388,6000000,1000000,5750873381,1600,1007831676,1101,60248103,659851,68,392328000000,398078873381
506,2026-09-01-paniere-completo,0xd9ad715d8582f70ec3f57183e22da26faef654fa37b10c6ff1a9a3e80d3c986e,46223662,0x583dc347b41e02adc2d5d3bd5279814f868bb1ab19d45e81bf6e9f01201ba9fe,13,1,65388,6000000,1000000,5878149734,1600,1105255479,1101,59576051,659851,68,392328000000,398206149734
507,2026-09-01-paniere-completo,0x30a4275edc4c3de285b6f66bddcc5794aeca2d82996d128f108afb6250c73655,46223662,0x583dc347b41e02adc2d5d3bd5279814f868bb1ab19d45e81bf6e9f01201ba9fe,25,1,65388,6000000,1000000,5878149734,1600,1105255479,1101,59576051,659851,68,392328000000,398206149734
508,2026-09-01-paniere-completo,0x452314347f51a9860c8a783f74a176a8a627c2b6f924af3e7a594e25d8232e76,46223666,0x286ef35da9dd5a53418fa06abb15188bdfc41cf39f928e6c62e8c9bf0f27cb07,22,1,60588,6000000,1000000,5750873381,1600,1007831676,1101,60248103,659851,68,363528000000,369278873381
509,2026-09-01-paniere-completo,0x5b12456dae608f5ee1f811f39ecb2f88b3fd4e5965e3d91d5a96ce60d2e2734c,46223665,0x791f35dfb733b12b0aabf7d2a7c2245ad026fa64d20331a64e32a35645cd5b84,14,1,65388,6000000,1000000,5750873381,1600,1007831676,1101,60248103,659851,68,392328000000,398078873381
510,2026-09-01-paniere-completo,0x602d9b79238af7f0df7460d0b7af3151db58e7358c71c423720d6292719801e2,46223666,0x286ef35da9dd5a53418fa06abb15188bdfc41cf39f928e6c62e8c9bf0f27cb07,6,1,65388,6000000,1000000,5750873381,1600,1007831676,1101,60248103,659851,68,392328000000,398078873381
511,2026-09-01-paniere-completo,0x793987a5d72ad488d65413034f0a08b15ebc15e36534c1d977e1895d6db32279,46223704,0xc03fe2711b2d1959ce5c496a36456e9d20f90c9e86622884826e30ae312cbe00,6,1,65364,6000000,1000000,5779401674,1600,1106851371,1101,58036925,659851,68,392184000000,397963401674
512,2026-09-01-paniere-completo,0x0c22ab6f79e836a7f658f906a7a681f1fa0bf5ada6ae7e43609395db3dfc84c5,46223706,0xaca10d4b8ad26563dff09620ba05c30b4ca48739d9e8fd384594037baedabee5,10,1,65376,6000000,1000000,5779401674,1600,1106851371,1101,58036925,659851,68,392256000000,398035401674
513,2026-09-01-paniere-completo,0x984b4011f67e2b33c11ae84733be383f651f0c739a52461644383f9591597e67,46223703,0x67139dd0c2123d5d541a442872a558fcb60132541018be655ed027374ee97c98,23,1,65388,6000000,1000000,5779401674,1600,1106851371,1101,58036925,659851,68,392328000000,398107401674
514,2026-09-01-paniere-completo,0xd5be47a0391f51223ec004506da123ca7349d95a3ae534b55f0135b0f6bdabc1,46223705,0x01893223c57bed3b9efd4c491d2926cc63e0b7f088a28f97b7167be986263dbf,29,1,65388,6000000,1000000,5779401674,1600,1106851371,1101,58036925,659851,68,392328000000,398107401674
515,2026-09-01-paniere-completo,0x5118dcdc207a4e9c338132c25be94e68d119a5729b97a3bf96c5f51bd92420e5,46223706,0xaca10d4b8ad26563dff09620ba05c30b4ca48739d9e8fd384594037baedabee5,20,1,65388,6000000,1000000,5779401674,1600,1106851371,1101,58036925,659851,68,392328000000,398107401674
516,2026-09-01-paniere-completo,0x2d039114d847f1f19ecb205e595c06a4971236baf7b3c911c10276b7bf844f9e,46223704,0xc03fe2711b2d1959ce5c496a36456e9d20f90c9e86622884826e30ae312cbe00,16,1,65388,6000000,1000000,5779401674,1600,1106851371,1101,58036925,659851,68,392328000000,398107401674
517,2026-09-01-paniere-completo,0x82ec9c05782d8d545bc61ae9e01168dfb17251290a25855007676afef81634e5,46223705,0x01893223c57bed3b9efd4c491d2926cc63e0b7f088a28f97b7167be986263dbf,6,1,65388,6000000,1000000,5779401674,1600,1106851371,1101,58036925,659851,68,392328000000,398107401674
518,2026-09-01-paniere-completo,0x604cd4bcca233d785798230a97c87f09691edd53bb86f5224c22b914a5ea77d5,46223707,0xde0fe9984d060ce253a0213da573477d40921f99e860dc9843c8bb845896cec0,7,1,60588,6000000,1000000,5779401674,1600,1106851371,1101,58036925,659851,68,363528000000,369307401674
519,2026-09-01-paniere-completo,0x7746eea7169d52960a27275e460d677344d640bf06f75927ab2ca8bfaa5be83a,46223745,0xf65bea97ac124baa11fbb3619d4bda87955abafaceed1b3509d316fc1098751e,39,1,65364,6000000,1000000,5416067247,1600,1011471880,1101,55076955,659851,68,392184000000,397600067247
520,2026-09-01-paniere-completo,0x79ac83bf5fd91a11f36ebc6b1eab1a6e17f0bb92c05994d76a63ec46f7a43674,46223745,0xf65bea97ac124baa11fbb3619d4bda87955abafaceed1b3509d316fc1098751e,15,1,65388,6000000,1000000,5416067247,1600,1011471880,1101,55076955,659851,68,392328000000,397744067247
521,2026-09-01-paniere-completo,0xfeb4677b4c75093f6bae3d8614a81c6b8ab7ef59e0d3d7084a7e4e6f1c1d7304,46223747,0xd8bb4749c64a4980840c63c463c7fcb079a9a8d96e7aa1571504da477ac7e68e,11,1,65388,6000000,1000000,5292975962,1600,918324839,1101,55698255,659851,68,392328000000,397620975962
522,2026-09-01-paniere-completo,0xcb40af6fca5e062a8e66a9e3dfb7c19c8e69aa7f0a79e2b029c6bc0b97ccb527,46223748,0x661cecd7b145f7f66c65697ac66db062ad4ae5feeb71fb4f83e567632273c27c,6,1,60588,6000000,1000000,5292975962,1600,918324839,1101,55698255,659851,68,363528000000,368820975962
523,2026-09-01-paniere-completo,0x2470e315d2e16cfb852827ad70b096295cfcbdad110f7bc692dcd4cf5a75bbbd,46223744,0x05d47c205d8b29024c8501d867f82fec24de1abbe9e0c579ce8e31801ce194fe,6,1,65388,6000000,1000000,5416067247,1600,1011471880,1101,55076955,659851,68,392328000000,397744067247
524,2026-09-01-paniere-completo,0x078dd1fe2c4b9fcbb32d67ff00645c1aaed1ffe0846d56660161ca6d1826ba34,46223746,0x13a37ad8929bfeafcc163e687cdeb2b238e3445694996f2df46b3087fe36f64d,17,1,65388,6000000,1000000,5416067247,1600,1011471880,1101,55076955,659851,68,392328000000,397744067247
525,2026-09-01-paniere-completo,0x214f462b832cd9b5fceb098b1f8530bed6b4b0d5f94761bfec82a33b7d02d6a7,46223746,0x13a37ad8929bfeafcc163e687cdeb2b238e3445694996f2df46b3087fe36f64d,36,1,65388,6000000,1000000,5416067247,1600,1011471880,1101,55076955,659851,68,392328000000,397744067247
526,2026-09-01-paniere-completo,0xe3478e6a5054f6a9817f22c88ac4ba929627d39e55094ddb730c4eb5f9fe1de1,46223747,0xd8bb4749c64a4980840c63c463c7fcb079a9a8d96e7aa1571504da477ac7e68e,33,1,65388,6000000,1000000,5292975962,1600,918324839,1101,55698255,659851,68,392328000000,397620975962
527,2026-09-01-paniere-completo,0xfa03c82ee489b240b7ad1cc20d75b3836afde5a96c75ab54504c73e73b8e063d,46223777,0x6695afe73ac5d673b5e9800b587735b38a1d6e401612bd397bf65161f872b9c6,32,1,65376,6000000,1000000,5790376187,1600,917849647,1101,63249010,659851,68,392256000000,398046376187
528,2026-09-01-paniere-completo,0x525ddf9b42535fc7351fddc60c8bf9d416f0926b95b189048b4eabdb980b58f6,46223780,0xac0d68df509b97c8d407b33daeb16b808432277ca60d31fba6f2698d9b5f1413,15,1,65376,6000000,1000000,5790376187,1600,917849647,1101,63249010,659851,68,392256000000,398046376187
529,2026-09-01-paniere-completo,0x4d9d276fe8f264b8bcf6e5719228d84b12be70b26bf75531b58933de141d740e,46223778,0x427bb1fb8b71813b9b2c4d20d8df77defa2426d2836c65c876d70f91a452ec13,32,1,65376,6000000,1000000,5790376187,1600,917849647,1101,63249010,659851,68,392256000000,398046376187
530,2026-09-01-paniere-completo,0x2954f5b5c063d88d65234b76921278ab35d0dcddd5dc13586a314467cbe08ec6,46223779,0xd280f7f1d054af4379952989942fe2688eb1115c270cb9fdf7126e91a1bf1f97,17,1,65388,6000000,1000000,5790376187,1600,917849647,1101,63249010,659851,68,392328000000,398118376187
531,2026-09-01-paniere-completo,0xe58c02b1b100170d37b9f1827f97afea6640d40d38617444e22514f4f80c1e66,46223780,0xac0d68df509b97c8d407b33daeb16b808432277ca60d31fba6f2698d9b5f1413,33,1,65388,6000000,1000000,5790376187,1600,917849647,1101,63249010,659851,68,392328000000,398118376187
532,2026-09-01-paniere-completo,0x08b712f1a626d2fa02bb5fc72c0f23c3153b35dab8255ffb0d44167ada1c1346,46223779,0xd280f7f1d054af4379952989942fe2688eb1115c270cb9fdf7126e91a1bf1f97,32,1,65388,6000000,1000000,5790376187,1600,917849647,1101,63249010,659851,68,392328000000,398118376187
533,2026-09-01-paniere-completo,0x20065bb12abb525e3cc7e488daa216a62457626e0e0268eb65eb5ffbfa75cd4f,46223781,0x57934f6d28ad06b82b40dd1edc9cfa5a59f12bbffd7dafb91d5e111177a81b92,6,1,60588,6000000,1000000,5466737214,1600,1032507520,1101,55283268,659851,68,363528000000,368994737214
534,2026-09-01-paniere-completo,0x7962e76217e1553adf14f8d5d8f10cce481c954efa49d38be227f5be7c8df1e2,46223778,0x427bb1fb8b71813b9b2c4d20d8df77defa2426d2836c65c876d70f91a452ec13,18,1,65388,6000000,1000000,5790376187,1600,917849647,1101,63249010,659851,68,392328000000,398118376187
535,2026-09-01-paniere-completo,0xc0366a71cd188bccdb5e5b47ed7285c3b89a7b376f378293bbf2afc155b369cd,46223814,0xfa0de46933cb3659e3ab2570e5fb5e91946972c519b198b6a9d3ec54e346da9f,11,1,65376,6000000,1000000,5468698519,1600,1064362316,1101,54462566,659851,68,392256000000,397724698519
536,2026-09-01-paniere-completo,0x3bfd8cff0d1dcf24b6ed61bc988e3eb21350f416f7c7c8042e8f84f38a82bf90,46223810,0x94fb5d20ff346ac6a64a0fcf511750f6d81d1fb73b4c69ec7077ba1c170eaa29,39,1,65388,6000000,1000000,5732407022,1600,946148399,1101,61615001,659851,68,392328000000,398060407022
537,2026-09-01-paniere-completo,0x76817a6122aaab712aeae7ea64a9ce485dd92be82cf805c1f9e63cfb9a660d22,46223812,0x44ac9ddd582432d27098f2dfb7af26226dd9537803d7fa93d43b48c333dedd25,10,1,65388,6000000,1000000,5732407022,1600,946148399,1101,61615001,659851,68,392328000000,398060407022
538,2026-09-01-paniere-completo,0x4c86d5d90ed0e42e3a0e69ece72f02e3413f6c0c5c3b977572c03a6f6c29be49,46223809,0x41858c6451f8458f5efefc34a38b0404a8ce9b053517ad37afeeb47d801c1ed2,32,1,65388,6000000,1000000,5732407022,1600,946148399,1101,61615001,659851,68,392328000000,398060407022
539,2026-09-01-paniere-completo,0x21d0bbdc5e82584471eec06b58a0439f646a5144746d913379ef06f3d5a2fa6f,46223814,0xfa0de46933cb3659e3ab2570e5fb5e91946972c519b198b6a9d3ec54e346da9f,27,1,60588,6000000,1000000,5468698519,1600,1064362316,1101,54462566,659851,68,363528000000,368996698519
540,2026-09-01-paniere-completo,0x1ba57d5a92e6a771a5a3700398d5b5eb32bb6bd64c9bf2d3b607fc888b6da195,46223810,0x94fb5d20ff346ac6a64a0fcf511750f6d81d1fb73b4c69ec7077ba1c170eaa29,9,1,65388,6000000,1000000,5732407022,1600,946148399,1101,61615001,659851,68,392328000000,398060407022
541,2026-09-01-paniere-completo,0x919162c22b9b07e052c4fd975211f1f71e8e566813ad4f7dba88057d462b6080,46223812,0x44ac9ddd582432d27098f2dfb7af26226dd9537803d7fa93d43b48c333dedd25,27,1,65388,6000000,1000000,5732407022,1600,946148399,1101,61615001,659851,68,392328000000,398060407022
542,2026-09-01-paniere-completo,0xb20e753751a4d8e538493c774f0655a5fa3d931bcba32aca24cf792cce0b7420,46223811,0x403d38c5f16dca25df910503263ac64a257ad2cc5471ebc0c2d9397528ecf554,17,1,65376,6000000,1000000,5732407022,1600,946148399,1101,61615001,659851,68,392256000000,397988407022
543,2026-09-01-paniere-completo,0x41b62b0fba02ba5194b9319c632ccd5fd0d1be005393d759f52711a156d4f890,46223848,0x81882f1523e3c0cbc3e69a0d77e2d6c7d97e664f505f23df29d8316ac9d10a3c,32,1,60576,6000000,1000000,5925340282,1600,1089932326,1101,60700302,659851,68,363456000000,369381340282
544,2026-09-01-paniere-completo,0xc74f1ada348d5da3a0a3a0af7b958a2760e219ff83c6060f94da07c1a8e4b75d,46223847,0xbbcf7b264b1d4a944b3895813e370b57e42cca68b5ee20051f2735089d042eb1,24,1,65388,6000000,1000000,5925340282,1600,1089932326,1101,60700302,659851,68,392328000000,398253340282
545,2026-09-01-paniere-completo,0x9e8f88a75de3b6b0253bab296686ab5c856b2ad37ef59e16c79592762f9c99c5,46223844,0xbef1e54493f2bb2cd7103c02c1712b50e39cadd2c8fe54b472c7558eae5a5522,10,1,65388,6000000,1000000,5925340282,1600,1089932326,1101,60700302,659851,68,392328000000,398253340282
546,2026-09-01-paniere-completo,0x327a5ca54d5d59c31b1ce1c8d72dbce3a1a1d49c7bae06e9a3a24ee1f6226ce2,46223847,0xbbcf7b264b1d4a944b3895813e370b57e42cca68b5ee20051f2735089d042eb1,7,1,65388,6000000,1000000,5925340282,1600,1089932326,1101,60700302,659851,68,392328000000,398253340282
547,2026-09-01-paniere-completo,0x9ee6feb8a118d7d779527dc04cc2e99dfa70fca4bec773b6c9aa75b73ee54fde,46223845,0x5c0a0e218bf96882f439e51891de38028bc094c8ad6739aab813a58c7b068e7b,30,1,65388,6000000,1000000,5925340282,1600,1089932326,1101,60700302,659851,68,392328000000,398253340282
548,2026-09-01-paniere-completo,0x78592df8e08c0c26470c2e63010be56102c93ee62d7597f7e8b8c79f1e8752b8,46223843,0x6c9f707ec6e591a0737a17d01010b4cdcb90879e03849c7ecc5734e86850415f,32,1,65388,6023359,1000000,5925340282,1600,1089932326,1101,60700302,659851,68,393855398292,399780738574
549,2026-09-01-paniere-completo,0x1237411c39b6a2b3f15e3bd7eb470ce3cd1a8a3d7d373aedcc421cdb3c3d9a11,46223848,0x81882f1523e3c0cbc3e69a0d77e2d6c7d97e664f505f23df29d8316ac9d10a3c,7,1,65388,6000000,1000000,5925340282,1600,1089932326,1101,60700302,659851,68,392328000000,398253340282
550,2026-09-01-paniere-completo,0x1f77d864aea13f39834fe62e27c0059c139ebacb2ea1545244c524612973fec2,46223845,0x5c0a0e218bf96882f439e51891de38028bc094c8ad6739aab813a58c7b068e7b,17,1,65388,6000000,1000000,5925340282,1600,1089932326,1101,60700302,659851,68,392328000000,398253340282
551,2026-09-01-paniere-completo,0x1991831deddc2d274ad2c4773c8a64aebf6953575440807a62f9ff5ca1e3207b,46223878,0x29dc6d5f7412d892774ba2508c64439ca6059d4d958ec0891b5521b247011c15,9,1,65376,6000000,1000000,5763724296,1600,1114149786,1101,57604490,659851,68,392256000000,398019724296
552,2026-09-01-paniere-completo,0x5827de82d42e8a404426c9224556c3c8bbd5ec847726eb58779e353dd8d79250,46223880,0x0c1fb768b113006ee731cfb670949c06ee6cce4e90c16883cf85a98374dd0085,33,1,65388,6000000,1000000,5763724296,1600,1114149786,1101,57604490,659851,68,392328000000,398091724296
553,2026-09-01-paniere-completo,0x936eca41d28841b7e0641b4e6884c5f48fccf94b8c9c097fbfa1a9a219239f48,46223881,0xb948a1791f4a1ae4991a8547fc9599a7996ae9b0ec63cd1d186caba4d758a5a9,24,1,60588,6000000,1000000,5763724296,1600,1114149786,1101,57604490,659851,68,363528000000,369291724296
554,2026-09-01-paniere-completo,0x6f0b62ebc9436bb321ff503ae6941fc5bbeb7f7682969a5549aff6d49c5f7b95,46223881,0xb948a1791f4a1ae4991a8547fc9599a7996ae9b0ec63cd1d186caba4d758a5a9,8,1,65376,6000000,1000000,5763724296,1600,1114149786,1101,57604490,659851,68,392256000000,398019724296
555,2026-09-01-paniere-completo,0x692e560e7b442d3161ee73b54e6dd57c8a83458191228bf5c25c534e071582fc,46223879,0x78ddb3613146f5582d9f32fcf7908da5f8981f56f1cf1a1fd5ed3e7d17b4c6b1,33,1,65388,6000000,1000000,5763724296,1600,1114149786,1101,57604490,659851,68,392328000000,398091724296
556,2026-09-01-paniere-completo,0x1b93eac9049c821fedb8dbe4833b74c70ce21bc6173096db6f270e6e089a09de,46223880,0x0c1fb768b113006ee731cfb670949c06ee6cce4e90c16883cf85a98374dd0085,15,1,65388,6000000,1000000,5763724296,1600,1114149786,1101,57604490,659851,68,392328000000,398091724296
557,2026-09-01-paniere-completo,0x204bf6eb05abb97c12e2eec4a5f1a1f679e44aab081451e170cd439abcce26dc,46223879,0x78ddb3613146f5582d9f32fcf7908da5f8981f56f1cf1a1fd5ed3e7d17b4c6b1,16,1,65388,6000000,1000000,5763724296,1600,1114149786,1101,57604490,659851,68,392328000000,398091724296
558,2026-09-01-paniere-completo,0x10047246c3b86c734834ae5003e7f7ad5f0d4938b2e9b2de4a5f81cb63063bcf,46223878,0x29dc6d5f7412d892774ba2508c64439ca6059d4d958ec0891b5521b247011c15,30,1,65388,6000000,1000000,5763724296,1600,1114149786,1101,57604490,659851,68,392328000000,398091724296
559,2026-09-01-paniere-completo,0x6d19f4f98dbd9e761af791b90a91411a414a15861f516963f2cc547792b9d19d,46223911,0x0367829cb61be42699f137c133fbf1150ae1b30cd1f9365b4a263e11a29207a0,14,1,65376,6000000,1000000,5766051962,1600,1115471310,1101,57604485,659851,68,392256000000,398022051962
560,2026-09-01-paniere-completo,0x233d4be195490fff0c185b2ead3677726b955fc815268d5f9a166515bd9c03a4,46223913,0x8198a4311bdd1a41f045664aaa6c6797e9898cee2323ecbe01c5c01236a0ed9d,10,1,65388,6000000,1000000,5657318069,1600,1013027298,1101,58691571,659851,68,392328000000,397985318069
561,2026-09-01-paniere-completo,0x19d87e1515c86b4a3200375c39c4196d8072e494641ae13049309067ccc9dfda,46223912,0x6447194b722ed390e85ab8688a5c6f5e5bf3cd76bd7537900da48ae6b9d369ed,23,1,65388,6000000,1000000,5766051962,1600,1115471310,1101,57604485,659851,68,392328000000,398094051962
562,2026-09-01-paniere-completo,0x5866d17505e271e9256ca03080fb227322ce8e391930804406ad7d716e73b10a,46223913,0x8198a4311bdd1a41f045664aaa6c6797e9898cee2323ecbe01c5c01236a0ed9d,26,1,65388,6000000,1000000,5657318069,1600,1013027298,1101,58691571,659851,68,392328000000,397985318069
563,2026-09-01-paniere-completo,0x8c04b2d7f490d6d296724a0932e3814e82c597218a1d61090e1956e7a1d45ea5,46223912,0x6447194b722ed390e85ab8688a5c6f5e5bf3cd76bd7537900da48ae6b9d369ed,12,1,65388,6000000,1000000,5766051962,1600,1115471310,1101,57604485,659851,68,392328000000,398094051962
564,2026-09-01-paniere-completo,0x030939ce4d561e4448c8c55d3c3a67a7c645923c975ce41823188865feaf25ea,46223911,0x0367829cb61be42699f137c133fbf1150ae1b30cd1f9365b4a263e11a29207a0,34,1,65388,6000000,1000000,5766051962,1600,1115471310,1101,57604485,659851,68,392328000000,398094051962
565,2026-09-01-paniere-completo,0x44fded7604635f513f5049b3a9f9a7e8315f3cbf3aa697d3240cfc9c592148ab,46223914,0x84502f463dd13e785771b6a2148f358f83d6107dac754a41005527fde389885d,9,1,60588,6000000,1000000,5657318069,1600,1013027298,1101,58691571,659851,68,363528000000,369185318069
566,2026-09-01-paniere-completo,0x70ec06451f3324487427f140c01d57a13a002f110ffa006b75e4713714d436b4,46223910,0xcbd0f373983ef713c2911f1a0a2df9b1d3ec263650286487c72db9d110b6234a,25,1,65388,6000000,1000000,5766051962,1600,1115471310,1101,57604485,659851,68,392328000000,398094051962
567,2026-09-01-paniere-completo,0xe556a2a04cce88549761a967eb83db20d93f770efeda179f40e65d9b15f47556,46223953,0xb819f3b05cf7a458ee4ebf9cf85f06d2e5f4af943e002b6c0cf92320b6293b7a,7,1,65376,6000000,1000000,5634833356,1600,1008468670,1101,58472518,659851,68,392256000000,397890833356
568,2026-09-01-paniere-completo,0x9eb5bd1fb07f5b7dcdaf1ba9262cd01d167daeb3dbdbeab9d0da58295a742fc8,46223955,0x7313c7965b45254df08711411839f8bd2e122d2b29e4f31e1111abb3e774a49c,23,1,60588,6000000,1000000,5582872070,1600,920888171,1101,60023179,659851,68,363528000000,369110872070
569,2026-09-01-paniere-completo,0x242debbfdcf11e9942d093c3f218bccf96e05e4bf1f60d1289bcbb494e778d3a,46223952,0xbfc72bd9c78b1f71d2df285ae172c2cb04a53b89ca3668cbe168d14805b0f41d,26,1,65388,6000000,1000000,5634833356,1600,1008468670,1101,58472518,659851,68,392328000000,397962833356
570,2026-09-01-paniere-completo,0xb02b5ba5b56619e6ec0c7d0358f48481442498cc864df8fbd735f4a78c70bcb3,46223951,0xaac3f0564f16ce4bd913d9dee556a316aaa91b0a7601f848c1d2223f725beb49,18,1,65388,6000000,1000000,5634833356,1600,1008468670,1101,58472518,659851,68,392328000000,397962833356
571,2026-09-01-paniere-completo,0x2042e6066a29bf3611c081cd805d97770c878d17ac4dea7a65ff93cdda95d8aa,46223955,0x7313c7965b45254df08711411839f8bd2e122d2b29e4f31e1111abb3e774a49c,2,1,65388,6000000,1000000,5582872070,1600,920888171,1101,60023179,659851,68,392328000000,397910872070
572,2026-09-01-paniere-completo,0x79c672fec6a0af1841594371fe01cab01d4811c1967255e4e65161695a49efbc,46223952,0xbfc72bd9c78b1f71d2df285ae172c2cb04a53b89ca3668cbe168d14805b0f41d,7,1,65388,6000000,1000000,5634833356,1600,1008468670,1101,58472518,659851,68,392328000000,397962833356
573,2026-09-01-paniere-completo,0xe91e4ba004a16d298c43893637564b71568ac200f1e95f9460fa204f029cf2e1,46223951,0xaac3f0564f16ce4bd913d9dee556a316aaa91b0a7601f848c1d2223f725beb49,33,1,65388,6000000,1000000,5634833356,1600,1008468670,1101,58472518,659851,68,392328000000,397962833356
574,2026-09-01-paniere-completo,0xf5c6f96606ba6dc45ae1ca306d96573de79b6d0a3e91f0d14a19c86289503ca8,46223953,0xb819f3b05cf7a458ee4ebf9cf85f06d2e5f4af943e002b6c0cf92320b6293b7a,22,1,65388,6000000,1000000,5634833356,1600,1008468670,1101,58472518,659851,68,392328000000,397962833356
575,2026-09-01-finalita-1,0xd3845a516754ee05e5692479c1df3b473e89923ba1ee6db43bc6d9828b8b5b69,46224174,0xd32db4e3779f481c9a28b56b8eb4e2e0280f4b01b207193374ae5ccd38ec7997,23,1,65388,6000000,1000000,5545611235,1600,982253880,1101,57820217,659851,68,392328000000,397873611235
576,2026-09-01-finalita-1,0xbfcec35c623b31ef01e6cf94a4f515f337a2ca7e496fbe38a81bd2f74f139443,46224170,0xcf1e75226404372e9eab63203ab3f7eca574b5890901f2cd0bdf89fc49f48b00,9,1,65388,6000000,1000000,5591001904,1600,1048135586,1101,56749270,659851,68,392328000000,397919001904
577,2026-09-01-finalita-1,0xd435e5ff5013e6cee282609a2e333ca35d3d4b063340118b311cdaa1367b838c,46224171,0x9020edefb499f7a5129c4c1c21ba15ae50e4f96c758ac4c2425fabc4d57c76c9,8,1,65388,6000000,1000000,5591001904,1600,1048135586,1101,56749270,659851,68,392328000000,397919001904
578,2026-09-01-finalita-1,0x556831778c393e392fd2a23330f6f48e14b57fec8c38739464736be7b1d37156,46224175,0x971f8936fc660b1fe8cc77af7287b843afa372c20578a1212d6a2e137f412cf7,8,1,65388,6000000,1000000,5545611235,1600,982253880,1101,57820217,659851,68,392328000000,397873611235
579,2026-09-01-finalita-1,0xc9da1aa8a53f012172e2c0fb2c8f13b4b7be19977644b1bd3e059323deb59965,46224176,0xafbf34608d87aef10a98088bcb04ca596ade4f981538967a80ba6d43db413fca,11,1,65388,6000000,1000000,5545611235,1600,982253880,1101,57820217,659851,68,392328000000,397873611235
580,2026-09-01-finalita-1,0x63a40ce2b97545795772691dfba21fe740fae0633650476b89fb5a15b803fe37,46224173,0x4209eca88bb1c169aca3169161c5c7130ad753fda6b57b4fe9a4790fdb72095b,25,1,65388,6000000,1000000,5545611235,1600,982253880,1101,57820217,659851,68,392328000000,397873611235
581,2026-09-01-finalita-1,0x6bc49b740afb6d349e4558d92d153ecd7c7c2e95579fbc13795a6f7e5d3000d8,46224174,0xd32db4e3779f481c9a28b56b8eb4e2e0280f4b01b207193374ae5ccd38ec7997,6,1,65388,6000000,1000000,5545611235,1600,982253880,1101,57820217,659851,68,392328000000,397873611235
582,2026-09-01-finalita-1,0xc8a07ddb102c300a78643bd2521a877d0c9449dbc652671fa55c23aa2b085720,46224177,0x8e31e644fbe0250fb2e1e6d1305a3e3ec95c6d11aa164b8b65f6e588d012f56f,10,1,60588,6000000,1000000,5545611235,1600,982253880,1101,57820217,659851,68,363528000000,369073611235
583,2026-09-01-finalita-1,0xa96c9660845a2c32f24ea913836710479b5ef2ad051a42446af2a82a8e4f51c4,46224169,0x28b5a0fde684e7a6ede2ce591654b71529a9c7e456a05f694c151ba7f3207351,18,1,65388,6000000,1000000,5591001904,1600,1048135586,1101,56749270,659851,68,392328000000,397919001904
584,2026-09-01-finalita-1,0x8ba5555010f975a5cce387678aa9c583de95febcb585aff15338ca6fea13589f,46224171,0x9020edefb499f7a5129c4c1c21ba15ae50e4f96c758ac4c2425fabc4d57c76c9,18,1,65388,6000000,1000000,5591001904,1600,1048135586,1101,56749270,659851,68,392328000000,397919001904
585,2026-09-01-finalita-1,0xda7bc751519de730dcf4719a01045f012857a1063e7e19a448389753bfca3656,46224173,0x4209eca88bb1c169aca3169161c5c7130ad753fda6b57b4fe9a4790fdb72095b,10,1,65388,6000000,1000000,5545611235,1600,982253880,1101,57820217,659851,68,392328000000,397873611235
586,2026-09-01-finalita-1,0xdee231d8a327533932f89390217ffb97d17071432a0fcdbdf1e9de12cad7c926,46224170,0xcf1e75226404372e9eab63203ab3f7eca574b5890901f2cd0bdf89fc49f48b00,26,1,65388,6000000,1000000,5591001904,1600,1048135586,1101,56749270,659851,68,392328000000,397919001904
587,2026-09-01-finalita-1,0xea196c046b0bf6e5eb0204def628e882f43af045de23552754f75f321a1ac5d3,46224176,0xafbf34608d87aef10a98088bcb04ca596ade4f981538967a80ba6d43db413fca,36,1,65388,6000000,1000000,5545611235,1600,982253880,1101,57820217,659851,68,392328000000,397873611235
588,2026-09-01-finalita-1,0xef981806cca60fb0de14e49fe5a595fbb2fd5805b670b627b1519e6cb31532ad,46224172,0x3a3c1bd33808ae8ab284585ae37aa63342a97a57c9f126d64433e8c61ecf0879,24,1,65388,6000000,1000000,5545611235,1600,982253880,1101,57820217,659851,68,392328000000,397873611235
589,2026-09-01-finalita-1,0x47d098af64f386ced9c34ef6f7d36afacde555c2a0785c439745d39a640efa37,46224172,0x3a3c1bd33808ae8ab284585ae37aa63342a97a57c9f126d64433e8c61ecf0879,9,1,65388,6000000,1000000,5545611235,1600,982253880,1101,57820217,659851,68,392328000000,397873611235
590,2026-09-01-finalita-3,0xd9a04f22229e9e92d6666f1077a96a0e022afa192282a44bc4b45d46c3fbec43,46224206,0x72797b8c157b544ef17d95c92622b90a72b2b5fb0d56aacced718380837e62b1,6,1,65388,6000000,1000000,5744695581,1600,1070835978,1101,58472457,659851,68,392328000000,398072695581
591,2026-09-01-finalita-3,0x584ee6a6c79691ff2996cc38fa94283b17cc3434c6e6b36b1d690507617ec378,46224214,0x42f7599f1f6c4e7419bc1e21b03132cf0f2e1c7d0c8c3d18a54cbe4ecbe92d4d,25,1,60588,6000000,1000000,5656380702,1600,928739096,1101,60927602,659851,68,363528000000,369184380702
592,2026-09-01-finalita-3,0xceb166e59e28a4077d87b01de02a3f36ecf86ace2b7bdcc27c231f0ff4e8af2d,46224207,0x2916a5ef8d4396f79b8977fc9ea2ded3946b9660a7f252aa3fc338974ce719f1,22,1,65388,6000000,1000000,5744695581,1600,1070835978,1101,58472457,659851,68,392328000000,398072695581
593,2026-09-01-finalita-3,0x2943b75e6e4df71dce8f6fa63d8d7a0b3c9f925de443ac85b049df8e9332403a,46224211,0xb5e0ad385a3b4ac75cca8b8fe112d4d13abb3ef8534fd9bf538c9ed6864ac849,27,1,65388,6000000,1000000,5693388270,1600,1008706113,1101,59353575,659851,68,392328000000,398021388270
594,2026-09-01-finalita-3,0xae628abc09230688411415f546f247876634314a77f94f8eec42e33066bfd0bb,46224210,0x3ec7a23e04bf69f951aaf95ca52420d10045d2a835a5a5cccbea03817a548f4f,6,1,65388,6000000,1000000,5693388270,1600,1008706113,1101,59353575,659851,68,392328000000,398021388270
595,2026-09-01-finalita-3,0x7fd47a2cf5b0d76313bf12a1dcb63e4e6c871504c087954735d14f034bbb2158,46224209,0x093760de263b29259608c301dcccc6613a9071825266f1ac98c1007c3fcecdd3,3,1,65388,6000000,1000000,5693388270,1600,1008706113,1101,59353575,659851,68,392328000000,398021388270
596,2026-09-01-finalita-3,0xb4a1a87cf934133551efa2247266c964f040a85cd8bee0cfc04c052a21efa8f9,46224214,0x42f7599f1f6c4e7419bc1e21b03132cf0f2e1c7d0c8c3d18a54cbe4ecbe92d4d,2,1,65388,6000000,1000000,5656380702,1600,928739096,1101,60927602,659851,68,392328000000,397984380702
597,2026-09-01-finalita-3,0x55cd0e2d27d1bf2348d3ba4058c8de2fee9e4e66d148e93c7b12b5ad98395d03,46224205,0xe527bdc429b38c46b86ea718ad46a06f17b7c9ad4e9492afc44d9382226a11f3,27,1,65388,6000000,1000000,5744695581,1600,1070835978,1101,58472457,659851,68,392328000000,398072695581
598,2026-09-01-finalita-3,0x2eca04775ae42949142114fd61b588be78619c03b1d911bd59d48ee248003f64,46224207,0x2916a5ef8d4396f79b8977fc9ea2ded3946b9660a7f252aa3fc338974ce719f1,11,1,65388,6000000,1000000,5744695581,1600,1070835978,1101,58472457,659851,68,392328000000,398072695581
599,2026-09-01-finalita-3,0x0048b91756d3e5efc653ec9f82fd37e222722f7c404b31abdaa14dffe15d55cc,46224206,0x72797b8c157b544ef17d95c92622b90a72b2b5fb0d56aacced718380837e62b1,14,1,65388,6000000,1000000,5744695581,1600,1070835978,1101,58472457,659851,68,392328000000,398072695581
600,2026-09-01-finalita-3,0xc1788c0c5f5b5880c0a47f2541fea2d2081cc71012e6f9a9a4aaf19705bb376b,46224208,0xa04fe045266fa08b7da37839ae36a8c8af399ed95bfe108c6382b8af27f068b0,8,1,65388,6000000,1000000,5693388270,1600,1008706113,1101,59353575,659851,68,392328000000,398021388270
601,2026-09-01-finalita-3,0x80fcc421c6d220a40661c658ca1c29101b18998c31613b09bf3cf3957f46e29f,46224208,0xa04fe045266fa08b7da37839ae36a8c8af399ed95bfe108c6382b8af27f068b0,21,1,65388,6000000,1000000,5693388270,1600,1008706113,1101,59353575,659851,68,392328000000,398021388270
602,2026-09-01-finalita-3,0x09228ffc28e7c87779d6e70497648f92a01af2038e6c2ff97260fa8d1c36ce1b,46224211,0xb5e0ad385a3b4ac75cca8b8fe112d4d13abb3ef8534fd9bf538c9ed6864ac849,7,1,65388,6000000,1000000,5693388270,1600,1008706113,1101,59353575,659851,68,392328000000,398021388270
603,2026-09-01-finalita-3,0xa6fb81d8b19ac81d9aeab4f861d222afa0895155fd68da94b2bda35f1ea6deec,46224212,0x6cfbdf65404f98d714422f9672d59d7d48bf468d1da5a601ffed4962491cd45b,12,1,65388,6000000,1000000,5693388270,1600,1008706113,1101,59353575,659851,68,392328000000,398021388270
604,2026-09-01-finalita-3,0x365bb011b2446b637610e65237735828d9b1d6b16fd83a34e28478a40272c8ff,46224210,0x3ec7a23e04bf69f951aaf95ca52420d10045d2a835a5a5cccbea03817a548f4f,24,1,65388,6000000,1000000,5693388270,1600,1008706113,1101,59353575,659851,68,392328000000,398021388270
605,2026-09-01-finalita-6,0x54099f9295df100a07f53f752a3d56168b16c9a9e8034879556869afa255489d,46224249,0x9ffeb5ab021a3034ce7b47ad3d93ceccb5870ef71ba4c900af2d4cc14c2774c8,30,1,65376,6000000,1000000,5538614336,1600,929144169,1101,59132046,659851,68,392256000000,397794614336
606,2026-09-01-finalita-6,0xa14ce31537efc9f0fd5a1568e49861489f11a9792506dd2153658b99ede703b6,46224251,0xb23e8e318e8d9391b692f3bdd8e6d8c2424f7c1178e923be38cdad526a6cf029,8,1,65376,6000000,1000000,5448522087,1600,1045270217,1101,54666494,659851,68,392256000000,397704522087
607,2026-09-01-finalita-6,0xd8ed9383992acf7f0f7a009b84d214bfc554516b3d113240e00f31999f65ace5,46224254,0x6ea0e9e3e919d7c9cd6adff9d69a422a193917b235dfcf5bae0cb63ed27b2822,9,1,60576,6000000,1000000,5448522087,1600,1045270217,1101,54666494,659851,68,363456000000,368904522087
608,2026-09-01-finalita-6,0x585c981e24c6fe37d6a3ba4cb5fc98d10b03029246adeeac77a4e58633d92470,46224248,0x0b51e8e38243e657e1e466b3e39c043093897aabb1cde32d66edbefd12044bd0,6,1,65388,6000000,1000000,5538614336,1600,929144169,1101,59132046,659851,68,392328000000,397866614336
609,2026-09-01-finalita-6,0x77e2becf887f3a16322e72e873d1889df6a4636e6e6967aa2ecda6e6f1d4ad8d,46224249,0x9ffeb5ab021a3034ce7b47ad3d93ceccb5870ef71ba4c900af2d4cc14c2774c8,15,1,65388,6000000,1000000,5538614336,1600,929144169,1101,59132046,659851,68,392328000000,397866614336
610,2026-09-01-finalita-6,0x040da18a172b17d174e73dc33d4815ba0a47cdcaed9153c620e6929289044287,46224248,0x0b51e8e38243e657e1e466b3e39c043093897aabb1cde32d66edbefd12044bd0,20,1,65388,6000000,1000000,5538614336,1600,929144169,1101,59132046,659851,68,392328000000,397866614336
611,2026-09-01-finalita-6,0x9d3f37310e1705885241aa4e4aef2207a638611c92dc8740c823a4d7bd2161cc,46224247,0x5101d3a493362b1a745385c00114ab19bbd3448e8dd1f26b55689725592ca51e,16,1,65388,6000000,1000000,5538614336,1600,929144169,1101,59132046,659851,68,392328000000,397866614336
612,2026-09-01-finalita-6,0xc3b3029276caa15d3f623d53cccbf64560d82fed95af6929275b6bc4e2fae3f4,46224253,0x237ed7d5abeeb598ac60e65e017da37b0400ee4554f587c72ee5951cad61c0ac,14,1,65376,6000000,1000000,5448522087,1600,1045270217,1101,54666494,659851,68,392256000000,397704522087
613,2026-09-01-finalita-6,0x1159a606baea5307b532f3999f02d2285d43b6f00dd5b2f082fdbd9c0a4acd9f,46224251,0xb23e8e318e8d9391b692f3bdd8e6d8c2424f7c1178e923be38cdad526a6cf029,21,1,65388,6000000,1000000,5448522087,1600,1045270217,1101,54666494,659851,68,392328000000,397776522087
614,2026-09-01-finalita-6,0x60c481dbf5a0054d4ec9b8db2a0cd05d587690a9eeec623677807ea5990164e2,46224252,0x84dbefa300e35655a51e8beea73220551a37bfeb7a2651d6e7e9c6d75f01728a,21,1,65388,6000000,1000000,5448522087,1600,1045270217,1101,54666494,659851,68,392328000000,397776522087
615,2026-09-01-finalita-6,0x34be34a2ffa8db34f5d72296da633b7827523bab965dca0ff9ea297be1344980,46224246,0x651098f53790ebf9d79ab7697b101573183b172147f305bc244c75be38c230b3,23,1,65388,6000000,1000000,5538614336,1600,929144169,1101,59132046,659851,68,392328000000,397866614336
616,2026-09-01-finalita-6,0x9ace644d33a8b493171d67b962e944becaf041aad56cb7e3500c54f8a7644e16,46224247,0x5101d3a493362b1a745385c00114ab19bbd3448e8dd1f26b55689725592ca51e,6,1,65388,6000000,1000000,5538614336,1600,929144169,1101,59132046,659851,68,392328000000,397866614336
617,2026-09-01-finalita-6,0x3aa70f983df6f51041a854fc6013954e8c028d4906be0f6cd1225145828c223f,46224250,0xfe43cdb6a47981b98c97748019aff5755d7c42e9060e8e1f1002fcfcbd0ef4ec,5,1,65388,6000000,1000000,5448522087,1600,1045270217,1101,54666494,659851,68,392328000000,397776522087
618,2026-09-01-finalita-6,0xc6b400eb6621c3c68acd5347ea36286b7593c2d9040d5c0e2ce964181c7c82b1,46224253,0x237ed7d5abeeb598ac60e65e017da37b0400ee4554f587c72ee5951cad61c0ac,20,1,65388,6000000,1000000,5448522087,1600,1045270217,1101,54666494,659851,68,392328000000,397776522087
619,2026-09-01-finalita-6,0x8b21b1d92d6a632ad67727954676935c0511ecac507c8cafc568efc48c06fb3a,46224252,0x84dbefa300e35655a51e8beea73220551a37bfeb7a2651d6e7e9c6d75f01728a,6,1,65388,6000000,1000000,5448522087,1600,1045270217,1101,54666494,659851,68,392328000000,397776522087
620,2026-09-01-finalita-24,0xb1669ef4cc7f3d13b27618e3d12302aebabf7b0ef6d4c75f3034a99c4b4441fe,46224300,0x00435f4c5b382f7891e44412323952340d0f57b7619725bd5a0e410359d420ef,7,1,65388,6000000,1000000,5562313272,1600,1023888145,1101,56961828,659851,68,392328000000,397890313272
621,2026-09-01-finalita-24,0xc62c916e4d134ab517a56f520f459be9e7fc746ced6daa8069559551daf7f2ed,46224300,0x00435f4c5b382f7891e44412323952340d0f57b7619725bd5a0e410359d420ef,17,1,65376,6000000,1000000,5562313272,1600,1023888145,1101,56961828,659851,68,392256000000,397818313272
622,2026-09-01-finalita-24,0xe4e6cd3ac9c4a6dbc7c93fbcf33a8ba330d8db49f9f3ff12b035d9ea2d5be9b8,46224298,0x21df26e9a9a070f924a3af89d498c5e983d0d52a5307a66ec773be65f2ca7f6a,25,1,65388,6000000,1000000,5562313272,1600,1023888145,1101,56961828,659851,68,392328000000,397890313272
623,2026-09-01-finalita-24,0xb6ce0e79c212b75cc0389aa1aabc7b4fdf55251b20e7821569017cfc91931d5c,46224297,0x476291f11b1a5a787f5282d094118f0bc43634ed68b7a12669926a364673c6b7,7,1,65388,6000000,1000000,5645954178,1600,1095168520,1101,56326433,659851,68,392328000000,397973954178
624,2026-09-01-finalita-24,0xd12b6a8d21284837b23ebad9b18f3e93dd1c8e9583782edd19375f5680a2d59e,46224301,0x9364f83ad120a5005668129c9145381d54e2a29053d5193f1adaba054258689e,16,1,65388,6000000,1000000,5562313272,1600,1023888145,1101,56961828,659851,68,392328000000,397890313272
625,2026-09-01-finalita-24,0x45d12884dc6c3eccd23c1898ffe4ec6c70529feaa97eb1769ce9008edeec16c2,46224296,0x7215fc703c7f7cf57ed5ca62227aa37b60c1044c92dc778ccad355fa5bafba4c,10,1,65388,6000000,1000000,5645954178,1600,1095168520,1101,56326433,659851,68,392328000000,397973954178
626,2026-09-01-finalita-24,0x5c3f259cc57da7c8552f9fee6e5ee181c2ca6ad00e9fa1205eb6820508d1b908,46224295,0xd784b7295889708177bd5e67d6973fa1dab12b4e01a5a6d8908d537273ea6dce,7,1,65388,6000000,1000000,5645954178,1600,1095168520,1101,56326433,659851,68,392328000000,397973954178
627,2026-09-01-finalita-24,0xfed69e438f98374354c671b613d130d5f07bd21980500e84bfdfab9f5a4d6254,46224295,0xd784b7295889708177bd5e67d6973fa1dab12b4e01a5a6d8908d537273ea6dce,25,1,65388,6000000,1000000,5645954178,1600,1095168520,1101,56326433,659851,68,392328000000,397973954178
628,2026-09-01-finalita-24,0x46e596c0f084bd1f95cbecb1c73f6b1d9580423f8db982c93eac89d7e57ed372,46224294,0x94bfbf951e1369eea5274017e976fff48bbbb4bf43a8a3aef0f3273a74627b6e,13,1,65388,6000000,1000000,5645954178,1600,1095168520,1101,56326433,659851,68,392328000000,397973954178
629,2026-09-01-finalita-24,0xaf89a20284502c7c64c1db064ce721349bcfd825550f1ffbe6d7df0d04fa9c5e,46224302,0x33aafdc02f1d4a2d11fe58ff4aaa44fca509dd14b3fa86250c531b905882a4c8,5,1,60588,6000000,1000000,5562313272,1600,1023888145,1101,56961828,659851,68,363528000000,369090313272
630,2026-09-01-finalita-24,0xa281e0def42afa2c5b9ebaa6524de4fcb2e7e1b6771d1de3f910079ea9c13112,46224299,0xcf39cc325c0d4419f8e5418cd59201075a105e6b457a2331ce363a3a8bb67418,10,1,65388,6000000,1000000,5562313272,1600,1023888145,1101,56961828,659851,68,392328000000,397890313272
631,2026-09-01-finalita-24,0xd656f5fa35fcc6e14b6134e25feadf2706a07bfca223223fb64196e37ac6b021,46224301,0x9364f83ad120a5005668129c9145381d54e2a29053d5193f1adaba054258689e,37,1,65388,6000000,1000000,5562313272,1600,1023888145,1101,56961828,659851,68,392328000000,397890313272
632,2026-09-01-finalita-24,0xc3d7968268a8e21faebb3c52091ae6d2d356021529aaf713729437babb5699d0,46224299,0xcf39cc325c0d4419f8e5418cd59201075a105e6b457a2331ce363a3a8bb67418,20,1,65376,6000000,1000000,5562313272,1600,1023888145,1101,56961828,659851,68,392256000000,397818313272
633,2026-09-01-finalita-24,0xe12f310b9aa38b16233585f5099df4b46276b894594b87b2d75644b31f803a1b,46224294,0x94bfbf951e1369eea5274017e976fff48bbbb4bf43a8a3aef0f3273a74627b6e,23,1,65388,6000000,1000000,5645954178,1600,1095168520,1101,56326433,659851,68,392328000000,397973954178
634,2026-09-01-finalita-24,0x3eb477ed55aa9d952e0e5a82c07c472d265fd73fafa7eb6a4ba21f4cc0b84fa3,46224298,0x21df26e9a9a070f924a3af89d498c5e983d0d52a5307a66ec773be65f2ca7f6a,8,1,65388,6000000,1000000,5562313272,1600,1023888145,1101,56961828,659851,68,392328000000,397890313272
635,2026-09-01-finalita-safe,0xea0a6dddf5292255cafec8fcac5bad63bb41967aeb292ee221ec3aa46b25fcdf,46225320,0x2e6290b153f65d1bcc769a33b9cadf027956cd0d433e7127e717dda60b6f81d7,24,1,65388,6000000,1000000,5672050246,1600,929093704,1101,61155606,659851,68,392328000000,398000050246
636,2026-09-01-finalita-safe,0x4af1231ca896aa455edd6f119a9c35f758d5d74e7ee30b9e842bf036d306a1b1,46225316,0x72495b9de6fd945cb7c9f9a5a8222232480f61a6c3844931463105034ea7fdc3,15,1,65388,6000000,1000000,5789607846,1600,1021379686,1101,60473431,659851,68,392328000000,398117607846
637,2026-09-01-finalita-safe,0x2bf88b9f46e728f6066341437d2f3d191e541a9d48c315c15edd8b713eee6c00,46225317,0xc3fc00f8dae13d488d9263fd895aac101fea3f27ecd5e207d1f5e87c9e904a6d,29,1,65388,6000000,1000000,5789607846,1600,1021379686,1101,60473431,659851,68,392328000000,398117607846
638,2026-09-01-finalita-safe,0x4a1ee069e2111f0be0ce9b1dfc8b2983bca15d1f961487eb4b8f60df90310999,46225322,0x4349ebab6289aa9dd8efa4813c1edff57ee21544ac50e8f8cd8a6504bc1a3ae7,21,1,65388,6000000,1000000,5672050246,1600,929093704,1101,61155606,659851,68,392328000000,398000050246
639,2026-09-01-finalita-safe,0xf75c30d84b07f1b7610d99b85b07698cea2fa5883ca987ec369d1b3c1b9b87d7,46225317,0xc3fc00f8dae13d488d9263fd895aac101fea3f27ecd5e207d1f5e87c9e904a6d,7,1,65388,6000000,1000000,5789607846,1600,1021379686,1101,60473431,659851,68,392328000000,398117607846
640,2026-09-01-finalita-safe,0x05140057dac77c00d130dd3479cc67e2f614708085ea6de7c0bb83d7a4ecad33,46225320,0x2e6290b153f65d1bcc769a33b9cadf027956cd0d433e7127e717dda60b6f81d7,37,1,65388,6000000,1000000,5672050246,1600,929093704,1101,61155606,659851,68,392328000000,398000050246
641,2026-09-01-finalita-safe,0x6229e5b95ff93f3945c9476ae81af1b6821fcad41262c3dae0115f8e40b8ff92,46225315,0xfe8529b0aa3b1626e1d385872ba2d1ed46ac21e60e1f896aa2995fddfe967ea2,6,1,65376,6000000,1000000,5789607846,1600,1021379686,1101,60473431,659851,68,392256000000,398045607846
642,2026-09-01-finalita-safe,0xf9c6ffca0bf282676ae06d1a242bff9c83669236ca547292885f82698cd0991e,46225318,0xb437ccf45eb9576fdc2c190b5be3c661f357b6757bb1a99b1de4e4181cc413e2,24,1,65388,6000000,1000000,5672050246,1600,929093704,1101,61155606,659851,68,392328000000,398000050246
643,2026-09-01-finalita-safe,0x114a9a89a59a5774d1be7ef0d2790cb1fb8d351740d06f3efc76a48da1388e52,46225316,0x72495b9de6fd945cb7c9f9a5a8222232480f61a6c3844931463105034ea7fdc3,27,1,65388,6000000,1000000,5789607846,1600,1021379686,1101,60473431,659851,68,392328000000,398117607846
644,2026-09-01-finalita-safe,0xd0d954cec13998db3b982799d80640ff8ac920146c79fdb0c76a3cc8dfca5275,46225322,0x4349ebab6289aa9dd8efa4813c1edff57ee21544ac50e8f8cd8a6504bc1a3ae7,11,1,65388,6000000,1000000,5672050246,1600,929093704,1101,61155606,659851,68,392328000000,398000050246
645,2026-09-01-finalita-safe,0xc0320301da1eb2ce003e96e31085382d36465edc2e66f881c6d0a3f3c484fd4b,46225321,0x898b79d5a77e5ad8868c9e374fa4ece95c97033a3d16ecca942bd61950a57ae7,23,1,65388,6000000,1000000,5672050246,1600,929093704,1101,61155606,659851,68,392328000000,398000050246
646,2026-09-01-finalita-safe,0x43bbabfbe0d75c99f2da290229c1378f39463015dbc56690bda07ca07da02319,46225323,0xe6539287f8876be05dbd38fd399c2c1fecf871176c8185e6fbfa3481c19d9ca9,24,1,60588,6000000,1000000,5672050246,1600,929093704,1101,61155606,659851,68,363528000000,369200050246
647,2026-09-01-finalita-safe,0xed1c0888404e80871427a7afbac16de72967bc7777dbba16f976182dbb936037,46225320,0x2e6290b153f65d1bcc769a33b9cadf027956cd0d433e7127e717dda60b6f81d7,14,1,65388,6000000,1000000,5672050246,1600,929093704,1101,61155606,659851,68,392328000000,398000050246
648,2026-09-01-finalita-safe,0x59e610a45a81285a345c8008aa97ca3cde7acaffabc98093932334366d270789,46225314,0x389cc2e1af74a766d2a625dcac5e4f9db0da9d26f65acdaffacbc9dc5db9d750,19,1,65388,6000000,1000000,5789607846,1600,1021379686,1101,60473431,659851,68,392328000000,398117607846
649,2026-09-01-finalita-safe,0x6febb9c090c7ffb1f5a9350ecf3a6cb4bae3d2bbc94a0ca4e097909f714d46c4,46225323,0xe6539287f8876be05dbd38fd399c2c1fecf871176c8185e6fbfa3481c19d9ca9,5,1,65388,6000000,1000000,5672050246,1600,929093704,1101,61155606,659851,68,392328000000,398000050246
650,2026-09-01-finalita-finalized,0xd92b0e8c72fb211093a917e7435e12842cb0ce1f2f871e6f0c1c3c8b8f3bec21,46225430,0x39a12fb966ff3d7b9c3229fb791834a1e24ccf7ee385ad2184b9e20e2130e915,14,1,65388,6000000,1000000,5221959899,1600,947065181,1101,53854732,659851,68,392328000000,397549959899
651,2026-09-01-finalita-finalized,0x66c542b4712f52ed767a4084dc5d648ad96deccab2990f1cd258f1b3d46eb2f5,46225428,0x7d4d62dfa22852f195f4ea40fa88b9b9fc87234bbbd90fe124a8dff69eae1057,23,1,65388,6000000,1000000,5221959899,1600,947065181,1101,53854732,659851,68,392328000000,397549959899
652,2026-09-01-finalita-finalized,0xcad064df060c4973aefc3f1a48b0a43453ec2e62ff4368c6858d3ae22926d9ff,46225434,0xd641811cfa2499be01b5e31c7a28bb75bae3488a2045b7f8b0ea13e6a69ea433,34,1,65388,6000000,1000000,5483991731,1600,1065413697,1101,54666265,659851,68,392328000000,397811991731
653,2026-09-01-finalita-finalized,0xa147aa4d68327affbab2ea88926e17c7fc322162be8e94e8abfcec483574227f,46225434,0xd641811cfa2499be01b5e31c7a28bb75bae3488a2045b7f8b0ea13e6a69ea433,8,1,65376,6000000,1000000,5483991731,1600,1065413697,1101,54666265,659851,68,392256000000,397739991731
654,2026-09-01-finalita-finalized,0x0f47940219f865be96c19c1c9bf012f7bfdb51712867cefdb4dd0a5449ee293c,46225436,0x3494954e9de8e33658f7e55e03113efcf447b7c95297c9cee964dd42f68aa2d9,3,1,60588,6000000,1000000,5483991731,1600,1065413697,1101,54666265,659851,68,363528000000,369011991731
655,2026-09-01-finalita-finalized,0x2083963adcb9f83042b607adc8d0040c8899580d009cdea831ca2c481d624bcd,46225431,0xe75ac8ccac7b6feeac21658bfab32c767ac678ae87b70ea4dcbb2c1aeb06e467,19,1,65388,6000000,1000000,5221959899,1600,947065181,1101,53854732,659851,68,392328000000,397549959899
656,2026-09-01-finalita-finalized,0xa0af6b9ad4cce1639de0ac6dc0721624745222d7705390214b7140140530414f,46225433,0x372b0b6d5c38ab1a2afd950b5ea0a6491319b4df36269d0279e70fe9547faa49,27,1,65388,6000000,1000000,5483991731,1600,1065413697,1101,54666265,659851,68,392328000000,397811991731
657,2026-09-01-finalita-finalized,0x99dee59c8238ce56c4c48a79521c01ae1d09cfb129b2a995dce491ecd17deac5,46225429,0xaefe99c1dac136698a84459bbf91b8b47466136f5952c70838903272c0cf9c62,29,1,65388,6000000,1000000,5221959899,1600,947065181,1101,53854732,659851,68,392328000000,397549959899
658,2026-09-01-finalita-finalized,0x0f73b8e6bdc16f925e11842645c7e3513fb32ed6dbdc10e8104dc6a3d6b0e335,46225432,0xf08a0f240ad2471209a8309fe6d491ad5aa73e69b82aa6d992ace07fa7a790a0,33,1,65388,6000000,1000000,5483991731,1600,1065413697,1101,54666265,659851,68,392328000000,397811991731
659,2026-09-01-finalita-finalized,0xfdb9ee55feab1bec12764949c7c3f6e1a511952920aac8f4baf8c33c81d7f474,46225435,0xc8676f6ec84a19ca2765c79eb234cbfd0433bad066fe780d19a51f23e187778d,14,1,65388,6000000,1000000,5483991731,1600,1065413697,1101,54666265,659851,68,392328000000,397811991731
660,2026-09-01-finalita-finalized,0x7586fca6c813a6aa3d66db87d8db31b3b9b0329a955c818d016e2d72e691bc34,46225433,0x372b0b6d5c38ab1a2afd950b5ea0a6491319b4df36269d0279e70fe9547faa49,11,1,65388,6000000,1000000,5483991731,1600,1065413697,1101,54666265,659851,68,392328000000,397811991731
661,2026-09-01-finalita-finalized,0x637b0b72d6dbc98975f73cbcc88d23e5abe29271114890bba5f0beec3ecfc3d5,46225435,0xc8676f6ec84a19ca2765c79eb234cbfd0433bad066fe780d19a51f23e187778d,27,1,65388,6000000,1000000,5483991731,1600,1065413697,1101,54666265,659851,68,392328000000,397811991731
662,2026-09-01-finalita-finalized,0x088f7d6c7dea3c6df2d8490a2c4334f966661f7616687cfa2a1034bb469190ef,46225432,0xf08a0f240ad2471209a8309fe6d491ad5aa73e69b82aa6d992ace07fa7a790a0,5,1,65388,6000000,1000000,5483991731,1600,1065413697,1101,54666265,659851,68,392328000000,397811991731
663,2026-09-01-finalita-finalized,0x4c28483f31f8c11ba7384feea51693ff68bb2d79d55c3aa641bd3a447f240f33,46225431,0xe75ac8ccac7b6feeac21658bfab32c767ac678ae87b70ea4dcbb2c1aeb06e467,30,1,65388,6000000,1000000,5221959899,1600,947065181,1101,53854732,659851,68,392328000000,397549959899
664,2026-09-01-finalita-finalized,0x41de6d51cb4d6f524157f169934b33e310a0683a92d8f3714a65bad006a14ebe,46225430,0x39a12fb966ff3d7b9c3229fb791834a1e24ccf7ee385ad2184b9e20e2130e915,31,1,65388,6000000,1000000,5221959899,1600,947065181,1101,53854732,659851,68,392328000000,397549959899
665,2026-09-01-safe-v2,0xb552ca868b5ce29c891316c16e452bb10285f6cf1fe7bbdf044342b23200aa40,46226189,0x7b22bfb2bdc4aaaf336c9d13d3229b8c5d3de216c8e25441e47ee495b5f82654,22,1,65376,6000000,1000000,5487546454,1600,965443596,1101,57389032,659851,68,392256000000,397743546454
666,2026-09-01-safe-v2,0xcdf1291b4cc391a8500c460283ad72db43d901c7134782660f6060e63b37451a,46226187,0x207f2fa484a8953fbb56907528683daa6f7ee3a45b410331458373edddb6378f,9,1,65376,6000000,1000000,5563450741,1600,1040443875,1101,56537079,659851,68,392256000000,397819450741
667,2026-09-01-safe-v2,0x92be7fe5c4cd7800d56ca2e1d40038616bbbf9fcb1640fcc53fcc3ed129d01fb,46226188,0xb8133ef71be851904e663aab897f746e9a2413699e74f24ce12995a3b8dfe569,40,1,65388,6000000,1000000,5487546454,1600,965443596,1101,57389032,659851,68,392328000000,397815546454
668,2026-09-01-safe-v2,0x0bf2b14fbbcb18dec6af5b45fa0fa57e400874f791a77916d9b2944991670d36,46226183,0xe665a28c64a0c57ec58c03dca4d0595c99de03ae539f5937b31b7bad53589db4,7,1,65388,6000000,1000000,5563450741,1600,1040443875,1101,56537079,659851,68,392328000000,397891450741
669,2026-09-01-safe-v2,0x258a7fb53572ee15caadd7dc556b2a34c05de24f53d27a68c3ca8e075a8a1b04,46226183,0xe665a28c64a0c57ec58c03dca4d0595c99de03ae539f5937b31b7bad53589db4,21,1,65388,6000000,1000000,5563450741,1600,1040443875,1101,56537079,659851,68,392328000000,397891450741
670,2026-09-01-safe-v2,0xa2562fba502924e4694660ae9ae8dcf5f50271e8ea876e450219fea63738baec,46226190,0x719d76d92694818a42bd506f68909984a58aa8088d0d6e4a0a299317ec70f533,22,1,65388,6000000,1000000,5487546454,1600,965443596,1101,57389032,659851,68,392328000000,397815546454
671,2026-09-01-safe-v2,0xbf18e4146dd6ee2b52fa4417da75e455f598a9775f1860a259df3d2b68d90a55,46226191,0xe70372c35c420731c13c6a5d928e572455ecacb7e529e1e1fce7f8e0a1e68684,9,1,60588,6000000,1000000,5487546454,1600,965443596,1101,57389032,659851,68,363528000000,369015546454
672,2026-09-01-safe-v2,0x2904f3d94a3b5e483e28234b95549940cec7c3457a9e03fda2b38416e9a4b295,46226186,0xf63916d98be890b21469219c55f545d4b526586503c221775bd9c4e737bb172a,14,1,65388,6000000,1000000,5563450741,1600,1040443875,1101,56537079,659851,68,392328000000,397891450741
673,2026-09-01-safe-v2,0x7f0eb0d78566bf500b310bf8635e73ac28c2d32fa715b91cba3fa649ca5c9171,46226187,0x207f2fa484a8953fbb56907528683daa6f7ee3a45b410331458373edddb6378f,24,1,65388,6000000,1000000,5563450741,1600,1040443875,1101,56537079,659851,68,392328000000,397891450741
674,2026-09-01-safe-v2,0x45c283d31653562096361efea7169d9f4f0a57b9d673152abf62e4013ed4816f,46226182,0x56ea82d21c641e25261909971a5fd49459543276bad85f9da411bb2aac7cb861,26,1,65388,6000000,1000000,5563450741,1600,1040443875,1101,56537079,659851,68,392328000000,397891450741
675,2026-09-01-safe-v2,0x1477b1c5036b6cf3d58ca2a7e6d6387c323cea13f6710513921e300a3bb6ebd6,46226190,0x719d76d92694818a42bd506f68909984a58aa8088d0d6e4a0a299317ec70f533,6,1,65388,6000000,1000000,5487546454,1600,965443596,1101,57389032,659851,68,392328000000,397815546454
676,2026-09-01-safe-v2,0x765b191e4f7c61969d35b5826350154c78c563034c9c4f606cdef8f64140717d,46226189,0x7b22bfb2bdc4aaaf336c9d13d3229b8c5d3de216c8e25441e47ee495b5f82654,10,1,65388,6000000,1000000,5487546454,1600,965443596,1101,57389032,659851,68,392328000000,397815546454
677,2026-09-01-safe-v2,0x6c7bc9e05dad3b70e900efbe75b8c0e1bd40524c9c871736aa426215c61aa2f4,46226181,0x5aa5301693a18841b593f61917816c7bc93938b8c13268a16c8a07917143a1d5,31,1,65388,6000000,1000000,5531134770,1600,924912884,1101,59131656,659851,68,392328000000,397859134770
678,2026-09-01-safe-v2,0xce4cfad3fec3c2c5a1279c1fa9f774970013503844e2ece7be55378ea4d5c431,46226181,0x5aa5301693a18841b593f61917816c7bc93938b8c13268a16c8a07917143a1d5,8,1,65388,6000000,1000000,5531134770,1600,924912884,1101,59131656,659851,68,392328000000,397859134770
679,2026-09-01-safe-v2,0x36830344def818d5cd9ee5bd1bb9cd36bdcf51f6bff44b280c003d12be5d9d43,46226188,0xb8133ef71be851904e663aab897f746e9a2413699e74f24ce12995a3b8dfe569,7,1,65388,6000000,1000000,5487546454,1600,965443596,1101,57389032,659851,68,392328000000,397815546454
680,2026-09-01-finalized-v2,0x3de4a5fce67d76fbaeb557d4e65d7e0e651c0adadb6c70820a2c409e8e2d37dd,46226278,0x79eb9923082e879e9c1ff07ac8e8c2d41ebcc1c638356895051a2f682276b4a3,22,1,65388,6000000,1000000,5705314149,1600,956532970,1101,60927174,659851,68,392328000000,398033314149
681,2026-09-01-finalized-v2,0x5a7d917121b32e0e55fc6667841061a32baab23dd8ac188b82b2ad3ef41ef10d,46226271,0xf8ef19f1e742075d8d843266d0ebcfd7382d77b53c4c395c796b649a88e0a4b0,22,1,65388,6000000,1000000,5880583326,1600,1114985956,1101,59353158,659851,68,392328000000,398208583326
682,2026-09-01-finalized-v2,0xd615a77cfecf330c74742b72f646089bdce6163ed6a2f2fb6eb1e2bc90ca018f,46226276,0x24ae1075d49b918286ff818ee5298c504c0f15ed63e81f3f6b9c9763c4491be5,35,1,65388,6000000,1000000,5786095840,1600,1027847086,1101,60247547,659851,68,392328000000,398114095840
683,2026-09-01-finalized-v2,0xe25139991aeb53523f9365fb967c20296d09da5aa78ed2edc837a910ddae3759,46226275,0xb736e26bdeb555f6011ab202a89338454ba631c88821530a2f428b02d8cc24b5,5,1,65388,6000000,1000000,5786095840,1600,1027847086,1101,60247547,659851,68,392328000000,398114095840
684,2026-09-01-finalized-v2,0xfe2da51a3d231c802757496665ccf45caeca3ffdeef3af7ceb406f1c3f8ffe5a,46226274,0x1b0feb714f152f30e94b3e6bb26a57fe2fb0cbd02900515569a91d88aa2dd08b,34,1,65388,6000000,1000000,5786095840,1600,1027847086,1101,60247547,659851,68,392328000000,398114095840
685,2026-09-01-finalized-v2,0x3125661d0eb047d0f75a47ef5ddbfdc888f14a3c62f5a34b95ab1595fd20db31,46226275,0xb736e26bdeb555f6011ab202a89338454ba631c88821530a2f428b02d8cc24b5,25,1,65388,6000000,1000000,5786095840,1600,1027847086,1101,60247547,659851,68,392328000000,398114095840
686,2026-09-01-finalized-v2,0x38a15e217aaa58141a602a016f45c8323a1055ec52adc8ffae04f9b064056c53,46226277,0x8b08ad2d995f6e53a356338fb4f89bbffc3db279b305ddc1ba49e495337d7b1b,25,1,65388,6000000,1000000,5786095840,1600,1027847086,1101,60247547,659851,68,392328000000,398114095840
687,2026-09-01-finalized-v2,0x2891aec018b02bb77652d12cc1c0d4ed186f3c58ddbf19344459798186906c45,46226273,0x72b470f6f50b379e61e3b601a433e84fdf3dc79dcf13d713e8d9f3d7aec04eec,9,1,65388,6000000,1000000,5786095840,1600,1027847086,1101,60247547,659851,68,392328000000,398114095840
688,2026-09-01-finalized-v2,0x23d1cbff29cfce2931654fc0e058484dbd4b8f4562e73c412693efdce3332bf7,46226279,0x39e675dc04f9c386d37c3550a4827af91fb3b49d2bcd58e2155ae96fb0f5a47a,7,1,65388,6000000,1000000,5705314149,1600,956532970,1101,60927174,659851,68,392328000000,398033314149
689,2026-09-01-finalized-v2,0xc31d9c14f862c30251aa57fcf22524f2bf5d69c9c505d056fc17913a8e8bbf9d,46226272,0xd15dad7eaf0f97351f39795063ab9d8a2f3e4b15a5e74ddd885b2def0b5102a1,24,1,65388,6000000,1000000,5786095840,1600,1027847086,1101,60247547,659851,68,392328000000,398114095840
690,2026-09-01-finalized-v2,0x4fe217262ddd6cd9e1cd58481891f736c4524d6e3a079b32bdeea2b49e1856f8,46226277,0x8b08ad2d995f6e53a356338fb4f89bbffc3db279b305ddc1ba49e495337d7b1b,8,1,65388,6000000,1000000,5786095840,1600,1027847086,1101,60247547,659851,68,392328000000,398114095840
691,2026-09-01-finalized-v2,0xbc4ea46c0e9c9e8145b921b78023cf6faeb03aa7220c621564860cc94dc651e9,46226274,0x1b0feb714f152f30e94b3e6bb26a57fe2fb0cbd02900515569a91d88aa2dd08b,13,1,65376,6000000,1000000,5786095840,1600,1027847086,1101,60247547,659851,68,392256000000,398042095840
692,2026-09-01-finalized-v2,0x60118d14e6c028ddddacfe7320422b948c5b87d3f1c5d63a2e6269589d4f17fa,46226276,0x24ae1075d49b918286ff818ee5298c504c0f15ed63e81f3f6b9c9763c4491be5,9,1,65388,6000000,1000000,5786095840,1600,1027847086,1101,60247547,659851,68,392328000000,398114095840
693,2026-09-01-finalized-v2,0x7b16cce5111d148591a52bb0bd67f42838cdc10e6945b84e2858ac9f65085f80,46226278,0x79eb9923082e879e9c1ff07ac8e8c2d41ebcc1c638356895051a2f682276b4a3,8,1,65388,6000000,1000000,5705314149,1600,956532970,1101,60927174,659851,68,392328000000,398033314149
694,2026-09-01-finalized-v2,0x0a7c74558bbfcf0eee820e9008522d1f387bf9791a713d87937702b27514f18f,46226279,0x39e675dc04f9c386d37c3550a4827af91fb3b49d2bcd58e2155ae96fb0f5a47a,21,1,60588,6000000,1000000,5705314149,1600,956532970,1101,60927174,659851,68,363528000000,369233314149
695,ampliamento-t1-2026-09-01,0x3547156fe573793409d95546a8bb6c32879000afdd33d399e9e09dc8633534ea,46241539,0x1a4e77d0145704537d292ae5c1ea74641b04f9c94fb70cb9964f0f9e0276f7d5,45,1,65376,6000000,1000000,5611180715,1600,937096537,1101,60019481,659851,68,392256000000,397867180715
696,ampliamento-t1-2026-09-01,0xe52ee6af114ff8a08d8241e8e21bae8edca5c8ee83e4316717a655c4d7aa5fa9,46241540,0xb1cae65bbcfc75269cd1d37d810bcbf3baa6cba63fd2c346eca67e21cf81ecdc,49,1,60588,6000000,1000000,5611180715,1600,937096537,1101,60019481,659851,68,363528000000,369139180715
697,ampliamento-t1-2026-09-01,0x05f0b67e28666bf1ff5551ae2b6b912ed300e26d95693da2aff85ee71c6f44bf,46241540,0xb1cae65bbcfc75269cd1d37d810bcbf3baa6cba63fd2c346eca67e21cf81ecdc,26,1,65388,6000000,1000000,5611180715,1600,937096537,1101,60019481,659851,68,392328000000,397939180715
698,ampliamento-t1-2026-09-01,0xfd20edbc38899b14937f43fb088f8664a98dc85c8174bf1077586c77fc616253,46241537,0xb0bee2f4903f2f1bcd20be1f69041bcf1947a94a706d40c9cc06a177a88ca1d4,58,1,65388,6000000,1000000,5611180715,1600,937096537,1101,60019481,659851,68,392328000000,397939180715
699,ampliamento-t1-2026-09-01,0xb82ed9255e7b965cbc6b9807a59d430c0d1f89d30ef66787ac06076633afeacb,46241538,0xe07365b6f28781f076b7ede42a5bd1f3bcc92fa3861b69e2370cc63faf7d1533,49,1,65388,6000000,1000000,5611180715,1600,937096537,1101,60019481,659851,68,392328000000,397939180715
700,ampliamento-t1-2026-09-01,0x139c7e934ccd2c8e1c234bf3c0e458b3ac0ab2b84d1ee35a02084ebe8d89c90d,46241538,0xe07365b6f28781f076b7ede42a5bd1f3bcc92fa3861b69e2370cc63faf7d1533,22,1,65388,6000000,1000000,5611180715,1600,937096537,1101,60019481,659851,68,392328000000,397939180715
701,ampliamento-t1-2026-09-01,0x48c85e361bd523766a2577d0fef7e3ed46d2d2c49b2e50f774193710223cb818,46241539,0x1a4e77d0145704537d292ae5c1ea74641b04f9c94fb70cb9964f0f9e0276f7d5,21,1,65388,6000000,1000000,5611180715,1600,937096537,1101,60019481,659851,68,392328000000,397939180715
702,ampliamento-t1-2026-09-01,0x4f916f33c7af8d1ec2884678dd443db21f8e69654e27d4e726554cecce5cff9d,46241537,0xb0bee2f4903f2f1bcd20be1f69041bcf1947a94a706d40c9cc06a177a88ca1d4,29,1,65388,6000000,1000000,5611180715,1600,937096537,1101,60019481,659851,68,392328000000,397939180715
703,ampliamento-t1-2026-09-01,0xc900363246eefda9e56b4aa63b781db439722f8a1b70e07d2e88a96416fa48ba,46241580,0x379a9307b386feff7403ead1c30452f71389ef84104215fe7202815eb94f954f,43,1,60576,6000000,1000000,5615079412,1600,980951064,1101,58907784,659851,68,363456000000,369071079412
704,ampliamento-t1-2026-09-01,0x8d543fcb67cf80b32176b6202b70800b31b70b484e3f0ef43197ff94f4e8394d,46241579,0x918e0190a25f6a81e4b1c243652121f7dd68f017bd6adef909e7e01946eca277,51,1,65388,6000000,1000000,5615079412,1600,980951064,1101,58907784,659851,68,392328000000,397943079412
705,ampliamento-t1-2026-09-01,0xc3617dc97d7842e8147a752871bee778c350903065b358b1421ebe6e3fe584d0,46241577,0x216904310bc10a91594da6da68d5dfe362a00104572844f76321a1a853ff996b,11,1,65388,6000000,1000000,5635207080,1600,1049381371,1101,57385938,659851,68,392328000000,397963207080
706,ampliamento-t1-2026-09-01,0xb328ccdf35a5a48c562a444bdc273fb7d09460469a86e208e55edd6a3100be1c,46241577,0x216904310bc10a91594da6da68d5dfe362a00104572844f76321a1a853ff996b,51,1,65388,6000000,1000000,5635207080,1600,1049381371,1101,57385938,659851,68,392328000000,397963207080
707,ampliamento-t1-2026-09-01,0xab6e78307d9c20d738d5720c3230433a161c81e20020d58075d77907f60b8212,46241578,0x4183e46fd725be4f99af110d5f4d53b05af0745f1f7d2dedb021f7fc7f361091,61,1,65388,6000000,1000000,5615079412,1600,980951064,1101,58907784,659851,68,392328000000,397943079412
708,ampliamento-t1-2026-09-01,0xe7fa2ccce322a44e4fe671c6f183158540f3d79755d481abb1d3bc65f54a6e07,46241576,0x996649d349d8a0946a1615e01bcaf3f1ed6876273139c77c312d43d826e3448c,53,1,65388,6000000,1000000,5635207080,1600,1049381371,1101,57385938,659851,68,392328000000,397963207080
709,ampliamento-t1-2026-09-01,0xc79afac928b0866b95cd5ac71932928673fca759f4d6ae6d322cb2a26cc5d55e,46241579,0x918e0190a25f6a81e4b1c243652121f7dd68f017bd6adef909e7e01946eca277,16,1,65388,6000000,1000000,5615079412,1600,980951064,1101,58907784,659851,68,392328000000,397943079412
710,ampliamento-t1-2026-09-01,0x290344c2504eca5b83d27c61c0ffc22e045f9cd64beb2f0362d7e512e7336ea0,46241578,0x4183e46fd725be4f99af110d5f4d53b05af0745f1f7d2dedb021f7fc7f361091,18,1,65388,6000000,1000000,5615079412,1600,980951064,1101,58907784,659851,68,392328000000,397943079412
711,ampliamento-t1-2026-09-01,0x2a189ca105b13d2bf1a7ef310c6e095156a6345f5caf733a0d7f21d20d663c8e,46241614,0x4d3016db301b6b6898300cea956634e1f9d99e1b45e250e3cf1a14a512296cda,20,1,65376,6000000,1000000,6006224155,1600,1040527554,1101,63245048,659851,68,392256000000,398262224155
712,ampliamento-t1-2026-09-01,0x0ee1290d3525f184085ba1fc5be06a679003fb855d3fa64369e334e4ea06785a,46241614,0x4d3016db301b6b6898300cea956634e1f9d99e1b45e250e3cf1a14a512296cda,48,1,65388,6000000,1000000,6006224155,1600,1040527554,1101,63245048,659851,68,392328000000,398334224155
713,ampliamento-t1-2026-09-01,0x8024b846151390f4767ea1c69f6c9d798f4e83aa6295cb502f6e5616695177b4,46241613,0xc25ff51c824a9c84e623e5123e9f03b6c7382b5f80bcc81e7ea7c9abe3e50550,20,1,65388,6000000,1000000,5996292340,1600,1104704393,1101,61381207,659851,68,392328000000,398324292340
714,ampliamento-t1-2026-09-01,0x7aede66304304f6db2440011a5175b5219d57059d00edaefad42ab5e26f133db,46241613,0xc25ff51c824a9c84e623e5123e9f03b6c7382b5f80bcc81e7ea7c9abe3e50550,57,1,65388,6000000,1000000,5996292340,1600,1104704393,1101,61381207,659851,68,392328000000,398324292340
715,ampliamento-t1-2026-09-01,0xf8d352eb3412acdf39b6e56df957ec4b83095a9e498cbaa5bec607c9131b9651,46241612,0x5f17d6117ce9a57f60b46878b7705900ed5119f28c3583998c26bddf5a9862f0,21,1,65388,6000000,1000000,5996292340,1600,1104704393,1101,61381207,659851,68,392328000000,398324292340
716,ampliamento-t1-2026-09-01,0xcba9597779043880d92682d315f0b8dc5aeed56ba4bc51d4c6245356288dd0db,46241612,0x5f17d6117ce9a57f60b46878b7705900ed5119f28c3583998c26bddf5a9862f0,55,1,65388,6000000,1000000,5996292340,1600,1104704393,1101,61381207,659851,68,392328000000,398324292340
717,ampliamento-t1-2026-09-01,0x59888f4db7553ac91814c5dcdae328161033c68790ee3a5ecd8a0bb227777519,46241615,0x8c94071ee2a7f69cf4ee682c02184b0055f39413b4ccc70f97cb77816106533b,12,1,60588,6000000,1000000,6006224155,1600,1040527554,1101,63245048,659851,68,363528000000,369534224155
718,ampliamento-t1-2026-09-01,0xad2fe7616ac7db927294771d4a9dc37618a367871870cfc3f27b40de32899b65,46241611,0x4a38c5e1c2b0d5a6e76d7d466c764b72e779ca38a72370cf0849051517e1885c,24,1,65388,6000000,1000000,5996292340,1600,1104704393,1101,61381207,659851,68,392328000000,398324292340
719,ampliamento-t1-2026-09-01,0x060c442a6b74b3861111a855818762b0bea82f7e2672351e8afcdc8bdc8497d3,46241647,0xfcf398119b4ed856e3b44a367d3d4430f2beced8af0b9ae69f84d64240424fd0,11,1,65376,6000000,1000000,5767058337,1600,931187112,1101,62539560,659851,68,392256000000,398023058337
720,ampliamento-t1-2026-09-01,0xc488467ada62214c2fc0d4e33a6e1dd0cdaed53cb372063aa640931e2addc8ac,46241648,0x555a7ff537db07cd8d7ed4a0aa3f68f3662856f36092dab196169c90815a80c6,43,1,65388,6000000,1000000,5767058337,1600,931187112,1101,62539560,659851,68,392328000000,398095058337
721,ampliamento-t1-2026-09-01,0x9a1f9483c9ec495ec563f34b7bfeac9dc58d80a4b34899815eda907ba8748101,46241649,0x9dba15cb3f58aa9ac5d3e03d94351e932eb88b28309c9bd964dc43e4db92ea53,33,1,65388,6000000,1000000,5767058337,1600,931187112,1101,62539560,659851,68,392328000000,398095058337
722,ampliamento-t1-2026-09-01,0x18c2fabf9bc9234f3a284cea6cc52d9b01f9124f4d762faa75b48eb01fab0786,46241646,0xf1450a63715281f02d35150e39aeb99c062b1822a1a4bc703b34bd66af43b88b,27,1,65376,6000000,1000000,5767058337,1600,931187112,1101,62539560,659851,68,392256000000,398023058337
723,ampliamento-t1-2026-09-01,0x67fe330cfe3dd9f4222208e5aba76bf4a653ff72f10de3810a8f5ed18ec49ed6,46241649,0x9dba15cb3f58aa9ac5d3e03d94351e932eb88b28309c9bd964dc43e4db92ea53,57,1,65388,6000000,1000000,5767058337,1600,931187112,1101,62539560,659851,68,392328000000,398095058337
724,ampliamento-t1-2026-09-01,0xe2c181446ad624f2934fd32b06f0018c1155f79ad23d6cf78fe3caf5a4a9fa44,46241650,0x6e29d671b92846e85c263645d9012fc16b3f9d12a302df29fab31937f0ab2774,10,1,60588,6000000,1000000,5452251818,1600,1047512041,1101,54663168,659851,68,363528000000,368980251818
725,ampliamento-t1-2026-09-01,0xb085aee3841e5154bce610f6ca6559a38091a3c8d9539cce439e24229806dde8,46241648,0x555a7ff537db07cd8d7ed4a0aa3f68f3662856f36092dab196169c90815a80c6,14,1,65388,6000000,1000000,5767058337,1600,931187112,1101,62539560,659851,68,392328000000,398095058337
726,ampliamento-t1-2026-09-01,0x7bb1ff0263cf9e00ceed549496142531befa1936e4dab2ebcd58a597c1532c7e,46241647,0xfcf398119b4ed856e3b44a367d3d4430f2beced8af0b9ae69f84d64240424fd0,80,1,65388,6000000,1000000,5767058337,1600,931187112,1101,62539560,659851,68,392328000000,398095058337
727,ampliamento-t1-2026-09-01,0x4e8fc0734ce7348bb2982d654bfefc0ae63bcae948996f82d4cbbf7893413d43,46241691,0x0ee0d58f9de69c681521cc005d91c9d54c0f1fc5168d092801877100f5ce9799,16,1,60576,6000000,1000000,5774849019,1600,987580186,1101,61152105,659851,68,363456000000,369230849019
728,ampliamento-t1-2026-09-01,0x619c3d08071328b45421cb5137f476a918a094069de96fd91cbef96e0c729b1f,46241689,0x0b17cec6854d9991df883ff9f044a562b1bb8237f5cc3588301f1ccdd661dcf6,20,1,65388,6000000,1000000,5774849019,1600,987580186,1101,61152105,659851,68,392328000000,398102849019
729,ampliamento-t1-2026-09-01,0xbf8d8119dce70d710b27ac6021a697f21ccd93b7fdae519d666beee4111d2fe4,46241690,0x5d2e2e6dc6991d351e4c3eec1aae223f6de9bd406f18bc4252a5aad54bfddcdd,19,1,65388,6000000,1000000,5774849019,1600,987580186,1101,61152105,659851,68,392328000000,398102849019
730,ampliamento-t1-2026-09-01,0x55d7fbf2485c55ba96732ebaaa0f6b4cd48200cbb9ee8cccb156c721938bcafa,46241687,0xbfe879ba89addfba11fff24fb54fb153efc984cb7b115e3993a1e49470c980ab,41,1,65388,6000000,1000000,5774849019,1600,987580186,1101,61152105,659851,68,392328000000,398102849019
731,ampliamento-t1-2026-09-01,0x7ff259f0541b892532f97fb80b12621a7549899362411d57f89f4cc7b2d21acb,46241689,0x0b17cec6854d9991df883ff9f044a562b1bb8237f5cc3588301f1ccdd661dcf6,50,1,65388,6000000,1000000,5774849019,1600,987580186,1101,61152105,659851,68,392328000000,398102849019
732,ampliamento-t1-2026-09-01,0x8191f3edfad849ffa9fbeda9c73a6f2e8995ffd968d50d1ddb267130d8330a8e,46241690,0x5d2e2e6dc6991d351e4c3eec1aae223f6de9bd406f18bc4252a5aad54bfddcdd,47,1,65388,6000000,1000000,5774849019,1600,987580186,1101,61152105,659851,68,392328000000,398102849019
733,ampliamento-t1-2026-09-01,0xf8f1e42a01a4796dffa48f0ee852be785a2f3471967ea9a51140af2fec239cba,46241688,0xc3e706a3b89e97fa0c27ed81cfe0f44a5ed204e4c89600a98f561b0a5bbf8032,13,1,65388,6000000,1000000,5774849019,1600,987580186,1101,61152105,659851,68,392328000000,398102849019
734,ampliamento-t1-2026-09-01,0xb099cd65dfed04e23e0a89f0a8b02f6e27ccc05e0b8592ace1e2c7d323bd9adc,46241688,0xc3e706a3b89e97fa0c27ed81cfe0f44a5ed204e4c89600a98f561b0a5bbf8032,43,1,65388,6000000,1000000,5774849019,1600,987580186,1101,61152105,659851,68,392328000000,398102849019
735,ampliamento-t1-2026-09-01,0x3bb4c138d23f98ba86f599d641b389193af610e6cc916d05b845b5dae9bfdccb,46241721,0x5679e0210b8f67ba39665ebb46ea238b94d104b243942c4d615509f2305ea7be,12,1,65376,6000000,1000000,5616743390,1600,1014653489,1101,58033250,659851,68,392256000000,397872743390
736,ampliamento-t1-2026-09-01,0x5c4d39ef1043965f8864462d0c2470884fff07198eaec323a87ad6b098aa4b70,46241723,0x0fe2abc290fb59a31261907e4bce84e2ffcd19d8be95b97c2118190f7b3e7404,16,1,65388,6000000,1000000,5737657215,1600,931950940,1101,62073596,659851,68,392328000000,398065657215
737,ampliamento-t1-2026-09-01,0x2b7b910f6ab95e3f47018a65cab69320a117088b4e7116841fd80f652d2130c0,46241720,0x3d9b01c892a40823e4437488479e4d98f29d723b7f11ef9121d109ec63773139,10,1,65388,6000000,1000000,5616743390,1600,1014653489,1101,58033250,659851,68,392328000000,397944743390
738,ampliamento-t1-2026-09-01,0x7afafd3617596651eedfa763d20d7fbb7b98c004e49652fadf397bae82a2ee9c,46241722,0x490d3101ae59d7bac63bd46836bd0a1477e9c2d420aeae557c47a3a4facf7c02,16,1,65388,6000000,1000000,5737657215,1600,931950940,1101,62073596,659851,68,392328000000,398065657215
739,ampliamento-t1-2026-09-01,0x8ef8f06f37bda0e4aef14bc4c6511ac204d27726ad0ad09898e334dd104282cb,46241723,0x0fe2abc290fb59a31261907e4bce84e2ffcd19d8be95b97c2118190f7b3e7404,41,1,60588,6000000,1000000,5737657215,1600,931950940,1101,62073596,659851,68,363528000000,369265657215
740,ampliamento-t1-2026-09-01,0x4018719c9773941a05395a488551d71c8fb39fe77fc599f4d9333aba9bddc54a,46241722,0x490d3101ae59d7bac63bd46836bd0a1477e9c2d420aeae557c47a3a4facf7c02,63,1,65388,6000000,1000000,5737657215,1600,931950940,1101,62073596,659851,68,392328000000,398065657215
741,ampliamento-t1-2026-09-01,0xae332d9089b943e1d38625b85cf471bd6724db44f4015d02473dccc21ab51627,46241721,0x5679e0210b8f67ba39665ebb46ea238b94d104b243942c4d615509f2305ea7be,30,1,65376,6000000,1000000,5616743390,1600,1014653489,1101,58033250,659851,68,392256000000,397872743390
742,ampliamento-t1-2026-09-01,0x5e292a3077c95f4a14ece4d148f4ed3e73530b31ec819f5d082ff6038e325173,46241720,0x3d9b01c892a40823e4437488479e4d98f29d723b7f11ef9121d109ec63773139,39,1,65388,6000000,1000000,5616743390,1600,1014653489,1101,58033250,659851,68,392328000000,397944743390
743,ampliamento-t1-2026-09-01,0xa160baf75653bb06ce349901dacdfb93f2db13452c6870f80f5333b29102f56e,46241763,0xf8bd5342560874f1daa6b57a54bdf8210f7a9b85283ada298ed3a7d775a8163f,43,1,65376,6000000,1000000,6038895369,1600,1014368416,1101,64438547,659851,68,392256000000,398294895369
744,ampliamento-t1-2026-09-01,0x44c42e981d698262fab3ba89ffeee7bfc73e91196ba61b2a6627981d78fd9bd0,46241763,0xf8bd5342560874f1daa6b57a54bdf8210f7a9b85283ada298ed3a7d775a8163f,13,1,65388,6000000,1000000,6038895369,1600,1014368416,1101,64438547,659851,68,392328000000,398366895369
745,ampliamento-t1-2026-09-01,0x7eb43536309fdd7116cdbbb9b80d30f82701cb5f08e49ccbbd2bf4a9b359aa31,46241764,0x0d8a4e6260e78410cff2f97ef611c907ccb0151fe0b942bd4e7c872f6168725b,44,1,60588,6000000,1000000,5544480371,1600,940875904,1101,58907744,659851,68,363528000000,369072480371
746,ampliamento-t1-2026-09-01,0xc238c0596bcf2aa6205c37612ad8a1f20343ff6d940e248f0c9bd1e834d10f35,46241761,0x9a1142887b44004674f1dca2cca73007533ce81c7315b2f7c362e7abe18512c0,53,1,65388,6000000,1000000,6038895369,1600,1014368416,1101,64438547,659851,68,392328000000,398366895369
747,ampliamento-t1-2026-09-01,0xa54c5c54cd3d67c68041e81bce4c94d92d59f0c26be03da4eba7f78202495db1,46241761,0x9a1142887b44004674f1dca2cca73007533ce81c7315b2f7c362e7abe18512c0,22,1,65388,6000000,1000000,6038895369,1600,1014368416,1101,64438547,659851,68,392328000000,398366895369
748,ampliamento-t1-2026-09-01,0x6a9d4ad3c24229f4877a300be82ed9a887394a30ee5a24a227da45f21ec47df1,46241764,0x0d8a4e6260e78410cff2f97ef611c907ccb0151fe0b942bd4e7c872f6168725b,15,1,65388,6000000,1000000,5544480371,1600,940875904,1101,58907744,659851,68,392328000000,397872480371
749,ampliamento-t1-2026-09-01,0x4b5d6e960bf9b2c1ecd7c22bcb752e4ca74593e4e2120585cf3b90ae1483b327,46241762,0xfffae2a430c6909c5955446c567af7391eba4b947d011022ec2471166aab6f25,39,1,65388,6000000,1000000,6038895369,1600,1014368416,1101,64438547,659851,68,392328000000,398366895369
750,ampliamento-t1-2026-09-01,0xb9f99772e3ab362110f7c3bc35e12fa86e77c94ec4b309baa4d489b83177fe13,46241762,0xfffae2a430c6909c5955446c567af7391eba4b947d011022ec2471166aab6f25,13,1,65388,6000000,1000000,6038895369,1600,1014368416,1101,64438547,659851,68,392328000000,398366895369
751,ampliamento-t1-2026-09-01,0xb3b850dad7f22e0178b926ee8e06976c72407ff5c5ff9e5a1a68632a2e70f021,46241795,0x117658f3da48a6e87f402acfb45f37098ddc02c2ad29ea38882098a35a22f85a,59,1,65376,6000000,1000000,5579358065,1600,1009627136,1101,57600866,659851,68,392256000000,397835358065
752,ampliamento-t1-2026-09-01,0xf18887885b8f52177b69730cff82daab94d6cc5af2cbabd424a82582ae723c63,46241796,0x05b8235de6d4cbbcdbdc40a7e86face7fed49b34fc771361d38c1043e6b9b4be,26,1,65388,6000000,1000000,5579358065,1600,1009627136,1101,57600866,659851,68,392328000000,397907358065
753,ampliamento-t1-2026-09-01,0xaa0e6faff2262ff287dc21bd92d255503381e0460700e9e4b5c4db9985678566,46241796,0x05b8235de6d4cbbcdbdc40a7e86face7fed49b34fc771361d38c1043e6b9b4be,58,1,65388,6000000,1000000,5579358065,1600,1009627136,1101,57600866,659851,68,392328000000,397907358065
754,ampliamento-t1-2026-09-01,0x2e24efc4138741e166e2803d973c5038473addda46050bc7ebd473ebbeac34f2,46241795,0x117658f3da48a6e87f402acfb45f37098ddc02c2ad29ea38882098a35a22f85a,18,1,65388,6000000,1000000,5579358065,1600,1009627136,1101,57600866,659851,68,392328000000,397907358065
755,ampliamento-t1-2026-09-01,0xe2b4f84c036f4ae789c41852e1a04730e3105623db41d414272d5e298e6467c7,46241794,0xbf613b2e26396e462810dfdce0a730679efd2559a84cd106beed42715232d1e2,54,1,65388,6000000,1000000,5579358065,1600,1009627136,1101,57600866,659851,68,392328000000,397907358065
756,ampliamento-t1-2026-09-01,0x77de5e1e23fca1449dc5f46206d9e6e937f055e03908c80c3e3bd722c9004acd,46241794,0xbf613b2e26396e462810dfdce0a730679efd2559a84cd106beed42715232d1e2,23,1,65388,6000000,1000000,5579358065,1600,1009627136,1101,57600866,659851,68,392328000000,397907358065
757,ampliamento-t1-2026-09-01,0x5daedd21e85f0600a15047845ce870e59f0d7c8389ac2c3ed281c256f6767045,46241797,0x85d290c7e88547ca66b294ea7dba74b143550ec1f4447c83c3cc6c2bb66773ac,26,1,60576,6000000,1000000,5579358065,1600,1009627136,1101,57600866,659851,68,363456000000,369035358065
758,ampliamento-t1-2026-09-01,0x0e7d5523b3880c979f55964a5ef926f883058c2dedbf9dea4b73ddacdefe8073,46241793,0x6b05ec93dc1b9c48d709cbc23c026c96a3dc038efef9725f9a0b2dca46a46d9c,21,1,65388,6000000,1000000,5500359058,1600,1074821923,1101,54663140,659851,68,392328000000,397828359058
759,ampliamento-t1-2026-09-01,0xa33cf938104856a5f4eccc9bd1d13389a72b34bfb32786491dd6978ce8d54512,46241828,0x162f54fa52a28c75c77540982d29cde70251163537c40192f87a5e6e114a5cfe,11,1,65376,6000000,1000000,5495977155,1600,1049237359,1101,55279762,659851,68,392256000000,397751977155
760,ampliamento-t1-2026-09-01,0x43b0ae94f7a36dcadb7913e9b591b37760937b975ec1efc7297d9e34a01169c7,46241827,0x4bfe12932b675246854bda1f509a091e2514aafd999cf7d6eb08937ff0bddc3b,44,1,65376,6000000,1000000,5495977155,1600,1049237359,1101,55279762,659851,68,392256000000,397751977155
761,ampliamento-t1-2026-09-01,0x97b3c6c71303ef7b82075a41809da53a52761fc3f61e43b04fb99d846a3a6b73,46241829,0x95756c84db9e47716f974e1bed96904e4425f84a9223e94b1c032e445c49a60b,11,1,65376,6000000,1000000,5495977155,1600,1049237359,1101,55279762,659851,68,392256000000,397751977155
762,ampliamento-t1-2026-09-01,0xf456fe869dd7e6d91b782407baf1c6abdc742613915af1152a2da1acd1fccfe7,46241826,0x0bf8a1af5931f3c839fcc5bdb35a9c73f4d6b8a92cde33bcb11ec517855a1e2f,36,1,65388,6000000,1000000,5495977155,1600,1049237359,1101,55279762,659851,68,392328000000,397823977155
763,ampliamento-t1-2026-09-01,0x8d6695be5181fed0dccc634a4f0131a15a3c6050154f44af4e78b0a41b9a3943,46241827,0x4bfe12932b675246854bda1f509a091e2514aafd999cf7d6eb08937ff0bddc3b,11,1,65388,6000000,1000000,5495977155,1600,1049237359,1101,55279762,659851,68,392328000000,397823977155
764,ampliamento-t1-2026-09-01,0x9a5647eeab5168bdb7add1dc3976069a3e3331825fae3292738f178d46bc1ccc,46241828,0x162f54fa52a28c75c77540982d29cde70251163537c40192f87a5e6e114a5cfe,43,1,65388,6000000,1000000,5495977155,1600,1049237359,1101,55279762,659851,68,392328000000,397823977155
765,ampliamento-t1-2026-09-01,0x577a59a603744207bfa1a99121354e98421f284226163d6d549725e1bb61bd65,46241829,0x95756c84db9e47716f974e1bed96904e4425f84a9223e94b1c032e445c49a60b,32,1,60588,6000000,1000000,5495977155,1600,1049237359,1101,55279762,659851,68,363528000000,369023977155
766,ampliamento-t1-2026-09-01,0x710d75c6d089821eeebc7d000b09ac721e762be7bb6bc30489cdff26732c8744,46241826,0x0bf8a1af5931f3c839fcc5bdb35a9c73f4d6b8a92cde33bcb11ec517855a1e2f,9,1,65388,6000000,1000000,5495977155,1600,1049237359,1101,55279762,659851,68,392328000000,397823977155
767,ampliamento-t1-2026-09-01,0xbe7c9e32fd8a3400f78328618dbf7e067f2692e5a10d8139b32443b96e612253,46241870,0x2bebddf4fa0b67041bd288edc27a99b931da76790be3189d157c87e00e7b1d78,16,1,60576,6000000,1000000,5942339469,1600,1004264615,1101,63244989,659851,68,363456000000,369398339469
768,ampliamento-t1-2026-09-01,0x6c75ce063b0432a90ec469257efa3a87f27c06852a8869c535ce9411b78c8264,46241867,0x24f1dc79e1b3abe8abf2ebb8055b826cb0469fec02ea3bb5e71190ab1c0d21f9,23,1,65388,6000000,1000000,5942339469,1600,1004264615,1101,63244989,659851,68,392328000000,398270339469
769,ampliamento-t1-2026-09-01,0x291d8279bbb7b80f798b0e7543ad29e94907ff6e59065cd653723d23add8be85,46241865,0x965c264c19bd30a8372f226fe59601d3ca56ef27efc41a3db54ca44abc19a45a,84,1,65388,6000000,1000000,5985457363,1600,1089942797,1101,61611093,659851,68,392328000000,398313457363
770,ampliamento-t1-2026-09-01,0xe9d51fceeee024c5ff7022650aca0a4a184e2a159603e117a6f42a85560a491c,46241868,0x58bf7ddfd643f1b94da5dba7ebba45e96ddd49f4e994b1e58f8af129281446dc,7,1,65388,6000000,1000000,5942339469,1600,1004264615,1101,63244989,659851,68,392328000000,398270339469
771,ampliamento-t1-2026-09-01,0x4cda6309eafdfe209a44fd80f64b554f86cb5947b6614c682c63810f4c46ce60,46241867,0x24f1dc79e1b3abe8abf2ebb8055b826cb0469fec02ea3bb5e71190ab1c0d21f9,65,1,65388,6000000,1000000,5942339469,1600,1004264615,1101,63244989,659851,68,392328000000,398270339469
772,ampliamento-t1-2026-09-01,0x26227815d382cd8b3debffd76443617532c4a3cc7004ab5d17760d53f9c22de3,46241866,0x07921e45e99d3da6f798d1316650e13eaaa47285539668e5318edce76077eb9f,32,1,65388,6000000,1000000,5942339469,1600,1004264615,1101,63244989,659851,68,392328000000,398270339469
773,ampliamento-t1-2026-09-01,0x5ea204cadb27fcffb11faf04c2e6442686cf9ac1ed722176ea5fef357062693e,46241869,0xd0695db291d3804e61f4c1de39b1a71e8918a297a72cbc8b01b4cc8d3abce4c7,15,1,65388,6000000,1000000,5942339469,1600,1004264615,1101,63244989,659851,68,392328000000,398270339469
774,ampliamento-t1-2026-09-01,0xad5e0beb2f5e0cb9deff102ac1db4dad03c8922ae13a0940192dbb34ab6afaec,46241868,0x58bf7ddfd643f1b94da5dba7ebba45e96ddd49f4e994b1e58f8af129281446dc,47,1,65388,6000000,1000000,5942339469,1600,1004264615,1101,63244989,659851,68,392328000000,398270339469
775,ampliamento-t2-2026-09-01,0xaa6aef44cc3129f8cd0d27ca428aed4b427f8cdf9892df399f3c41db9ee16f06,46245004,0x7dfe4395a855acc3959726577d00f80b3e62c28a563be1928d771fe5bc3d68ca,6,1,65376,6000000,1000000,5723365627,1600,1075204191,1101,58032585,659851,68,392256000000,397979365627
776,ampliamento-t2-2026-09-01,0xfceaf3bf4e5ae4598c19a5de2d3782151ebe671d87bf1f75c090fbacfbce5782,46245007,0x194f7d57cb884e344eac3fef26bc48bb9224f220a4f8f23d31132fdf30911fae,9,1,65388,6000000,1000000,5765931296,1600,1058345178,1101,59127749,659851,68,392328000000,398093931296
777,ampliamento-t2-2026-09-01,0xafbe670bf319fddb35500e3a318aef5cd7a569e91dd1f4ccb81b21c40ce39cca,46245005,0x658323e0ec9c6a59ad3c9975e9191a58fe8942450ac739f68a99183cfe394f76,22,1,65388,6000000,1000000,5765931296,1600,1058345178,1101,59127749,659851,68,392328000000,398093931296
778,ampliamento-t2-2026-09-01,0x6a2b1bbd0a5519b8f8ca396e0ac05c574d485576c8b2fe9a45bf0c89c99b00e7,46245003,0x9f26b11619291bab8f8bacde5e2b6030cb8cd875f439140e2e2e9dc106e668e9,20,1,65388,6000000,1000000,5723365627,1600,1075204191,1101,58032585,659851,68,392328000000,398051365627
779,ampliamento-t2-2026-09-01,0xf008b088fdd674f0e1ae98ccb4530a1dc54c9c82291e13d22a0e5d74ed2b8ed6,46245006,0x403ae0b5deb0bfb600e7ea110dc87594e0dda28728d46b5c7f2b6303e271b25b,6,1,65388,6000000,1000000,5765931296,1600,1058345178,1101,59127749,659851,68,392328000000,398093931296
780,ampliamento-t2-2026-09-01,0xc0d170ae15024573d508f358e2bae91dff25a382c19e4a8751d63bcfbea11b4c,46245004,0x7dfe4395a855acc3959726577d00f80b3e62c28a563be1928d771fe5bc3d68ca,25,1,65388,6000000,1000000,5723365627,1600,1075204191,1101,58032585,659851,68,392328000000,398051365627
781,ampliamento-t2-2026-09-01,0x67e6a9e186436fadd013b797e2bc1feeff4e76f4c542946044d5d6f8dd5a243c,46245006,0x403ae0b5deb0bfb600e7ea110dc87594e0dda28728d46b5c7f2b6303e271b25b,35,1,65388,6000000,1000000,5765931296,1600,1058345178,1101,59127749,659851,68,392328000000,398093931296
782,ampliamento-t2-2026-09-01,0xd394af5d0a71ff4acf4f9fbdd888bd5dffaea953f4130c525ba2400aaa82f72c,46245007,0x194f7d57cb884e344eac3fef26bc48bb9224f220a4f8f23d31132fdf30911fae,25,1,60588,6000000,1000000,5765931296,1600,1058345178,1101,59127749,659851,68,363528000000,369293931296
783,ampliamento-t2-2026-09-01,0x7a0b3e9f113e3fd5f2a456a4ccc253a39159bdfbd78762aa65d4b7bd05b7b803,46245047,0x5c0b39a49b8c7df3b2774657eaefc5bebe098bca5de63b6711a8fa0503222c85,19,1,60576,6000000,1000000,6095509861,1600,1046534206,1101,64437808,659851,68,363456000000,369551509861
784,ampliamento-t2-2026-09-01,0xbc5c555728c2e63bdabb2bf30cb9d34ed8c1c9bb2bc8428369b3db2b043199ae,46245045,0xb23072e6fba126d5e31a8e3fc4dcb5052dd2f40029cc5b71c3f852c6319b51cf,38,1,65388,6000000,1000000,6095509861,1600,1046534206,1101,64437808,659851,68,392328000000,398423509861
785,ampliamento-t2-2026-09-01,0xf86f43997de044382281155c5772007c6a23f01769d1efb0a64b27107ad3b3d6,46245046,0x8c7d2c03d214016a662e88507cefa033a06b553ccbdbf6a24c886720db96e362,23,1,65388,6000000,1000000,6095509861,1600,1046534206,1101,64437808,659851,68,392328000000,398423509861
786,ampliamento-t2-2026-09-01,0x0c1cf3c39ee4c3eccc6494d9d90d08b44540aa2060e43f2d744828d6b78d8578,46245043,0xd427616b8095604a913ce80960bb38d1910b01bd2a28cb589bdf97f692cf6e1a,33,1,65388,6000000,1000000,5851591281,1600,1013977264,1101,61610408,659851,68,392328000000,398179591281
787,ampliamento-t2-2026-09-01,0x38b3329c130cddab09d4608168a2bbc7fcf870cc296c22e4e7bc799ac0ef7961,46245045,0xb23072e6fba126d5e31a8e3fc4dcb5052dd2f40029cc5b71c3f852c6319b51cf,13,1,65388,6000000,1000000,6095509861,1600,1046534206,1101,64437808,659851,68,392328000000,398423509861
788,ampliamento-t2-2026-09-01,0xcaf4c3f079c18ab924f28e6dda3ae7d8b2f2252db30105997c59c90a0aadbf5e,46245044,0x8c343f01e6066bd0afea511b3604db008f57517e77bdf03be1be3e2a81360f14,13,1,65388,6000000,1000000,5851591281,1600,1013977264,1101,61610408,659851,68,392328000000,398179591281
789,ampliamento-t2-2026-09-01,0xbf88ac041bb11ddb0c1faec042e5b268eb5ca965976572f1dfab795f1d035ef0,46245046,0x8c7d2c03d214016a662e88507cefa033a06b553ccbdbf6a24c886720db96e362,36,1,65388,6000000,1000000,6095509861,1600,1046534206,1101,64437808,659851,68,392328000000,398423509861
790,ampliamento-t2-2026-09-01,0xac05a9abf2c82574ffba4bad528d1edb0addd4ce94ae3c455c3f3234eb4337f7,46245044,0x8c343f01e6066bd0afea511b3604db008f57517e77bdf03be1be3e2a81360f14,36,1,65388,6000000,1000000,5851591281,1600,1013977264,1101,61610408,659851,68,392328000000,398179591281
791,ampliamento-t2-2026-09-01,0xcec106b19f37d2281e4fdb01bc94d0483d3d5c7fbc2ce9dc75c417b1f0e7aaa0,46245086,0x312be6598dc68fa7be039f5f5d7cb8d80901ecbcb2199e8b8fc5d23cb59140ac,32,1,65364,6000000,1000000,5623228606,1600,969041365,1101,59349237,659851,68,392184000000,397807228606
792,ampliamento-t2-2026-09-01,0x2426e8cbceae04ef76a4c9abb5fec03b49bfdf80d16b456e197b3f1d28fb313d,46245086,0x312be6598dc68fa7be039f5f5d7cb8d80901ecbcb2199e8b8fc5d23cb59140ac,12,1,65388,6000000,1000000,5623228606,1600,969041365,1101,59349237,659851,68,392328000000,397951228606
793,ampliamento-t2-2026-09-01,0x1bc300416151fda4a957419f63cbfe6f73f2b1cedff426b6b7dedd7335671368,46245084,0x47000c60ec3a13bfb8e76261c8b94d1d1abf8889d156a0fb24f66bf559cba61d,29,1,65376,6000000,1000000,5623228606,1600,969041365,1101,59349237,659851,68,392256000000,397879228606
794,ampliamento-t2-2026-09-01,0x4360da76c02a9f4b0bd28b3af49a07b4f9babc1da2b060cf6b93029b05c59676,46245085,0x7d90056c8704ebd0200ebf54e1394a9a0d83b55247f64a8f7ba34b454c9f796a,14,1,65376,6000000,1000000,5623228606,1600,969041365,1101,59349237,659851,68,392256000000,397879228606
795,ampliamento-t2-2026-09-01,0xe9403fcd2482e12e90fdd8da22e991c41b8b9c4d25893ee074685cc2562373c5,46245085,0x7d90056c8704ebd0200ebf54e1394a9a0d83b55247f64a8f7ba34b454c9f796a,30,1,65388,6000000,1000000,5623228606,1600,969041365,1101,59349237,659851,68,392328000000,397951228606
796,ampliamento-t2-2026-09-01,0x6d2baacbb1c9d9c193cf15f5419e52f9fbc66a81c96b9a971be4bdd298abff2a,46245088,0xd9ac9566a9cf5ad53e7e37f197003f8ef4f07fad4498ebeb3f9d9c8a5d65d0bf,25,1,65388,6000000,1000000,5880660049,1600,1090098821,1101,60018731,659851,68,392328000000,398208660049
797,ampliamento-t2-2026-09-01,0x23d19cdb0fea81006c68522c230c28311ee5551472d230d909e7eb69c53babae,46245088,0xd9ac9566a9cf5ad53e7e37f197003f8ef4f07fad4498ebeb3f9d9c8a5d65d0bf,8,1,65388,6000000,1000000,5880660049,1600,1090098821,1101,60018731,659851,68,392328000000,398208660049
798,ampliamento-t2-2026-09-01,0x084adcc7eb75d9f96322f630b2f8d6c6e86edcad47588e30421fd69a000f0867,46245089,0x48a0e63dc1978887aebdd38fb4df1e84a2a5abafe09f1160d3378e109a414c12,13,1,60588,6000000,1000000,5880660049,1600,1090098821,1101,60018731,659851,68,363528000000,369408660049
799,ampliamento-t2-2026-09-01,0x01206e8b0069f00ac2d6d052acd4b2c0374c88029c5b2163ab9f9f656515e794,46245123,0x931463d7e708947177c9004a294b11e9ae62a621a7648ee259c7e68a6a1b2c80,5,1,65376,6000000,1000000,5562951327,1600,1133216821,1101,54052757,659851,68,392256000000,397818951327
800,ampliamento-t2-2026-09-01,0x47bdc959142952f45ccfd6245fd1678a2608355cb62cef32a9105bf190c14f03,46245121,0x065f5f9a00b72b8bdc7b1800137cbd4908aca2aa0e18462ecd77005a2e51408f,16,1,65388,6000000,1000000,5481188229,1600,1109387511,1101,53449812,659851,68,392328000000,397809188229
801,ampliamento-t2-2026-09-01,0xf9c5424a338e5dbbdb9b9e63726c469798a59cdafe9136d25c8b10379c4833d6,46245120,0xae30040f547fe7b0afb03945e3b5b30a6a003fbff23f4aebc8b2ff28e5af4132,17,1,65388,6000000,1000000,5481188229,1600,1109387511,1101,53449812,659851,68,392328000000,397809188229
802,ampliamento-t2-2026-09-01,0xcfc2d404c3e44cc36e2f14d5b38549c6cfe2dbb0c78bdf18fe8259d39e76cc77,46245119,0x2191d7976f9914127db939299381f78399ad71956b004a120f6c5e37801be46f,15,1,65388,6000000,1000000,5481188229,1600,1109387511,1101,53449812,659851,68,392328000000,397809188229
803,ampliamento-t2-2026-09-01,0x2e021502c9746e207f6783b84c56f85e8e216fa1e04632c439bcf3c93d6a2af9,46245118,0x4b30bee81fcd3f5ab0507a57679a4744ccacc2bf0f0591e7e2f26de0bf38f327,6,1,65388,6000000,1000000,5481188229,1600,1109387511,1101,53449812,659851,68,392328000000,397809188229
804,ampliamento-t2-2026-09-01,0xb5a79bb293fdb2153ece19274fd6e8e4d109658384fe11b14624a3f03e1063e5,46245121,0x065f5f9a00b72b8bdc7b1800137cbd4908aca2aa0e18462ecd77005a2e51408f,31,1,65376,6000000,1000000,5481188229,1600,1109387511,1101,53449812,659851,68,392256000000,397737188229
805,ampliamento-t2-2026-09-01,0xe5bb7da8ec8cbe7bb3eb1116e01941ba062d37ffcea01ef7e85327d00c3f7ab1,46245118,0x4b30bee81fcd3f5ab0507a57679a4744ccacc2bf0f0591e7e2f26de0bf38f327,30,1,65388,6000000,1000000,5481188229,1600,1109387511,1101,53449812,659851,68,392328000000,397809188229
806,ampliamento-t2-2026-09-01,0xef118486cf77308760b4f034ec6d91278f93f411dbbba2359e3fc7d6d6acb833,46245124,0x3738be5becf86049e0b17284cafc24ac424a31a88cc16ddb0f125a83c4194e00,22,1,60588,6000000,1000000,5562951327,1600,1133216821,1101,54052757,659851,68,363528000000,369090951327
807,ampliamento-t2-2026-09-01,0x746f77244d0b8456d2b1541a7addf6928d6437d54431058a201ff7c678858c64,46245161,0xccdfb70ad5dad0ddd4bcee8f815ad2fb2473a288ba796e348887086678b75447,42,1,65376,6000000,1000000,5464002923,1600,1038838546,1101,55072811,659851,68,392256000000,397720002923
808,ampliamento-t2-2026-09-01,0xa6c1aef86d0365a388c2ceaaf2e6c4c8f1215d111459584bbc72e7eac692fc57,46245165,0xaf89f44112d8b04b9ea4b7a762f05a743dde12e3086185f824dcd44a014b966f,23,1,60588,6000000,1000000,5464002923,1600,1038838546,1101,55072811,659851,68,363528000000,368992002923
809,ampliamento-t2-2026-09-01,0x02a9060be6851e81062380bb1a135a99bbf0dc4ca2dc804f14ec395813269fb6,46245164,0x419e920fd8198f79684b00058c8ecd57196cd541a6564b8cde0b05f6f9778fba,28,1,65388,6000000,1000000,5464002923,1600,1038838546,1101,55072811,659851,68,392328000000,397792002923
810,ampliamento-t2-2026-09-01,0x0959fdd909bc030b4d06d6e8aa753a7103290ada144ccd4c6c349cd4ed399efb,46245163,0xb93b7b1c631074c180f0eced791e3256207615723c875c3e277897d3f0fa9b8e,7,1,65388,6000000,1000000,5464002923,1600,1038838546,1101,55072811,659851,68,392328000000,397792002923
811,ampliamento-t2-2026-09-01,0x624f5e03cf8db4dc9b9340ae6f679a495fb5f85adac264ef0cd893c344666bbb,46245161,0xccdfb70ad5dad0ddd4bcee8f815ad2fb2473a288ba796e348887086678b75447,16,1,65388,6000000,1000000,5464002923,1600,1038838546,1101,55072811,659851,68,392328000000,397792002923
812,ampliamento-t2-2026-09-01,0x0f0f72739cdae495d260643a14b7f03040c373b51c2667ec2a25c61db100d423,46245163,0xb93b7b1c631074c180f0eced791e3256207615723c875c3e277897d3f0fa9b8e,25,1,65388,6000000,1000000,5464002923,1600,1038838546,1101,55072811,659851,68,392328000000,397792002923
813,ampliamento-t2-2026-09-01,0xae06db70b786eb737e75f490f2bea345f6ef685b5e82e7b463a1bd95c536660a,46245162,0x8b9d534ebe90916fcd3607aebd87a24661146304555e851ca3c68071e68804cf,32,1,65388,6000000,1000000,5464002923,1600,1038838546,1101,55072811,659851,68,392328000000,397792002923
814,ampliamento-t2-2026-09-01,0xbc713d95ed6a5af3f33e993fdfd3f77a9609b4a64804f466135cb3023fcb3ec8,46245162,0x8b9d534ebe90916fcd3607aebd87a24661146304555e851ca3c68071e68804cf,6,1,65388,6000000,1000000,5464002923,1600,1038838546,1101,55072811,659851,68,392328000000,397792002923
815,ampliamento-t2-2026-09-01,0x4efeb58b8997d948a816419cddf266e247fc81da73f0c59b4881b96992b3bc4c,46245199,0x1191c5ce170fbf953a1821f0b050d122e67d52f9c0205338bf79e115f517eb4f,33,1,60576,6000000,1000000,5743000127,1600,960947994,1101,61380435,659851,68,363456000000,369199000127
816,ampliamento-t2-2026-09-01,0x602328c12d0adf99c04a4a8db38658fc2e0049bad061c2f4a01069e0d943102d,46245194,0x74a5ff9a011203dd2b82cb3c95e8bfd792fe7d8141207daa7a3ba2024c8c56bd,12,1,65388,6000000,1000000,5843464139,1600,1026558696,1101,61151356,659851,68,392328000000,398171464139
817,ampliamento-t2-2026-09-01,0xc722fba444f0626413ac948008c1f06b1f9faca80cd56adb0582acaf396bf3ca,46245196,0x99be62b232e113d86b2b5a312ca40a18d319a5e09915cf125bf33e628951859b,41,1,65376,6000000,1000000,5743000127,1600,960947994,1101,61380435,659851,68,392256000000,397999000127
818,ampliamento-t2-2026-09-01,0xcdaeb6221061b34c7fcf33af85f75a65e17eb71d7e435f1d9bb8b118dfdd0f11,46245197,0x111bfef0a2aff5e8406d9a6d588bc0b7c41dcc3da1c637c6fbf08d2678e38085,24,1,65388,6000000,1000000,5743000127,1600,960947994,1101,61380435,659851,68,392328000000,398071000127
819,ampliamento-t2-2026-09-01,0x85824e63dffb843774ef66b48c8cdc53ebe28b37dc5a5af6a6474d3ff59fadc6,46245199,0x1191c5ce170fbf953a1821f0b050d122e67d52f9c0205338bf79e115f517eb4f,13,1,65388,6000000,1000000,5743000127,1600,960947994,1101,61380435,659851,68,392328000000,398071000127
820,ampliamento-t2-2026-09-01,0xb81b667957341a89532a253ae766846b70b70ddbc2bcc3596b634d2b26912e02,46245198,0x0d004804c29fe6e9d4d6b05db69920d8595628a7401325ce72e4484269b043c0,7,1,65388,6000000,1000000,5743000127,1600,960947994,1101,61380435,659851,68,392328000000,398071000127
821,ampliamento-t2-2026-09-01,0x3f5df2e5de9060999c3e9ea4b39aec77dad5ae7331dbacd13f2d595c86855e8d,46245196,0x99be62b232e113d86b2b5a312ca40a18d319a5e09915cf125bf33e628951859b,19,1,65388,6000000,1000000,5743000127,1600,960947994,1101,61380435,659851,68,392328000000,398071000127
822,ampliamento-t2-2026-09-01,0xe2a37c0f3c7fc23d16888bf8e28337a50256fcf79a4d51b8d01fb301779e2bdc,46245195,0xed6681cb53d658b2e8bf4ececb7b11e0206e147ece2dbdb21fdf240ebe5b4fe9,33,1,65388,6000000,1000000,5843464139,1600,1026558696,1101,61151356,659851,68,392328000000,398171464139
823,ampliamento-t2-2026-09-01,0xa990e1d0930150931263d7fca59e8bd718c9cc898bc08edf383bc216026f9676,46245235,0x50798b335a895a77a16aaa0009b98101f4495e51444cec0b2c0caf679c88d5fc,22,1,60576,6000000,1000000,6153009914,1600,1106100429,1101,63718982,659851,68,363456000000,369609009914
824,ampliamento-t2-2026-09-01,0x904fa0a3251d750bac21b31cd046bbfdad7b9b1cb12b0b47d270506b35af5cae,46245234,0xcc10aa19187ba6e4fd0b315d62a5d63df0aa46a8fa3af2849abc935e63752f20,10,1,65376,6000000,1000000,6153009914,1600,1106100429,1101,63718982,659851,68,392256000000,398409009914
825,ampliamento-t2-2026-09-01,0x12bc1efe16b5aa73ff07f58f0e1158e1156737370600a21b8a5bfcce4430a2db,46245234,0xcc10aa19187ba6e4fd0b315d62a5d63df0aa46a8fa3af2849abc935e63752f20,31,1,65388,6000000,1000000,6153009914,1600,1106100429,1101,63718982,659851,68,392328000000,398481009914
826,ampliamento-t2-2026-09-01,0x7952cd2f5a35f3cb15a9e541c508f425a416f3a6826abce5725173f1a0e201e4,46245229,0x4f1d2f1595698169c13008e4a343fd80e0667f1a2a60d1411335fac49155e4a2,9,1,65388,6000000,1000000,6032608759,1600,1116736074,1101,61610371,659851,68,392328000000,398360608759
827,ampliamento-t2-2026-09-01,0x79767342243680af4f8ac323ba85dfc077f5388ed68a3e8aa76655b96ad462e5,46245230,0x658a44d1d2481b186ac2a8a5323fb6733861c98870880afa2193f6b06f8c0651,9,1,65388,6000000,1000000,6032608759,1600,1116736074,1101,61610371,659851,68,392328000000,398360608759
828,ampliamento-t2-2026-09-01,0xcd7bb7a9f136d74a726982a83ffc7727f0f605e7a9e7687908374d29db4d213e,46245230,0x658a44d1d2481b186ac2a8a5323fb6733861c98870880afa2193f6b06f8c0651,35,1,65388,6000000,1000000,6032608759,1600,1116736074,1101,61610371,659851,68,392328000000,398360608759
829,ampliamento-t2-2026-09-01,0xbbfbf80d162651d70ff8d6e0675f8fc35e6db16f126e9849737b1ca4ea78b495,46245232,0x17f1b3c2e55a8e5f66e125d0645cb75627faf471f21145c94a70305794514779,27,1,65376,6000000,1000000,6153009914,1600,1106100429,1101,63718982,659851,68,392256000000,398409009914
830,ampliamento-t2-2026-09-01,0xd3a74e718ecc612d291f0bd3cb2327cfb2e710f6ba62ec68757da8f2530ea145,46245233,0x5c0003c8cde823b5e8c60a1c5d9a0f63b3d7161f467474f6d3a9cc3ecd35cac9,26,1,65388,6000000,1000000,6153009914,1600,1106100429,1101,63718982,659851,68,392328000000,398481009914
831,ampliamento-t2-2026-09-01,0x451d1bffbc7b9aeaa98d351906bea3332063cf08b7157ce4150885265bfacf9f,46245275,0xedd4caf0574160ddde8ac55ab4bebf03a8ad54416abc69706a93231df3e7a0c3,25,1,65376,6000000,1000000,5561691373,1600,1078808985,1101,55486185,659851,68,392256000000,397817691373
832,ampliamento-t2-2026-09-01,0xefc601d28676872e1968cbc40502409d9a289e249cb3cee118c9609a59eb14f4,46245275,0xedd4caf0574160ddde8ac55ab4bebf03a8ad54416abc69706a93231df3e7a0c3,13,1,65388,6000000,1000000,5561691373,1600,1078808985,1101,55486185,659851,68,392328000000,397889691373
833,ampliamento-t2-2026-09-01,0x8bc75396a04fa73bb37f021e1b79b7832b9f32e459e6ca96005eb5c4f4d9b0da,46245277,0xa09570b15ac185146e7c095a955cb15889e964f095697b57d2e0e15718a784b7,35,1,60588,6000000,1000000,5561691373,1600,1078808985,1101,55486185,659851,68,363528000000,369089691373
834,ampliamento-t2-2026-09-01,0xb6196b214411c5e6696f053bb365ef9ac25de00ff6f468f13aa87bdde4ca6139,46245276,0xd88df923a51d962e3ca82be93c714e6377cb1d8212d5971d97f1460a7ddce3cc,11,1,65388,6000000,1000000,5561691373,1600,1078808985,1101,55486185,659851,68,392328000000,397889691373
835,ampliamento-t2-2026-09-01,0x73b04c97474b7e3cb4e057560435571147ff1a0f76b0cbdbddcacafd10625575,46245274,0x1050258927d7512918a8a1dd9f6a4d47626f39e0f730a0bc1d48298071eb8b5f,28,1,65388,6000000,1000000,5561691373,1600,1078808985,1101,55486185,659851,68,392328000000,397889691373
836,ampliamento-t2-2026-09-01,0x5a6e8cf33fc73090e348bab03008c3e9bebdd1572833dca3cec11c705a6855cb,46245277,0xa09570b15ac185146e7c095a955cb15889e964f095697b57d2e0e15718a784b7,13,1,65388,6000000,1000000,5561691373,1600,1078808985,1101,55486185,659851,68,392328000000,397889691373
837,ampliamento-t2-2026-09-01,0x03b02eb0f35eff293a745797d2c3c4b0e651af41cc6c546ff9169f41e5f227be,46245276,0xd88df923a51d962e3ca82be93c714e6377cb1d8212d5971d97f1460a7ddce3cc,26,1,65388,6000000,1000000,5561691373,1600,1078808985,1101,55486185,659851,68,392328000000,397889691373
838,ampliamento-t2-2026-09-01,0xeb593ea9114edee52f813946fa8af1106ccccd26fb85024c10102c7ba743317a,46245274,0x1050258927d7512918a8a1dd9f6a4d47626f39e0f730a0bc1d48298071eb8b5f,6,1,65388,6000000,1000000,5561691373,1600,1078808985,1101,55486185,659851,68,392328000000,397889691373
839,ampliamento-t2-2026-09-01,0xb03c45c3911fecbd99c296b5b7b7c9fae21be21ba6ccedb91c5931ed18e914e6,46245315,0x2a5b6ae69cd41f6d2c2a3cde8a6348cecfcc895f0866c190b49ab44b7c8c3abe,6,1,65376,6000000,1000000,5728703129,1600,978479178,1101,60695736,659851,68,392256000000,397984703129
840,ampliamento-t2-2026-09-01,0x85de00ada8d7b705e8699c85afd298f923846c8437e69585dc24162dc1fe403a,46245316,0x439085650c229f1c2af2ea621cd40d6a7dc8725adc35ed1d0f2537ff37e8dfaa,36,1,65388,6000000,1000000,6050264649,1600,1100726330,1101,62305356,659851,68,392328000000,398378264649
841,ampliamento-t2-2026-09-01,0x3cd54ccf94ad25b92c4f75a264de8ab7c03c80d6303dbddce42af34f5fd09be5,46245314,0xcdf70fa15332fa9624f52a77c7341dac66279a0438f6a9168c0c468d2dfb6b93,34,1,65388,6000000,1000000,5728703129,1600,978479178,1101,60695736,659851,68,392328000000,398056703129
842,ampliamento-t2-2026-09-01,0xbf6730ed1be21d921d819952d6e04362afe303795bdf04ac0f68e5464e62c817,46245313,0x637926248b03a66c4ad8ac93f903a2ff8387f6652af8702a3daf6a5f2ff83e10,30,1,65388,6000000,1000000,5728703129,1600,978479178,1101,60695736,659851,68,392328000000,398056703129
843,ampliamento-t2-2026-09-01,0x567e0592f27d773579fd0e71d5429ee2edf68e43240189ec7273742ad330b77f,46245317,0xb9d1771e5e149040e153ff716cbf8a6694cde558f3493ade519a71b78a6ceced,10,1,60588,6000000,1000000,6050264649,1600,1100726330,1101,62305356,659851,68,363528000000,369578264649
844,ampliamento-t2-2026-09-01,0xca527e5566a7af1a71f3efe391a3363542aa7e116231f43a67a3c5b5bcf6cb66,46245315,0x2a5b6ae69cd41f6d2c2a3cde8a6348cecfcc895f0866c190b49ab44b7c8c3abe,36,1,65388,6000000,1000000,5728703129,1600,978479178,1101,60695736,659851,68,392328000000,398056703129
845,ampliamento-t2-2026-09-01,0x3157aa8e27baf4de42efd3c89f1502f819bf52cf56270f902e57821522cc79c1,46245316,0x439085650c229f1c2af2ea621cd40d6a7dc8725adc35ed1d0f2537ff37e8dfaa,13,1,65388,6000000,1000000,6050264649,1600,1100726330,1101,62305356,659851,68,392328000000,398378264649
846,ampliamento-t2-2026-09-01,0xcc5e0696cffc7cc2158e9bc6717271c5784c866b4263390b66c6781ebb36f3c8,46245314,0xcdf70fa15332fa9624f52a77c7341dac66279a0438f6a9168c0c468d2dfb6b93,16,1,65388,6000000,1000000,5728703129,1600,978479178,1101,60695736,659851,68,392328000000,398056703129
847,ampliamento-t2-2026-09-01,0x0bdc86775a3b748e97c4ec86286a54b4fc0d2bf6d3857dd59016e1c222cd013a,46245359,0x324fc15877455147a4cafbdc921bfd78983527c89e3f32c743cce27e069c21f0,10,1,65376,6000000,1000000,5795483230,1600,1108002063,1101,58249920,659851,68,392256000000,398051483230
848,ampliamento-t2-2026-09-01,0x65dc14c2e29c44bd5e3d25cd202c92c16e632c0b98abf322511bf3f8f363363f,46245358,0x773d6f931418d07457d705e781d2d298d182b54eb07feaa11c2520503c8bb5e4,28,1,65388,6000000,1000000,5795483230,1600,1108002063,1101,58249920,659851,68,392328000000,398123483230
849,ampliamento-t2-2026-09-01,0x15b496b8c469187ddb09a24b4f72f16d38ab8330576b2a226d5fe2746ab7a9c3,46245357,0x7392f1b6d585066f9e349ff52929ea72281fba38b76ebca13faa1e51fb14bfd0,7,1,65388,6000000,1000000,6034941778,1600,984926370,1101,65164643,659851,68,392328000000,398362941778
850,ampliamento-t2-2026-09-01,0x28371c3d0860b70ee1bf3ab3e60f0d8fba664a8e05105dc26c8df0778d4eef2a,46245357,0x7392f1b6d585066f9e349ff52929ea72281fba38b76ebca13faa1e51fb14bfd0,22,1,65388,6000000,1000000,6034941778,1600,984926370,1101,65164643,659851,68,392328000000,398362941778
851,ampliamento-t2-2026-09-01,0xb419ff82852c2850b08eca151faebf2664cb0c019597eda4b644fb1c82362672,46245355,0x4ee65cf3c41e5a58ce574879100f5700056d3e9bcfa9526b82537b9ac6fc058f,29,1,65388,6000000,1000000,6034941778,1600,984926370,1101,65164643,659851,68,392328000000,398362941778
852,ampliamento-t2-2026-09-01,0x68091c67f08807d12fbc2fe7eb7f36226aa9d60580541c5bb8a37e7022c96b73,46245356,0xdc6d8a8236d0f04f297db58b3932ed4c5c8a8e354a153a363c807bc90892f043,10,1,65388,6000000,1000000,6034941778,1600,984926370,1101,65164643,659851,68,392328000000,398362941778
853,ampliamento-t2-2026-09-01,0x6eac206601dc2da1ea4520e84fdb7a0fc853a3cfd2841dd533ba429dde7c48b5,46245359,0x324fc15877455147a4cafbdc921bfd78983527c89e3f32c743cce27e069c21f0,31,1,60588,6000000,1000000,5795483230,1600,1108002063,1101,58249920,659851,68,363528000000,369323483230
854,ampliamento-t2-2026-09-01,0x3ab8ef8d1f6840fc52a281d265eb0bb98a4e4767e48644ac333a29f6f0f0ae3e,46245358,0x773d6f931418d07457d705e781d2d298d182b54eb07feaa11c2520503c8bb5e4,8,1,65376,6000000,1000000,5795483230,1600,1108002063,1101,58249920,659851,68,392256000000,398051483230
855,verifica-fiscale-2026-09-01,0x396e8978bc79b3de051eddff24d22e9839df1e25133d6cadc08be7431e9b6a1d,46246359,0xdc8af5a3d08b1e4f00e605783faeef9e23a2bc50c2bb0c5f27ce1568ead15bca,14,1,60576,6000000,1000000,5660288398,1600,1111341806,1101,56111890,659851,68,363456000000,369116288398
886,2026-09-02-prova-v2,0x9d3efa8f2477ef79b8657eb0d2a604336ce0cce44e00e12f3765fedc4eb638e1,46284327,0x0b13d775ee12d238adf31c922938a127667aec21e041b3c16cd00594250ea571,14,1,93960,6000000,1000000,9470140101,2664,1062665133,1101,57807525,659851,196,563760000000,573230140101
887,2026-09-02-v2-t1,0x3c375ea7bceb5a76810cc8800b17d9503acaaa64eb441dab7384a26f518f1ef6,46284458,0x401da5ea41cfa47a0e5a02e6e960559a4c48d49756078ac84483a344ba02dc4f,8,1,65376,6000000,1000000,5641430786,1600,963015800,1101,59785954,659851,68,392256000000,397897430786
888,2026-09-02-v2-t1-recupero,0x609fade72c878263ffffc992a331be6a3200eddd89f58bf523216da9a84c183c,46284461,0x0cc81025b4975167df39600bd343fdb07e9e0507ba409198ff6b2065c336ddf2,6,1,65388,6000000,1000000,6065358263,1600,1083312563,1101,62998993,659851,68,392328000000,398393358263
889,2026-09-02-v2-t1-recupero,0xc82bb1623ff9f11cd4c3475ae9b55ad77d3e616b12f86beefc9015eabcbd3f67,46284461,0x0cc81025b4975167df39600bd343fdb07e9e0507ba409198ff6b2065c336ddf2,34,1,65376,6000000,1000000,6065358263,1600,1083312563,1101,62998993,659851,68,392256000000,398321358263
890,2026-09-02-v2-t1-recupero,0xac9e783437822cc9e0d02f34f0558e6da3ebdd68aa061edb9555fddd3fea505f,46284458,0x401da5ea41cfa47a0e5a02e6e960559a4c48d49756078ac84483a344ba02dc4f,44,1,65388,6000000,1000000,5641430786,1600,963015800,1101,59785954,659851,68,392328000000,397969430786
891,2026-09-02-v2-t1,0xe8685bdddaa920e47426a47887ac88d7dcb5a59f33f55ed792cb65afed639f7d,46284459,0xcd002537cdd6110f836cf52ea393aec1d4e0e7db032467e3582e9fc097d6609d,10,1,65388,6000000,1000000,5641430786,1600,963015800,1101,59785954,659851,68,392328000000,397969430786
892,2026-09-02-v2-t1,0xef0187f87b63c26983325c6f4790b1a8472d512d3f60460804d5ba560aceb01a,46284462,0x6390f9b17709f13901d9c1b9e3c0fb1cdc02ce6de8218f4b30670571bdb51703,14,1,60588,6000000,1000000,6065358263,1600,1083312563,1101,62998993,659851,68,363528000000,369593358263
893,2026-09-02-v2-t1,0x798cde2d22d68c48d0b7f3653a22bb8ba701ec60c7928d0498f822b8d184b64b,46284460,0x1dbd28a92ba9b08f1cbffd7af7ca50b1b122a4cb2758f285bdaf02d7b82d8819,19,1,65388,6000000,1000000,6065358263,1600,1083312563,1101,62998993,659851,68,392328000000,398393358263
894,2026-09-02-v2-t1,0xd16ed41d87fbf6b738c662a8b3f6288b97eed46bdfef93bc96a95e32f6a506d7,46284459,0xcd002537cdd6110f836cf52ea393aec1d4e0e7db032467e3582e9fc097d6609d,45,1,65388,6000000,1000000,5641430786,1600,963015800,1101,59785954,659851,68,392328000000,397969430786
895,2026-09-02-v2-t1,0xcc346ab7357b78686a7ea50ecce6be99c03eb04e8673942d6e9f5161f4b07b50,46284693,0x6401945108850b6093986d1c57098d66500ae6df18d82aa85470bba34c04f23b,45,1,65376,6000000,1000000,5850879160,1600,987885126,1101,62296196,659851,68,392256000000,398106879160
896,2026-09-02-v2-t1,0xd7186c74d0ab34183997305fc6d5b9991949e138f356bda895f8adc0b89f4db8,46284692,0x0fdd17ac854068239c3ac4427dbcae087c58f98f7ee5a1905881497d14e3e265,33,1,65388,6000000,1000000,5850879160,1600,987885126,1101,62296196,659851,68,392328000000,398178879160
897,2026-09-02-v2-t1,0x02f5fbf9756b8926ba684df85dc2a68c8eb48d211d65c9e6168d79060c70346f,46284692,0x0fdd17ac854068239c3ac4427dbcae087c58f98f7ee5a1905881497d14e3e265,6,1,65388,6000000,1000000,5850879160,1600,987885126,1101,62296196,659851,68,392328000000,398178879160
898,2026-09-02-v2-t1,0x0c22e57bff825532d8181e9a5468c2ae9396c4e2baa663706b3bb5181f73e926,46284690,0x357e8dd54a1b3eb71536e4c2a81ec61f8faf2a8349ee1e33fbec119a26449b4d,28,1,65388,6000000,1000000,5850879160,1600,987885126,1101,62296196,659851,68,392328000000,398178879160
899,2026-09-02-v2-t1,0x651a2033af1a9eef0a9b1f38186fd4e963173c58ee70cfb01dc3a021e61d79b9,46284691,0x6f7d251942cf90d1e996e188072c5ec9c3e635cd7635e59a3849001f8e50581d,22,1,65388,6000000,1000000,5850879160,1600,987885126,1101,62296196,659851,68,392328000000,398178879160
900,2026-09-02-v2-t1,0xd0d8644479e1ebc8650960d0d8cd86c0794d8e24ca8f2809325b3c20c8fdcd56,46284694,0x8152bd8232cc25b25404f494a1a798bf52c489230791bdc4021139daad52090f,35,1,60588,6000000,1000000,5632220761,1600,1111367230,1101,55685848,659851,68,363528000000,369160220761
901,2026-09-02-v2-t1,0x7be8f2fcc68b25789ce38d22faac5e24970802235d3bb3ad1a9f646af87574c8,46284694,0x8152bd8232cc25b25404f494a1a798bf52c489230791bdc4021139daad52090f,18,1,65388,6000000,1000000,5632220761,1600,1111367230,1101,55685848,659851,68,392328000000,397960220761
902,2026-09-02-v2-t1,0x330cc10d684fd3e896b11fbd0c10cf1027140fb6eff49e78ef2528af8dbd5de6,46284693,0x6401945108850b6093986d1c57098d66500ae6df18d82aa85470bba34c04f23b,23,1,65388,6000000,1000000,5850879160,1600,987885126,1101,62296196,659851,68,392328000000,398178879160
903,2026-09-02-v2-t1,0xa892b9518c6843da136ca0454c8527a290f42543fce858cbb31743c918d5093b,46284731,0x77f6b045bd7c33b495bab86e14dcb233029ac0acfb61b04a06c2bb6bbe5f6894,29,1,65376,6000000,1000000,5586796331,1600,1069924484,1101,56103838,659851,68,392256000000,397842796331
904,2026-09-02-v2-t1,0x6cf93b18b21da8194edbf192d9043db6f585e2dafdbbc74f94dcc3fce156f9a6,46284733,0xd916a40947d8dc9f8d0bcf8e65289ea491b5ddc5b98f76107408f30f64ee1291,19,1,65388,6000000,1000000,5586796331,1600,1069924484,1101,56103838,659851,68,392328000000,397914796331
905,2026-09-02-v2-t1,0x48a4a26fe593eb93cd0364cfb0ac67985cb34e70e7272c36ef1e24d0c9d3fb1f,46284733,0xd916a40947d8dc9f8d0bcf8e65289ea491b5ddc5b98f76107408f30f64ee1291,32,1,65388,6000000,1000000,5586796331,1600,1069924484,1101,56103838,659851,68,392328000000,397914796331
906,2026-09-02-v2-t1,0xe3298ab70d949e2c3e36d074202a18f8d9e32a14ce58e938d23f259cca5a5d29,46284735,0xadeb231b7ce53c256d74dae9dfe5eff07340534c8220eb929a1abcacc1f0eaf3,24,1,60588,6000000,1000000,5586796331,1600,1069924484,1101,56103838,659851,68,363528000000,369114796331
907,2026-09-02-v2-t1,0x4e05af02faf638a00a0aed9d8809691d35ccaf778c431cfb73f4946239f61542,46284732,0x8cfe6f05920ae2d8de33c23fb3764bc0e2ab71dba0e75e82ca5507e3963c4ee4,14,1,65388,6000000,1000000,5586796331,1600,1069924484,1101,56103838,659851,68,392328000000,397914796331
908,2026-09-02-v2-t1,0x17522f7a553baf66791dd64bf8aab1a5e8ffbb6477576579bcda946418885744,46284732,0x8cfe6f05920ae2d8de33c23fb3764bc0e2ab71dba0e75e82ca5507e3963c4ee4,39,1,65388,6000000,1000000,5586796331,1600,1069924484,1101,56103838,659851,68,392328000000,397914796331
909,2026-09-02-v2-t1,0xa30e5ba8cac58582578fbc639d83836fd84a44ef498fe58ec7aac9f453a9a2f2,46284735,0xadeb231b7ce53c256d74dae9dfe5eff07340534c8220eb929a1abcacc1f0eaf3,4,1,65388,6000000,1000000,5586796331,1600,1069924484,1101,56103838,659851,68,392328000000,397914796331
910,2026-09-02-v2-t1,0x9b51014f36ec3bd38f05c68f0dfca571ac3cbe24ce0e2970e15614310eb71216,46284734,0x6daf629a2501acf3f21008c7801ab2a3e2a2deec894a3ce74f0cda197dab5f9c,27,1,65388,6000000,1000000,5586796331,1600,1069924484,1101,56103838,659851,68,392328000000,397914796331
911,2026-09-02-v2-t1,0xa42c08774cf2e738b713949dcdaa2505570f6d0ea8ea6b8ca32e5884d9e5db72,46284776,0xf765dda157b0addaeff4abec75cbf5c956ed201d4a696b58d3b29fb01506bf8b,33,1,65376,6000000,1000000,5347237341,1600,1003479096,1101,54247225,659851,68,392256000000,397603237341
912,2026-09-02-v2-t1,0x84324ffd90a2b82742649ac439a034697e8b6ee90d0c26f42bf554ab4806b85b,46284774,0x00252c086be4f436d1ae4f1ee8fe34047bfad8154bf9240b214d6cfcf944d79b,40,1,65388,6000000,1000000,5347237341,1600,1003479096,1101,54247225,659851,68,392328000000,397675237341
913,2026-09-02-v2-t1,0x31c885792e1af296bbf7abc36d94495ead2e229c9b335094d505035448af2e04,46284774,0x00252c086be4f436d1ae4f1ee8fe34047bfad8154bf9240b214d6cfcf944d79b,10,1,65388,6000000,1000000,5347237341,1600,1003479096,1101,54247225,659851,68,392328000000,397675237341
914,2026-09-02-v2-t1,0x4a7c731ff0f5d90793273bcd198710fca60a1054bd50ba8dc728c52bc7a4738e,46284776,0xf765dda157b0addaeff4abec75cbf5c956ed201d4a696b58d3b29fb01506bf8b,6,1,65388,6000000,1000000,5347237341,1600,1003479096,1101,54247225,659851,68,392328000000,397675237341
915,2026-09-02-v2-t1,0x9317dcbfd4af900b5522480207db6efd1e6bb711fa15a8e46c7b340345f53fff,46284777,0x2ceaa8177f02991f3bde5144996a57c2631fdf82359d5363c8bb4f2704a9a01f,15,1,60588,6000000,1000000,5347237341,1600,1003479096,1101,54247225,659851,68,363528000000,368875237341
916,2026-09-02-v2-t1,0xf2a24c794795d2e6b200dfb73c20158c5ceb5fc5df061125bab82da69f4f2955,46284775,0x8b00bb07056ff04d5fe52b47e8836e41f8269ee2e84473343f160adb5dfd403f,22,1,65388,6000000,1000000,5347237341,1600,1003479096,1101,54247225,659851,68,392328000000,397675237341
917,2026-09-02-v2-t1,0x63bb2f0f49e88e8615527e93fcf24584d93dcabc38aeaa88fe3215fcb92581e4,46284773,0x457f2a0b15a2eaab6c18fdff309edcb3e5aa245f7039dfe6d725f64e859f5002,22,1,65388,6000000,1000000,5347237341,1600,1003479096,1101,54247225,659851,68,392328000000,397675237341
918,2026-09-02-v2-t1,0x8f87cc5e7c355753601e8acbfd1fbb23e97ded2de8aae9d7fa0cea775c449bae,46284772,0x83270245f013fc5a867e40a19cab74f018403b35ca3a9738462a914f8ceb3310,25,1,65388,6000000,1000000,5347237341,1600,1003479096,1101,54247225,659851,68,392328000000,397675237341
919,2026-09-02-v2-t1,0x07a688f37cb07c1286f40a49f691f3ab13ca9f4299c7b0e2d0d05eaeef2ec4fa,46284820,0xcb33748c94142e8b46f90f2c78f88afff7f86e60e20df8b18e0929ebd3d7d42b,17,1,65376,6000000,1000000,5573271088,1600,1070090638,1101,55894428,659851,68,392256000000,397829271088
920,2026-09-02-v2-t1,0xd7b9f4ede444c1c2733e4216d5e53ac9cd5623af4d9431ae16dbf566a8a1ef71,46284823,0xb8b141c9effabe60b75ff864c2ca29b9633a4d62143f9f9658081f762bf5d84c,11,1,65388,6000000,1000000,5573271088,1600,1070090638,1101,55894428,659851,68,392328000000,397901271088
921,2026-09-02-v2-t1,0x6a3489502753f88ed2757d9cb6c42408cc763875fea6858f0b74f090c047f1f1,46284824,0xace540de970d76daeb3b4b2d31132ee6ec096048382a8b2b13b5c52df0d9c106,20,1,60588,6000000,1000000,5573271088,1600,1070090638,1101,55894428,659851,68,363528000000,369101271088
922,2026-09-02-v2-t1,0x07dfffa826241653f1ec9047839ed4483e9c784753df3bbbbc381de5531b254c,46284819,0x9e9e9da9a3cf287f8218e2f18414d0fbcbd3302fe5bbf216987d933a5574755e,21,1,65388,6000000,1000000,5322690398,1600,951198851,1101,55270940,659851,68,392328000000,397650690398
923,2026-09-02-v2-t1,0x0d6ed6c2f25f280824c843edd3dd2d052b6cfec8ec77c3c621cc2afdcf96225b,46284822,0xf8d3a48a7348132469dd091247e5df240d1aca59c5173de46853655b2fcc0d22,10,1,65388,6000000,1000000,5573271088,1600,1070090638,1101,55894428,659851,68,392328000000,397901271088
924,2026-09-02-v2-t1,0x27bb7284b684af36f2c229a2e0ff75abcaa9c30e2b11895e90e409139ea80bc4,46284823,0xb8b141c9effabe60b75ff864c2ca29b9633a4d62143f9f9658081f762bf5d84c,36,1,65388,6000000,1000000,5573271088,1600,1070090638,1101,55894428,659851,68,392328000000,397901271088
925,2026-09-02-v2-t1,0x7b394161c93c9cb11fe8d0995c2c25a355e65ed6aa8faf004ab3990413d1fe4d,46284821,0x33e9cade408ec9ef007d37fc89434ded226ab69854166af2b27c89849baae666,6,1,65388,6000000,1000000,5573271088,1600,1070090638,1101,55894428,659851,68,392328000000,397901271088
926,2026-09-02-v2-t1,0x0684b823205b14149e4f8a34dcffc6a9b735014ee554775274d87e0e8b7e2797,46284821,0x33e9cade408ec9ef007d37fc89434ded226ab69854166af2b27c89849baae666,29,1,65388,6000000,1000000,5573271088,1600,1070090638,1101,55894428,659851,68,392328000000,397901271088
927,2026-09-02-v2-t1,0x504d85321dd2e85f17891a9d61e97383264c834b4a57c90dab1c8ea17af5993c,46284866,0xbb8608bdfd89d3272d2304255174d104fed4c5a551316ba2e49c784ce9155b88,8,1,65376,6000000,1000000,5815700318,1600,1061946092,1101,59785862,659851,68,392256000000,398071700318
928,2026-09-02-v2-t1,0xeddd946998eaa0c46345c5ca64ef815eb86246156bc631a48f9f98ebfe15518f,46284866,0xbb8608bdfd89d3272d2304255174d104fed4c5a551316ba2e49c784ce9155b88,31,1,65388,6000000,1000000,5815700318,1600,1061946092,1101,59785862,659851,68,392328000000,398143700318
929,2026-09-02-v2-t1,0x4b65d836539b8f7e413fd008ab4e9fe747f28f9fdf7530949c6c8936a77ae268,46284865,0x7f0b931254acb53438e9d7a2f3ba6e0dda03f8f17a2add810861e3b35962de74,29,1,65376,6000000,1000000,5815700318,1600,1061946092,1101,59785862,659851,68,392256000000,398071700318
930,2026-09-02-v2-t1,0x154161742862b82c0798e48f88e7a0016fc43af4ae2f9232cc42e9afca38c871,46284864,0x4d41095fbc1dc5a2faf64485840511c9dc1e084c54807e9b016b1e7fe2447967,27,1,65388,6000000,1000000,5815700318,1600,1061946092,1101,59785862,659851,68,392328000000,398143700318
931,2026-09-02-v2-t1,0xf8f27c517bd5f04fa7b41268f3b50d3a6c1cb253be84edd666450862d34180b0,46284863,0x70f543b17dc3916c422c669b6c6116ff3d6fe914796b82f205331d4e065f55c9,21,1,65388,6000000,1000000,5815700318,1600,1061946092,1101,59785862,659851,68,392328000000,398143700318
932,2026-09-02-v2-t1,0x29efbf32baacfe1cb3da007c24ea935dbe294bd37488a340e0e2b23fbbb5d5be,46284864,0x4d41095fbc1dc5a2faf64485840511c9dc1e084c54807e9b016b1e7fe2447967,11,1,65376,6000000,1000000,5815700318,1600,1061946092,1101,59785862,659851,68,392256000000,398071700318
933,2026-09-02-v2-t1,0xf6144b74c58ec5a4b505b597938019faeb432bd37f3cc2e276d96166914ea762,46284865,0x7f0b931254acb53438e9d7a2f3ba6e0dda03f8f17a2add810861e3b35962de74,11,1,65388,6000000,1000000,5815700318,1600,1061946092,1101,59785862,659851,68,392328000000,398143700318
934,2026-09-02-v2-t1,0x582a489d0618e18fad9497a228b98942c358f396819084e4793f3dafba212db4,46284867,0x32a2f54463aba6349e21ae92ea3e2148e1d39d2c2561c5485524ab4b73e99c37,32,1,60576,6000000,1000000,5815700318,1600,1061946092,1101,59785862,659851,68,363456000000,369271700318
935,2026-09-02-v2-t1,0x3ee79264cea9bbfdc6bf07b1d60827d1a2c0c5dcbc94f67b5ad3a384fe3f8749,46284903,0x08ff98462d5be5aed13b8893fd9a6746df19ea86c415f255f8d3d67b1e15e7e3,17,1,65376,6000000,1000000,5281572852,1600,1040779662,1101,52256273,659851,68,392256000000,397537572852
936,2026-09-02-v2-t1,0x033a7538a612056b36435b9ea314e8dcff09d8bdcf30308023f5418c294f3091,46284904,0xa402d8680da5388dacbf9903a030882c651cf6e27b64eaec18b6ae985a7769ab,27,1,65388,6000000,1000000,5281572852,1600,1040779662,1101,52256273,659851,68,392328000000,397609572852
937,2026-09-02-v2-t1,0xa11415e0bb91c3032185502c2528feeb523f4e9c2d16a89bd4fcdbf89867e9ac,46284905,0xc6e6c122d554c09e0922891454172193f8ae6a692f3c6b9ed84951a18ddeb61e,10,1,65388,6000000,1000000,5240994202,1600,973334512,1101,53441885,659851,68,392328000000,397568994202
938,2026-09-02-v2-t1,0x51ec3d909cc0a39867857ed5510e4542f52f8920d8a077ec98cd65a389423d2f,46284907,0x0eff801530eb409151fff29da55127ffb8cac5d7c63ec901338862a60c036cd1,12,1,60588,6000000,1000000,5240994202,1600,973334512,1101,53441885,659851,68,363528000000,368768994202
939,2026-09-02-v2-t1,0x1c07ee3e4019975b405d95101ff240c7c1bde4b208555804345ff87b00d2f66f,46284904,0xa402d8680da5388dacbf9903a030882c651cf6e27b64eaec18b6ae985a7769ab,14,1,65388,6000000,1000000,5281572852,1600,1040779662,1101,52256273,659851,68,392328000000,397609572852
940,2026-09-02-v2-t1,0x6f788bd56f156b805a5ba25a71f277df31881e5704416d47e1735fe5d08e7a64,46284906,0x48cdec391f6fc36f88d6d45c04b2cb2d23d255b1c15f40bb689150567e19abe4,24,1,65388,6000000,1000000,5240994202,1600,973334512,1101,53441885,659851,68,392328000000,397568994202
941,2026-09-02-v2-t1,0xd1be2897acde790431982cb78a0df9c8a3cf2c0e8be9c88282ab354758cbc649,46284906,0x48cdec391f6fc36f88d6d45c04b2cb2d23d255b1c15f40bb689150567e19abe4,8,1,65388,6000000,1000000,5240994202,1600,973334512,1101,53441885,659851,68,392328000000,397568994202
942,2026-09-02-v2-t1,0x692a322b14a86a4bdd3d90d1a5642537ef9a41501c3bfac8a001b51c5a2b27c1,46284905,0xc6e6c122d554c09e0922891454172193f8ae6a692f3c6b9ed84951a18ddeb61e,29,1,65388,6000000,1000000,5240994202,1600,973334512,1101,53441885,659851,68,392328000000,397568994202
943,2026-09-02-v2-t1,0x67e23c0dc52efcc5276b6bdad4d0d105c68ef56d55bebe082d8eba7d4c1ad5f0,46284952,0x327c3a7953b6cf7d6434415c24df957ef11e945644a85f96dbd2ff1e09a89fc1,24,1,65376,6000000,1000000,5957401569,1600,1108639670,1101,60686760,659851,68,392256000000,398213401569
944,2026-09-02-v2-t1,0x8c1a048422c1fdfe75388fa20d2ae48a7bd4427548154071d44891557bf8f11c,46284955,0x82bb5d1b161e0f364ba0a99aabb403795a7360c305b01b584685e9a6fa28f970,10,1,65388,6000000,1000000,5957401569,1600,1108639670,1101,60686760,659851,68,392328000000,398285401569
945,2026-09-02-v2-t1,0x4c88f68bbcdeaeba2c84dbe14d81a25fd5fb6062c41bd19e99868945e5fd2c91,46284954,0x217c5543e9c404fbbd6f916c38b2897b2442d6b3b5ca9f675a64a4ef33812635,8,1,65388,6000000,1000000,5957401569,1600,1108639670,1101,60686760,659851,68,392328000000,398285401569
946,2026-09-02-v2-t1,0xa830b35cbe34a7c4a38c2521a4cb64a621d25acbf35041846cdbc1d4df308bd0,46284955,0x82bb5d1b161e0f364ba0a99aabb403795a7360c305b01b584685e9a6fa28f970,39,1,60588,6000000,1000000,5957401569,1600,1108639670,1101,60686760,659851,68,363528000000,369485401569
947,2026-09-02-v2-t1,0x60099ce0def7bd7e094f791f152f6c630dc3c1244893bbe5da1d6760e2d28902,46284953,0xc18a080e1a5e7c4d486b717fe76a899b692ec0988eb5cf41006cf15207ba451c,5,1,65388,6000000,1000000,5957401569,1600,1108639670,1101,60686760,659851,68,392328000000,398285401569
948,2026-09-02-v2-t1,0xacf97e1abc793ae5816ac8ffaf018cc753e28d72b4954b8570644a5c6f4346ff,46284951,0x40edbc3add849e348062e76460c95dfa4f14741c9c4cb29817153aaadd0cc7e0,18,1,65388,6000000,1000000,5957401569,1600,1108639670,1101,60686760,659851,68,392328000000,398285401569
949,2026-09-02-v2-t1,0xcfed84507557ebe5c8f3dfde3a414c45efa09bbccd95d6b6823e07ac2480dd87,46284953,0xc18a080e1a5e7c4d486b717fe76a899b692ec0988eb5cf41006cf15207ba451c,33,1,65376,6000000,1000000,5957401569,1600,1108639670,1101,60686760,659851,68,392256000000,398213401569
950,2026-09-02-v2-t1,0x290f2a114a239c214346c9fc6d270b36860e5e5d64b294e0053aef67874f40c7,46284952,0x327c3a7953b6cf7d6434415c24df957ef11e945644a85f96dbd2ff1e09a89fc1,6,1,65388,6000000,1000000,5957401569,1600,1108639670,1101,60686760,659851,68,392328000000,398285401569
951,2026-09-02-v2-t1,0x741e65c3a023edcc526755a28c7793220138552e41465d92d77da2f7741ccae4,46284996,0x1c97021b4fe857683dbdcee8a06e36108025b6b920f30d4146f5f0c282ea3cb5,23,1,65364,6000000,1000000,5967787901,1600,1027929854,1101,62998869,659851,68,392184000000,398151787901
952,2026-09-02-v2-t1,0xed8c12e11a04a05b21c0c676ca0ed6e0ded6981e139c6a104542c56821ebb7a1,46284998,0x55aa36776dcfb9f23fdc8bff78a5c95dd5981cb608fa2d303df86778844e82df,15,1,60588,6000000,1000000,5967787901,1600,1027929854,1101,62998869,659851,68,363528000000,369495787901
953,2026-09-02-v2-t1,0xc6a811809185ad9ebd106a1fd9d10607997f0605762a15359379a911965ed527,46284992,0x981f7462091acecb69e8c8d3a924e188b41cefdd799ae6dc0ab686f4436db230,33,1,65388,6000000,1000000,5983422519,1600,1080512953,1101,61832003,659851,68,392328000000,398311422519
954,2026-09-02-v2-t1,0xa2619aa2e9c1a77688e20a4540e496d971008d21c9913ac06966a9762fd58537,46284997,0xeeb14bbb18fca938d16e84fb9f8c20836bcfbf65df6ac3b165bc0c7a517ac746,8,1,65388,6000000,1000000,5967787901,1600,1027929854,1101,62998869,659851,68,392328000000,398295787901
955,2026-09-02-v2-t1,0xee9e8afbf0b9e52b1f552e69f0bbaf63243445ffd25860cab96b44661db74a60,46284992,0x981f7462091acecb69e8c8d3a924e188b41cefdd799ae6dc0ab686f4436db230,15,1,65388,6000000,1000000,5983422519,1600,1080512953,1101,61832003,659851,68,392328000000,398311422519
956,2026-09-02-v2-t1,0x588ee685eff1a81c5e79478f673a72148f66fd60b0302c8bc301056a4422a910,46284993,0xe0054b85f61c2b0edfef542b495cf54d7bce87f0ae46dc4c3d7cb2d355bda88b,15,1,65388,6000000,1000000,5967787901,1600,1027929854,1101,62998869,659851,68,392328000000,398295787901
957,2026-09-02-v2-t1,0x1275a3f1611ee4cab030d6f5597e17e7178e0b363e66924e6c2bf7d4bf8aa95e,46284997,0xeeb14bbb18fca938d16e84fb9f8c20836bcfbf65df6ac3b165bc0c7a517ac746,30,1,65388,6000000,1000000,5967787901,1600,1027929854,1101,62998869,659851,68,392328000000,398295787901
958,2026-09-02-v2-t1,0x64bdf3728eea4da9226b41e6518467cc27ef62305827bfd694d69f531f077398,46284996,0x1c97021b4fe857683dbdcee8a06e36108025b6b920f30d4146f5f0c282ea3cb5,10,1,65376,6000000,1000000,5967787901,1600,1027929854,1101,62998869,659851,68,392256000000,398223787901
959,2026-09-02-v2-t1,0xd1cf893eb6a6e418def2c46e66225f9e78284c3b5c768312220b96d002f2275b,46285043,0x152f9beaa44ec8677fae71fe773dde1944823c3a9839e36c056011363229b6a3,28,1,65376,6000000,1000000,6093639365,1600,1018608782,1101,65154984,659851,68,392256000000,398349639365
960,2026-09-02-v2-t1,0x3a7f0471864228937dc02d3982de77f50ce876d21a5fcb8caf96728cd8fcae30,46285040,0x4d67ea18d2a8875ee12c7a7e1f30e38be4817ea37c801792b4446c11c35ee007,24,1,65388,6000000,1000000,6166782393,1600,1069237923,1101,64911819,659851,68,392328000000,398494782393
961,2026-09-02-v2-t1,0xfb1fc5152076f2dc7d356e7dc02931490a89f4ed6f5e16218da6132cf41733bd,46285042,0xab1f1b0da0e79269ace09d2729392c64143c6b302ee5a71d9f4ca7c80879c760,13,1,65388,6000000,1000000,6166782393,1600,1069237923,1101,64911819,659851,68,392328000000,398494782393
962,2026-09-02-v2-t1,0xbc66b42aaa0de466ca5644dbff0f7f6025f2e6e07bf67f7f8910afcb736b93de,46285042,0xab1f1b0da0e79269ace09d2729392c64143c6b302ee5a71d9f4ca7c80879c760,37,1,65388,6000000,1000000,6166782393,1600,1069237923,1101,64911819,659851,68,392328000000,398494782393
963,2026-09-02-v2-t1,0x9bb0452cc477c0c9f89c62d03f8a0d093e5527204bc866bfbf82d851051ee549,46285044,0x5b9362206a38848239472ad952265bb7d42a89e16afb5e43edd3401226cac47e,15,1,60588,6000000,1000000,6093639365,1600,1018608782,1101,65154984,659851,68,363528000000,369621639365
964,2026-09-02-v2-t1,0x87bedc46a32ebf406af007c47dd3147f3e680237ceb428878c09ab2d71a7edf2,46285041,0xae848346512266f291483e3acd731bbe186c08871a003ed4575a8802f08374f3,30,1,65388,6000000,1000000,6166782393,1600,1069237923,1101,64911819,659851,68,392328000000,398494782393
965,2026-09-02-v2-t1,0xd9463c820ee51d2fe7b3cde4d159a8ef2c37647b8e2e9449bb26fb114cc67ef1,46285040,0x4d67ea18d2a8875ee12c7a7e1f30e38be4817ea37c801792b4446c11c35ee007,44,1,65388,6000000,1000000,6166782393,1600,1069237923,1101,64911819,659851,68,392328000000,398494782393
966,2026-09-02-v2-t1,0x61fcbb8ced43a76b7ebca2bea2bc2a71e870ec547cde6172269f13cffd256b1f,46285043,0x152f9beaa44ec8677fae71fe773dde1944823c3a9839e36c056011363229b6a3,9,1,65388,6000000,1000000,6093639365,1600,1018608782,1101,65154984,659851,68,392328000000,398421639365
967,2026-09-02-v2-t1,0x4c5e8bd1897b1c1accd4a4f4de745b459ff14ebb6f00e22e50d509ee0b66328f,46285087,0x282ab1668926a7d9b067bb834d8bf771cda8431eac97e9b6e4631d146a60564a,5,1,65376,6000000,1000000,6246006776,1600,1068326414,1101,66136794,659851,68,392256000000,398502006776
968,2026-09-02-v2-t1,0x0db837f66e9caf41bc9335148a43bcb765d467a1908cd70cba42a1bbddd10833,46285088,0x237c78fe1443bb1b1f2500f4458a9d7bbd066a5d9eafc05bba4580dab64dafc4,28,1,65376,6000000,1000000,6246006776,1600,1068326414,1101,66136794,659851,68,392256000000,398502006776
969,2026-09-02-v2-t1,0x10bc3b26aceff746140f9c414d42d584a90675f0badda9ff2e7ad0e0035aef19,46285090,0x7f08f016430a4ce6c65c845a9cba3722fdb9af54d2ee98f99e08e96f6d490baa,35,1,60588,6000000,1000000,6246006776,1600,1068326414,1101,66136794,659851,68,363528000000,369774006776
970,2026-09-02-v2-t1,0x2f33cfc6d9cad950187f3f04644c5ef4cd4dcd4d66a87ebe30edf78e7fd32db4,46285089,0x766e77fae08d0d4f05a087100bfe36882caf81b7995dab5d9ffe8bbd1cabd97e,38,1,65388,6000000,1000000,6246006776,1600,1068326414,1101,66136794,659851,68,392328000000,398574006776
971,2026-09-02-v2-t1,0x1ed574a5258346a9a3a7acfe30265ed2cc33532acac3cd4ae24f3599ee7216aa,46285090,0x7f08f016430a4ce6c65c845a9cba3722fdb9af54d2ee98f99e08e96f6d490baa,10,1,65388,6000000,1000000,6246006776,1600,1068326414,1101,66136794,659851,68,392328000000,398574006776
972,2026-09-02-v2-t1,0x1afa53587c50e8a4bfbcacaf37c141b6020d1219d1cdd8a5a51d07a19ec6de8b,46285087,0x282ab1668926a7d9b067bb834d8bf771cda8431eac97e9b6e4631d146a60564a,31,1,65388,6000000,1000000,6246006776,1600,1068326414,1101,66136794,659851,68,392328000000,398574006776
973,2026-09-02-v2-t1,0xc979a59f7585f6e85820f4969168fc423cfa8d7398b01d370adf162fb7c21e21,46285088,0x237c78fe1443bb1b1f2500f4458a9d7bbd066a5d9eafc05bba4580dab64dafc4,61,1,65388,6000000,1000000,6246006776,1600,1068326414,1101,66136794,659851,68,392328000000,398574006776
974,2026-09-02-v2-t1,0xe25498250ede8784a41814921956f1a3ab950d725d8823bc1438c30f23a7a80a,46285086,0x88dbc21c25e2e1cfda7de8d4f2ce71772489d3f9e1a113273962446a975da193,36,1,65388,6000000,1000000,6246006776,1600,1068326414,1101,66136794,659851,68,392328000000,398574006776
1020,2026-09-02-finalita-c1,0x605164788440e071c90bf40f6f33e8e7fd8070968551b574011e88f684096870,46285522,0x9b88ad2200bfd8585385d3764b55ce73e229c307ed2ff91bb44e867666b83b6d,40,1,60588,6000000,1000000,5978639079,1600,1162804354,1101,59562582,659851,68,363528000000,369506639079
1021,2026-09-02-finalita-c1,0xadfbcd63af911e18b5224e33b1444c4b2ab8267da716b061cc1e3cd37b1d5a7c,46285519,0x026745a63d96fa7cbd778e1cfb29807fa5ca0dd468833b4d6ee74054a265646f,14,1,65376,6000000,1000000,5719265602,1600,1105470263,1101,57162438,659851,68,392256000000,397975265602
1022,2026-09-02-finalita-c1,0x01f441865716688ceec5f06b7fb215878647c255546caf07c617f857228d17ca,46285517,0xb2a732294d3e242a072336be7062d0132a4bfcbf6958ba0611374d8533271fb7,33,1,65388,6000000,1000000,5719265602,1600,1105470263,1101,57162438,659851,68,392328000000,398047265602
1023,2026-09-02-finalita-c1,0x46e77803fa5a4090bf9bb8fb340a8346f864443ec1cf7d2b218eea9671fa2ccf,46285519,0x026745a63d96fa7cbd778e1cfb29807fa5ca0dd468833b4d6ee74054a265646f,30,1,65388,6000000,1000000,5719265602,1600,1105470263,1101,57162438,659851,68,392328000000,398047265602
1024,2026-09-02-finalita-c1,0x39cc004c979739b08b613aa878ebb9099a17ec66de39d8df9b245e6face4c8aa,46285520,0x1131337b57bed1f0fe9fd3fde50d68f9c09d09658eaa108f59fd2a7af9e922cf,16,1,65388,6000000,1000000,5719265602,1600,1105470263,1101,57162438,659851,68,392328000000,398047265602
1025,2026-09-02-finalita-c1,0x4e485dccebe7a3c65b606140eac9001cdfc8ebf99005812157f42982569ee4fb,46285516,0xfeaf39403ed871cdd8ca47f2cf2b7d66d872e64e7a79e8e5be6fe7f5206dbbb4,27,1,65388,6000000,1000000,5719265602,1600,1105470263,1101,57162438,659851,68,392328000000,398047265602
1026,2026-09-02-finalita-c1,0x4ae561d29bdccc71fb3ecfbd743ac312a3459673f059977e812210aefc0d05be,46285517,0xb2a732294d3e242a072336be7062d0132a4bfcbf6958ba0611374d8533271fb7,13,1,65388,6000000,1000000,5719265602,1600,1105470263,1101,57162438,659851,68,392328000000,398047265602
1027,2026-09-02-finalita-c1,0x706ff951369deed7915a417f94db8a8fe84767ab99fe66564c4180ea1d915392,46285516,0xfeaf39403ed871cdd8ca47f2cf2b7d66d872e64e7a79e8e5be6fe7f5206dbbb4,10,1,65388,6000000,1000000,5719265602,1600,1105470263,1101,57162438,659851,68,392328000000,398047265602
1028,2026-09-02-finalita-c1,0x8c07c5b1a8bcf14dcd8d994a8a8e752ae533c72fbcdf018d01798b9f6f60b1e6,46285514,0xd8137fc18358e40f59da0ce044ca91a1e1adadd04a1e8692a886b0b93e26e931,10,1,65376,6000000,1000000,5998322070,1600,982687673,1101,64669440,659851,68,392256000000,398254322070
1029,2026-09-02-finalita-c1,0x4f5d72f67b7a8a126c3de71ea74953e04a75a17ad9d0f44439e95c85e1d29fa0,46285514,0xd8137fc18358e40f59da0ce044ca91a1e1adadd04a1e8692a886b0b93e26e931,23,1,65376,6000000,1000000,5998322070,1600,982687673,1101,64669440,659851,68,392256000000,398254322070
1030,2026-09-02-finalita-c1,0xa0e83384b1a2650297f25e2efb2f129fb9a1dbc370080187fe8b40245f0182e2,46285515,0xfda8bb6586bf3168997245bbbc3a73995150ebda975f9d2440da89a00514e319,16,1,65388,6000000,1000000,5998322070,1600,982687673,1101,64669440,659851,68,392328000000,398326322070
1031,2026-09-02-finalita-c1,0xc8de24159b07cde8cf6274b3c9d09b356e3ab843ddeacefe90c74e8fec126c3b,46285522,0x9b88ad2200bfd8585385d3764b55ce73e229c307ed2ff91bb44e867666b83b6d,15,1,65388,6000000,1000000,5978639079,1600,1162804354,1101,59562582,659851,68,392328000000,398306639079
1032,2026-09-02-finalita-c1,0x6df1f2ee9208267aa36af56036ead646378f1332a975529d10ce55d4cbf438ee,46285521,0x787af96ef980de503981f696db3848bfe48c1082bb26ad8e41903f5f5d852dcf,26,1,65388,6000000,1000000,5719265602,1600,1105470263,1101,57162438,659851,68,392328000000,398047265602
1033,2026-09-02-finalita-c1,0xf766972d4cfe98aa7304fd067007dfb824ef5688998306fbd811c3ea591444d9,46285521,0x787af96ef980de503981f696db3848bfe48c1082bb26ad8e41903f5f5d852dcf,9,1,65388,6000000,1000000,5719265602,1600,1105470263,1101,57162438,659851,68,392328000000,398047265602
1034,2026-09-02-finalita-c1,0x0664c3901b1d7ee9c38c51b905b15c793d6951da18296f20109ab78040884ce9,46285513,0x7ded13fd7c917e1ea30720808e0b04ab2ada70fbbc90c18cb927d12eb02a78c3,11,1,65388,6000000,1000000,5998322070,1600,982687673,1101,64669440,659851,68,392328000000,398326322070
1035,2026-09-02-finalita-c3,0x98d0af8bb15985b6f0cf9413713439ab497529bc4488ca3448a6401b40719ab0,46285556,0xfbcf444f0c91e7aa2e2545323d7dc3d2a6106eafe68deaad72ed99fb11c81de1,30,1,65388,6000000,1000000,5915572789,1600,1042002154,1101,61831865,659851,68,392328000000,398243572789
1036,2026-09-02-finalita-c3,0x1cc9d8010299e0de3b175a9f4c6f93db8a40c92fa3a09d320dea59e6a0b31ecc,46285551,0x11886d8ff710d1f95b38b41466be6d75c31b9544675631b7079946c92f83bac3,19,1,65388,6000000,1000000,6489142783,1600,1092662980,1101,69171793,659851,68,392328000000,398817142783
1037,2026-09-02-finalita-c3,0x6ce4504e29f1a6124531659e75b20eee3942285f512ce4825e850738063f580e,46285549,0x873575abe4362b81e93b328fb8322c03bcdf51961c2d502b82e2c5c5180d1963,31,1,65388,6000000,1000000,6489142783,1600,1092662980,1101,69171793,659851,68,392328000000,398817142783
1038,2026-09-02-finalita-c3,0xa85d67441e60fcc38dd0a959de406168745dfa05b70ce8d0d5e4e09939867ee5,46285550,0x18b2105fdb3dff0ad9a2e0ab6236233c1e706869c7dd977eabe64a2ee4e16ad7,34,1,65388,6000000,1000000,6489142783,1600,1092662980,1101,69171793,659851,68,392328000000,398817142783
1039,2026-09-02-finalita-c3,0x2b6407b76fa8533bc88a23929185ee9c1eaeffc53b88694423c63d8d71c95651,46285550,0x18b2105fdb3dff0ad9a2e0ab6236233c1e706869c7dd977eabe64a2ee4e16ad7,8,1,65388,6000000,1000000,6489142783,1600,1092662980,1101,69171793,659851,68,392328000000,398817142783
1040,2026-09-02-finalita-c3,0xcdc9e1cff9b36d9339276bb4cce5e52516d4bafc03728a34f1fcfed75eae09cf,46285557,0xae1f0ef9c78ebf2c81fdc15d909130ea7ecf20686e00e24aaad1d6b85d8ae7f8,28,1,60588,6000000,1000000,5915572789,1600,1042002154,1101,61831865,659851,68,363528000000,369443572789
1041,2026-09-02-finalita-c3,0x32504fd83eb05a66a8223e171318cde22fda6938981e96fde35c56a9f1935b99,46285552,0x669fdb5bd344fa54351ca95ca2282587ad7f1575b01f0635521af1a24d37f84d,22,1,65388,6000000,1000000,5915572789,1600,1042002154,1101,61831865,659851,68,392328000000,398243572789
1042,2026-09-02-finalita-c3,0xbe65d72aa36c0296475ab0da5e66ed0fd17913d2581bef346e0f6cf1939ad4ea,46285556,0xfbcf444f0c91e7aa2e2545323d7dc3d2a6106eafe68deaad72ed99fb11c81de1,14,1,65388,6000000,1000000,5915572789,1600,1042002154,1101,61831865,659851,68,392328000000,398243572789
1043,2026-09-02-finalita-c3,0x2fe6c89e4c534736e943e971bc561ce619fa9113ab2e2277cbf867dd308c6105,46285552,0x669fdb5bd344fa54351ca95ca2282587ad7f1575b01f0635521af1a24d37f84d,9,1,65388,6000000,1000000,5915572789,1600,1042002154,1101,61831865,659851,68,392328000000,398243572789
1044,2026-09-02-finalita-c3,0xca22110a8aae698c343d43b25e4be2864c48de553d2f43f2ae1812e2333b3374,46285554,0x22a65a5425751ddf670b46cac1a75685fc6e46a80bc67d7a4989341afb5b53dd,21,1,65388,6000000,1000000,5915572789,1600,1042002154,1101,61831865,659851,68,392328000000,398243572789
1045,2026-09-02-finalita-c3,0x5b544b30b027b839a18734f0ecf2a975241f8c4a4f8def2de14052a6cc5e4da4,46285549,0x873575abe4362b81e93b328fb8322c03bcdf51961c2d502b82e2c5c5180d1963,8,1,65388,6000000,1000000,6489142783,1600,1092662980,1101,69171793,659851,68,392328000000,398817142783
1046,2026-09-02-finalita-c3,0x4d073488655448f58475936996f840f5f012471072061b4c505f4037afc1ea78,46285553,0x748ea3afba6ebcf2370d0bbbd369069f25908dc94b5e3eb9a51f63357872eacc,33,1,65376,6000000,1000000,5915572789,1600,1042002154,1101,61831865,659851,68,392256000000,398171572789
1047,2026-09-02-finalita-c3,0x3d6cbf74d74ec97a5c376412151e96ecd22da2574e16f08d7e90983e32570285,46285555,0x99bab0aba7272b091a08b236b26ffb0225eea21dfff7e2b9703aec21b11a8b5a,33,1,65376,6000000,1000000,5915572789,1600,1042002154,1101,61831865,659851,68,392256000000,398171572789
1048,2026-09-02-finalita-c3,0xcd6911f8cbdee584f5c704e1330173330c7a7749dd8b8231a4b79c10292ebe2d,46285548,0x06a24f945c167d28e2eec0ac4705f79385bcedb3558b22ab07914ea0560cf62d,12,1,65388,6000000,1000000,6489142783,1600,1092662980,1101,69171793,659851,68,392328000000,398817142783
1049,2026-09-02-finalita-c3,0x8a95d3326964fe69b3b0ef17a8a21ea6e0a8c17c817fd96d8a07a6c097fe5673,46285555,0x99bab0aba7272b091a08b236b26ffb0225eea21dfff7e2b9703aec21b11a8b5a,12,1,65388,6000000,1000000,5915572789,1600,1042002154,1101,61831865,659851,68,392328000000,398243572789
1050,2026-09-02-finalita-c6,0x5f3d4022f453b161ed5a019e486c59e728de5e0b23010b490dd7717b9387afa6,46285586,0x426341f9b63af583c18e9a4ed0e1acb6199f87a1303aa5ab4b459e6c0cede41d,5,1,65388,6000000,1000000,5942134260,1600,1057080566,1101,61831855,659851,68,392328000000,398270134260
1051,2026-09-02-finalita-c6,0xb61d3f75f03ad6d35c22dca7af431863f4d89004ea8648703cf2bd2a4b9b0788,46285584,0xc6570dc86be4cbdc91a4ee9266e70f9af79a2f359d78e08586a96d423dc220c6,4,1,65388,6000000,1000000,5942134260,1600,1057080566,1101,61831855,659851,68,392328000000,398270134260
1052,2026-09-02-finalita-c6,0x9badf46eaf74b7430ecfdd262768a57dc5838aaa70df90e79cb0a36044653898,46285590,0xd5a0eb1cc4c3e56fba5de019e8b5ee5d698057618f67add1a7c7ad3bc2a6f28a,9,1,65388,6000000,1000000,5977783499,1600,1006990060,1101,63709380,659851,68,392328000000,398305783499
1053,2026-09-02-finalita-c6,0x19a718827b8b1f3e6f7d597fbe4c149c29a3aa3efb046df5deda27c98a5c3041,46285583,0xe1beeaa9fd392573564ba267da024fe4ea382e901abdc175ad5bd94a319ee1ef,25,1,65388,6000000,1000000,5942134260,1600,1057080566,1101,61831855,659851,68,392328000000,398270134260
1054,2026-09-02-finalita-c6,0x4c01ef70d4d5a86dfa41a4a6eaa31d0539171c207808cf4aa95809734a1fb5a4,46285591,0x890ec7188bceb2023d14cd02355c3bb74de00148fa9a58901c8e66f117ff18da,15,1,65388,6000000,1000000,5977783499,1600,1006990060,1101,63709380,659851,68,392328000000,398305783499
1055,2026-09-02-finalita-c6,0xce1fa2fd7ff23fc5c4cce81904fb20618a73d38b7d18d203769250c928be885f,46285589,0x9622459d5b0d7670cd394c5aa0b6d4a7981f1417374c34304b736d58ddc5a6e8,6,1,65388,6000000,1000000,5977783499,1600,1006990060,1101,63709380,659851,68,392328000000,398305783499
1056,2026-09-02-finalita-c6,0x102678e6073eac23006af9bf0148fcf05bac5b2847051626568af193fe239ef8,46285585,0x3d02594bb5a93aa44503e5abe154e66109cebc9674c592058a5cff9c971833d2,23,1,65376,6000000,1000000,5942134260,1600,1057080566,1101,61831855,659851,68,392256000000,398198134260
1057,2026-09-02-finalita-c6,0x0f8ec7cb3d3f55d0c8fd4f954dabe58d37d5992b6a88f1f3ccb7033819150c1a,46285592,0xfd2f7e51a1aef54f8d4e7c9b7289f6cc6a94d07bf7fa7820af1e63e8b6852d9f,32,1,60588,6000000,1000000,5977783499,1600,1006990060,1101,63709380,659851,68,363528000000,369505783499
1058,2026-09-02-finalita-c6,0x37176b03d68b4737a64dac9471cc0100727aff3fb4608c43a687de9f9a757d44,46285582,0x108e527d7284e9d9527ef6f4065339dd5135f828b7e8405f6902abf0c3715835,32,1,65376,6000000,1000000,5942134260,1600,1057080566,1101,61831855,659851,68,392256000000,398198134260
1059,2026-09-02-finalita-c6,0xe9b83caeca3f73b0f2e53a8b3d434c2d43301b02b15731ab41cfaf8c1d03254e,46285586,0x426341f9b63af583c18e9a4ed0e1acb6199f87a1303aa5ab4b459e6c0cede41d,28,1,65388,6000000,1000000,5942134260,1600,1057080566,1101,61831855,659851,68,392328000000,398270134260
1060,2026-09-02-finalita-c6,0xb3e8a421ba5bf5d0313de919dcf0a981e10ba78e3bbfa358cd1ab61d3843d2e3,46285590,0xd5a0eb1cc4c3e56fba5de019e8b5ee5d698057618f67add1a7c7ad3bc2a6f28a,30,1,65388,6000000,1000000,5977783499,1600,1006990060,1101,63709380,659851,68,392328000000,398305783499
1061,2026-09-02-finalita-c6,0x1aaacf9d1222a93ed948b9cf6490993228de33075396b5ce1fa9ab9194545f64,46285588,0x4cfacc293a96c84e7f9e35d79da7e3e8de87edcabf8764298df15c5b258b4b78,19,1,65376,6000000,1000000,5977783499,1600,1006990060,1101,63709380,659851,68,392256000000,398233783499
1062,2026-09-02-finalita-c6,0x3c6683af5b0fcf2c1db89a441a4cacd806d81012749f969ca820f0efb5904055,46285592,0xfd2f7e51a1aef54f8d4e7c9b7289f6cc6a94d07bf7fa7820af1e63e8b6852d9f,6,1,65388,6000000,1000000,5977783499,1600,1006990060,1101,63709380,659851,68,392328000000,398305783499
1063,2026-09-02-finalita-c6,0xf644abdc4af151039c7c657deaf64b1a15d1b996800649156bc6776b6a806824,46285584,0xc6570dc86be4cbdc91a4ee9266e70f9af79a2f359d78e08586a96d423dc220c6,32,1,65388,6000000,1000000,5942134260,1600,1057080566,1101,61831855,659851,68,392328000000,398270134260
1064,2026-09-02-finalita-c6,0x5df2f8821eeb31e2dfcde4d3ecd6933fac3c31bf165eb4191a9ea71176d1dd92,46285587,0xc775efb6bc6547e803854e9c6814dc66dbeef6372e901d8cf9f56d07811321f9,7,1,65388,6000000,1000000,5942134260,1600,1057080566,1101,61831855,659851,68,392328000000,398270134260
1065,2026-09-02-finalita-c12,0xe10fdf5c7ef27c1430c347b026d84f52b13b952e64faededb2dcd47033a5eed6,46285629,0x68688f4b2576a68ad200a2350f76f84bd8e94f5f1dcda260504b8822bd5b452b,9,1,65388,6000000,1000000,5954903586,1600,1081585038,1101,61371179,659851,68,392328000000,398282903586
1066,2026-09-02-finalita-c12,0x6047798f4f56f5806ee8e7e1874ef06a0bd32f8263f50b623598b8c72a226923,46285623,0x1da7e574cd0d566f7f19e7020447fde3718fd8214fb3287d19b226961c9de7d4,29,1,65388,6000000,1000000,5954903586,1600,1081585038,1101,61371179,659851,68,392328000000,398282903586
1067,2026-09-02-finalita-c12,0x24af356a0860f59b9aeaa47dd0386dd40986c3a217f60cda883720dec223197a,46285631,0x23c9ef07363c3ef39d90f504dc7e4458ac0e0e02e00c86ab7fc98a187ebb8a69,5,1,65388,6000000,1000000,5976774663,1600,1024197096,1101,63234716,659851,68,392328000000,398304774663
1068,2026-09-02-finalita-c12,0x85dc5874b900cece338ef1f4277955eba0d0f2d02490be018f7c9dec6985b7db,46285633,0x8f4db96267536e5a65cab73f6760194d9ab1699f45c128e30a0d0fc0b872676e,12,1,65376,6000000,1000000,5976774663,1600,1024197096,1101,63234716,659851,68,392256000000,398232774663
1069,2026-09-02-finalita-c12,0x8394f1229270400fab9a548350db201c8c9a02755d086c6adf6a4c8582ddd386,46285624,0xb8acd30587c0d3bd07bfc59ffd8bbdf8d3101011521b15c9e3e9804cd95f8f5b,33,1,65388,6000000,1000000,5954903586,1600,1081585038,1101,61371179,659851,68,392328000000,398282903586
1070,2026-09-02-finalita-c12,0x6cdfe8217aeed915c78f5bde5c9e8040c5cdc69514f5906089f8fcd9dc98974e,46285632,0x11941e80e6882f994aaf105d083f11120ceec8912a9458abda9f3f821d2e1166,27,1,65388,6000000,1000000,5976774663,1600,1024197096,1101,63234716,659851,68,392328000000,398304774663
1071,2026-09-02-finalita-c12,0x43a4c5f695b60b138f74203664386d6c120d88621a02f25acd397e8a18b4e2d7,46285629,0x68688f4b2576a68ad200a2350f76f84bd8e94f5f1dcda260504b8822bd5b452b,22,1,65388,6000000,1000000,5954903586,1600,1081585038,1101,61371179,659851,68,392328000000,398282903586
1072,2026-09-02-finalita-c12,0xa2f0831f7de469fb746a765175bd7c1d93516e1e7ae63f37c0e17e1df1b805de,46285628,0x4014ccb9502787bb4d4a80778ab362db9ae18ca1a16d0a66a8e874a914a75904,24,1,65388,6000000,1000000,5954903586,1600,1081585038,1101,61371179,659851,68,392328000000,398282903586
1073,2026-09-02-finalita-c12,0x65b6a694033eacca3e9fa2676403589a388290cc5f02285e85ae1331f4849d1b,46285628,0x4014ccb9502787bb4d4a80778ab362db9ae18ca1a16d0a66a8e874a914a75904,13,1,65376,6000000,1000000,5954903586,1600,1081585038,1101,61371179,659851,68,392256000000,398210903586
1074,2026-09-02-finalita-c12,0xcd7baf8e24ca29b7297f563aad9cd81d2a0a96c06e711f52d04fa060dd4fc7c8,46285625,0x84eea9f388a1053dac96ff95e1a4bf8e4b85d7bae2116f5995f01da18abd843a,18,1,65388,6000000,1000000,5954903586,1600,1081585038,1101,61371179,659851,68,392328000000,398282903586
1075,2026-09-02-finalita-c12,0x61cfda292fb0ad82da2598f2e36ca0c14e6b8e9da6dce859dde7d5d020478681,46285634,0x319fe921078b395524a5c54cb1790a224199da3ba1313b2cbabcd0b26b9822ef,17,1,60588,6000000,1000000,5976774663,1600,1024197096,1101,63234716,659851,68,363528000000,369504774663
1076,2026-09-02-finalita-c12,0x5abf6d203d25ae35e6b645a2b6741109e890fef2aa21123f827dbee76ea9a185,46285624,0xb8acd30587c0d3bd07bfc59ffd8bbdf8d3101011521b15c9e3e9804cd95f8f5b,21,1,65388,6000000,1000000,5954903586,1600,1081585038,1101,61371179,659851,68,392328000000,398282903586
1077,2026-09-02-finalita-c12,0x1328bca42e445da90b22b80201ebbd8ccf9a9a79bf9de58dfdb5d7c7a208acf9,46285632,0x11941e80e6882f994aaf105d083f11120ceec8912a9458abda9f3f821d2e1166,5,1,65388,6000000,1000000,5976774663,1600,1024197096,1101,63234716,659851,68,392328000000,398304774663
1078,2026-09-02-finalita-c12,0x082031f986db2642032b2e02ae4e5b4dd4c4568e0c8955ef49dee387a4796852,46285634,0x319fe921078b395524a5c54cb1790a224199da3ba1313b2cbabcd0b26b9822ef,4,1,65388,6000000,1000000,5976774663,1600,1024197096,1101,63234716,659851,68,392328000000,398304774663
1079,2026-09-02-finalita-c12,0x8b53555f2b21033e4dae6549925beb24258bdbf663720f016b3990cb640211ed,46285631,0x23c9ef07363c3ef39d90f504dc7e4458ac0e0e02e00c86ab7fc98a187ebb8a69,16,1,65388,6000000,1000000,5976774663,1600,1024197096,1101,63234716,659851,68,392328000000,398304774663
1080,2026-09-02-finalita-c24,0xd78006b48c7ec040a2f2d5897432ad2bc26b7b8dddf71deda94bfee771797fa9,46285674,0xac22053ba162beaa6be10aa56644aa65556fb97b46b813ea3d0bd3a923efedba,41,1,65388,6000000,1000000,6023086211,1600,1162868948,1101,60234451,659851,68,392328000000,398351086211
1081,2026-09-02-finalita-c24,0x98d5fdf3f691a12d859a60201f2c905030a0019353f478dc825f860a497009a8,46285672,0x6f1b59d7f7da46a8747d2d17e439b5baeaab09e5dbbf36bca951c83e09b9447e,12,1,65376,6000000,1000000,6023086211,1600,1162868948,1101,60234451,659851,68,392256000000,398279086211
1082,2026-09-02-finalita-c24,0x01c629bcfb5c578c289b44e3117b1a834914d2ad6e1a57f4f5b3dd9d5fd850c6,46285674,0xac22053ba162beaa6be10aa56644aa65556fb97b46b813ea3d0bd3a923efedba,15,1,65388,6000000,1000000,6023086211,1600,1162868948,1101,60234451,659851,68,392328000000,398351086211
1083,2026-09-02-finalita-c24,0x9a3953e1e98acd63a0b58e201034d1bc024ae4e16e9b02592208482b342a43a5,46285682,0x7f9dc51d1d7300791011c4a3d0d72d1fc88058c5e7490b78ba709f92308fdf01,16,1,65388,6000000,1000000,6057424320,1600,1139782923,1101,61371169,659851,68,392328000000,398385424320
1084,2026-09-02-finalita-c24,0xe7e3e2f8e10dbbe89fdf8d3f4c899e1439cb53ff459e19fd3dd544df124f1007,46285677,0xd8d80d7ed9ff53cd4e6eab5e3ea1d24caf77aa9ee341ecd23f57974273e6f208,28,1,65388,6000000,1000000,6023086211,1600,1162868948,1101,60234451,659851,68,392328000000,398351086211
1085,2026-09-02-finalita-c24,0xa165fb69d34eb396743b4eb9b6e4aadb8fdc06af04325695240674dbe9e7f540,46285681,0x8c6f56f4abd5ac9a98ee489179d1996f87b009f5d6946fd72bd1b1df30f6ee89,27,1,65388,6000000,1000000,6057424320,1600,1139782923,1101,61371169,659851,68,392328000000,398385424320
1086,2026-09-02-finalita-c24,0x764545170b6f6de2cedbf0c4c4cdf29c3f764d7350b2031ca43d2aace1721f72,46285673,0x18bc9c4be26b906ce1e67711aad4d22d195354f6db611c27011c66e118237068,15,1,65388,6000000,1000000,6023086211,1600,1162868948,1101,60234451,659851,68,392328000000,398351086211
1087,2026-09-02-finalita-c24,0x3db5b5ea30e9cc4a4e247b48061149ca0c3e72ac159a0e27bd65c0ec64b9705a,46285671,0xec58bb10dd8461a7c6578a3719f26970eeb41297578b860d9ed0931ec820a947,26,1,65388,6000000,1000000,5833114821,1600,1113316994,1101,58678332,659851,68,392328000000,398161114821
1088,2026-09-02-finalita-c24,0x9669eb0a77bd4fbf7b4ff7feb671e5182b9cf30d8496d06a47f52a61fe93f9e5,46285678,0xe6e4cd92670d3dff93e3ca6e8a0049b5176539f69e261931fa261010e54c6b41,9,1,65388,6000000,1000000,6057424320,1600,1139782923,1101,61371169,659851,68,392328000000,398385424320
1089,2026-09-02-finalita-c24,0xc76771ee14720966fbc43c7dff793f1e8487822e6b3fe5c731a1a079680998f3,46285672,0x6f1b59d7f7da46a8747d2d17e439b5baeaab09e5dbbf36bca951c83e09b9447e,44,1,65388,6000000,1000000,6023086211,1600,1162868948,1101,60234451,659851,68,392328000000,398351086211
1090,2026-09-02-finalita-c24,0x55d45451f9c5ec4af76639225b63c3ae556d5f29a32f49e261ae140ca3366dbe,46285677,0xd8d80d7ed9ff53cd4e6eab5e3ea1d24caf77aa9ee341ecd23f57974273e6f208,8,1,65388,6000000,1000000,6023086211,1600,1162868948,1101,60234451,659851,68,392328000000,398351086211
1091,2026-09-02-finalita-c24,0x9bd288ddc5b10366fa27762e9569086cf32bf6b185494498d5307caf2ba0aded,46285681,0x8c6f56f4abd5ac9a98ee489179d1996f87b009f5d6946fd72bd1b1df30f6ee89,4,1,65388,6000000,1000000,6057424320,1600,1139782923,1101,61371169,659851,68,392328000000,398385424320
1092,2026-09-02-finalita-c24,0xeb2b96f6ae5981101fa908cacca23dd16efef27b5ffaea2e191841ae957af9eb,46285682,0x7f9dc51d1d7300791011c4a3d0d72d1fc88058c5e7490b78ba709f92308fdf01,30,1,60588,6000000,1000000,6057424320,1600,1139782923,1101,61371169,659851,68,363528000000,369585424320
1093,2026-09-02-finalita-c24,0x173a95cbc0254585d45e15ce9a670829085195244f8c31a3b4fb1320b47e8eba,46285675,0x3288f6f1d969bc50629e61161f2d3d68c8d4a0777346e363d5c8e2e7124ca83b,34,1,65388,6000000,1000000,6023086211,1600,1162868948,1101,60234451,659851,68,392328000000,398351086211
1094,2026-09-02-finalita-c24,0x33266d11914e10f28f00546678b412af2f33db04aa5660c0207c4327a632a21c,46285675,0x3288f6f1d969bc50629e61161f2d3d68c8d4a0777346e363d5c8e2e7124ca83b,9,1,65364,6000000,1000000,6023086211,1600,1162868948,1101,60234451,659851,68,392184000000,398207086211
1095,2026-09-02-finalita-safe,0x9ea430975ba9c8b1eb3da1333faaffe45075bc615d46577d2d165a4923bb5900,46285737,0xfeb3bde512c4ddaab100c0626cf8b94284c370f5bc0bc4e9a6d3a24f7a4d209b,28,1,65388,6000000,1000000,6026657958,1600,1087677533,1101,62295961,659851,68,392328000000,398354657958
1096,2026-09-02-finalita-safe,0x32ec301c7501ddba0a6ebc3176bb8b7dd7834c6678cc884b52ea74d9fabe29ea,46285733,0xf025e55d1cf961f7180ba43289786be356059db48d729182775f79faa21c7ce0,8,1,65388,6000000,1000000,6026657958,1600,1087677533,1101,62295961,659851,68,392328000000,398354657958
1097,2026-09-02-finalita-safe,0x5e3be20ba98ddfc84648326866dce657106d055e0a954a9349fa1262bf961c34,46285740,0xb6942fcd8c8d38196e43adf5a91227254596407c963cbd4a0aaf4e6815258cab,12,1,60588,6000000,1000000,6276414648,1600,1066998223,1101,66633082,659851,68,363528000000,369804414648
1098,2026-09-02-finalita-safe,0x9c55c507fd6c7235e7b10341573cfdeb1baa4b68329e4fd5b411345dc9784c12,46285730,0xdfbd07358d4f02ac77da07542b5bb34ed3b12bb8b6cbfc8167cc3ac2ef973f1d,25,1,65388,6000000,1000000,6019004906,1600,1152100262,1101,60460090,659851,68,392328000000,398347004906
1099,2026-09-02-finalita-safe,0x4870f19fa34b95f75a6d7d22923372b65b2291e13b787924326a379b17c6740c,46285738,0x150142a9c52791d22204ebb94d22f0602b0ee73ffefa8a34fa6003fc62c0adde,19,1,65388,6000000,1000000,6276414648,1600,1066998223,1101,66633082,659851,68,392328000000,398604414648
1100,2026-09-02-finalita-safe,0x89736d8c97be35da342cddc231bb7c53a8437066d0b4612cf1e1e181e548bb83,46285738,0x150142a9c52791d22204ebb94d22f0602b0ee73ffefa8a34fa6003fc62c0adde,42,1,65388,6000000,1000000,6276414648,1600,1066998223,1101,66633082,659851,68,392328000000,398604414648
1101,2026-09-02-finalita-safe,0x6db84837b4fa8208a401688a1eacf654df99c1392b68d15f408d5f0fa11453a7,46285733,0xf025e55d1cf961f7180ba43289786be356059db48d729182775f79faa21c7ce0,37,1,65388,6000000,1000000,6026657958,1600,1087677533,1101,62295961,659851,68,392328000000,398354657958
1102,2026-09-02-finalita-safe,0x69cc8c6c61d6ec46726d1c828ec038fed3216fc6f698d4043e103d8169e2d527,46285735,0x0b271d6b8d6110124a93e937d459c7b50645242f9ab470c0dcf6dcabbf27f6ea,16,1,65388,6000000,1000000,6026657958,1600,1087677533,1101,62295961,659851,68,392328000000,398354657958
1103,2026-09-02-finalita-safe,0x26c6ed017af11d2ae37a630ac19be2e8e6aa9196b2852ad55388d5b900fe2bed,46285732,0x6a29410314c99199ae589eefed294e01a4eaa469183ea2883f46287a14934724,7,1,65388,6000000,1000000,6026657958,1600,1087677533,1101,62295961,659851,68,392328000000,398354657958
1104,2026-09-02-finalita-safe,0xd3f4264e1cc0476fe4a72c5b2873d408a7b2e331d98a5882cb553c9606d7cb13,46285739,0xdd3b34d4357a59b40c0ea8e4b20de4b708aae3d7096b71af54a113e419b0d19b,14,1,65388,6000000,1000000,6276414648,1600,1066998223,1101,66633082,659851,68,392328000000,398604414648
1105,2026-09-02-finalita-safe,0x0f1367279c75c1f0f2b076018f972a86e64e860f866b6902c8795b6490f1b529,46285731,0x940f14529c50d443adfb485b2ed3c2eac756cd662fc4d123c5eae2bbf45f818b,20,1,65388,6000000,1000000,6019004906,1600,1152100262,1101,60460090,659851,68,392328000000,398347004906
1106,2026-09-02-finalita-safe,0xdf69826b8ceae4733c57eccbcc35a7ba642bd756df0f67ada70ce43a28f7b3b1,46285732,0x6a29410314c99199ae589eefed294e01a4eaa469183ea2883f46287a14934724,22,1,65388,6000000,1000000,6026657958,1600,1087677533,1101,62295961,659851,68,392328000000,398354657958
1107,2026-09-02-finalita-safe,0xf9dc76e00b68a35ef15795b9598c609ca0037963f09756ae36c5f3850cdb5432,46285734,0x1b63368873322f0fbab858f5f6be107768439ce8bb5fb4de3fd01c065303b4e6,18,1,65388,6000000,1000000,6026657958,1600,1087677533,1101,62295961,659851,68,392328000000,398354657958
1108,2026-09-02-finalita-safe,0xc915b9de853a4e50c27e9403f07af7878453c10beeea0be65be4f78f1a5ffd89,46285736,0xa3c6a9d662bb829b1dae07942055c07b4b52b783abafbdd933b0d4ba3c1f9bb5,25,1,65388,6000000,1000000,6026657958,1600,1087677533,1101,62295961,659851,68,392328000000,398354657958
1109,2026-09-02-finalita-safe,0x2674768a3b968377aa4dbd893bbd0aa1ff9bb2603e2508e5d6f4bb35d7eed619,46285737,0xfeb3bde512c4ddaab100c0626cf8b94284c370f5bc0bc4e9a6d3a24f7a4d209b,12,1,65388,6000000,1000000,6026657958,1600,1087677533,1101,62295961,659851,68,392328000000,398354657958
1110,2026-09-02-finalita-finalized,0x9ba79a9810f99ab75bd2c27f7d75709dc28bc65aae800178e59e9c662da0d8d8,46285873,0x1429fcfc85c7ac733e243d70a830d31047333f47adcee5e402619e8ac898ada7,12,1,65388,6000000,1000000,5946301945,1600,1119282498,1101,60234415,659851,68,392328000000,398274301945
1111,2026-09-02-finalita-finalized,0xb56c4dbc43877bb37984151c0bb35c5a499dc7ee9adb32122d6d0025e11c398e,46285877,0x0a0a5a5ad0f7bc71c70eca48a16ddb7c8656b9326c96a64af4e94b2cc35cab07,12,1,65388,6000000,1000000,6145602995,1600,1146458229,1101,62529301,659851,68,392328000000,398473602995
1112,2026-09-02-finalita-finalized,0xb2c02f4011ed865946937718415363710f36608c60b24e888ba791640698a5a5,46285870,0x65a726607bb55ba4ea21e64a07c6a19d027dabab42736d61ff7208154bc03fe4,16,1,65388,6000000,1000000,5946301945,1600,1119282498,1101,60234415,659851,68,392328000000,398274301945
1113,2026-09-02-finalita-finalized,0xf8b2bb45c282da8b4c33885ba2a8e6c656284173cfeaabdeae2e0dcfd2b3b982,46285875,0xa96d31450fefb951afb586d178d426c127ceb5447a6ee1e3ac3bc5266e59debf,1,1,65388,6000000,1000000,5946301945,1600,1119282498,1101,60234415,659851,68,392328000000,398274301945
1114,2026-09-02-finalita-finalized,0x844159e713113dd8d5c93dabb340fc2c3815c5925bac1d76c790a233225e224b,46285871,0x3a6bfb684191a9a23e3d3422a4195b986edd1fa6eb2272076cd04bcaa30b8bdf,35,1,65388,6000000,1000000,5946301945,1600,1119282498,1101,60234415,659851,68,392328000000,398274301945
1115,2026-09-02-finalita-finalized,0xecbe999653cb9a08c084575fbb3847849d78950462712ec36d75dd2ee4b4d5d4,46285875,0xa96d31450fefb951afb586d178d426c127ceb5447a6ee1e3ac3bc5266e59debf,35,1,65388,6000000,1000000,5946301945,1600,1119282498,1101,60234415,659851,68,392328000000,398274301945
1116,2026-09-02-finalita-finalized,0xd970be04183c09ac3b2cc7216bdfbed5b32bbe5180d3c5dc79894e71d5a57955,46285872,0x967fea18f58f610991026bb4def4e6c345d23382282fc53ac32420bdc4b2e345,20,1,65364,6000000,1000000,5946301945,1600,1119282498,1101,60234415,659851,68,392184000000,398130301945
1117,2026-09-02-finalita-finalized,0x0fd62b2e24123ce8af2e553aebe3bc74269d5213bd708f1cd24df88a44a924db,46285876,0x1263306a35fc4e998a212b30d5917aaec3332f3c8a62648aceafad0eb06357a5,37,1,65388,6000000,1000000,6145602995,1600,1146458229,1101,62529301,659851,68,392328000000,398473602995
1118,2026-09-02-finalita-finalized,0x98d695cc10ee62bfd7d9ef7a74cd27fa76dce486b59aa422a5edf0d5a04d510e,46285869,0xf5c6a77f66fe73c5f179c2aeb08fdde14708b1b94211019c9c4786a720994261,27,1,65388,6000000,1000000,6100500598,1600,994980099,1101,65889779,659851,68,392328000000,398428500598
1119,2026-09-02-finalita-finalized,0xcb2f140df7f2574cf91a80d85c749971885da2c8e0829b2b338daff250b20b5c,46285873,0x1429fcfc85c7ac733e243d70a830d31047333f47adcee5e402619e8ac898ada7,35,1,65388,6000000,1000000,5946301945,1600,1119282498,1101,60234415,659851,68,392328000000,398274301945
1120,2026-09-02-finalita-finalized,0x6b0d2e0d9597a7fc04c8db4dba84e0c021478480ec53489d23d8c7ab55a1024f,46285876,0x1263306a35fc4e998a212b30d5917aaec3332f3c8a62648aceafad0eb06357a5,14,1,65388,6000000,1000000,6145602995,1600,1146458229,1101,62529301,659851,68,392328000000,398473602995
1121,2026-09-02-finalita-finalized,0x17cfd962a40bdde93d86dc69edefca3bb9c0c2a8c241e85ddf669e21397d884a,46285871,0x3a6bfb684191a9a23e3d3422a4195b986edd1fa6eb2272076cd04bcaa30b8bdf,10,1,65388,6000000,1000000,5946301945,1600,1119282498,1101,60234415,659851,68,392328000000,398274301945
1122,2026-09-02-finalita-finalized,0x26dff6af22e68d85280c776be543b87419325a555d84abc6950b406a93e78933,46285869,0xf5c6a77f66fe73c5f179c2aeb08fdde14708b1b94211019c9c4786a720994261,16,1,65388,6000000,1000000,6100500598,1600,994980099,1101,65889779,659851,68,392328000000,398428500598
1123,2026-09-02-finalita-finalized,0xea81813dff9947595b2cc53d30ed3e6a13c6750a07802c87ea29a5af4af40ae3,46285878,0xbd1f4456762a3f08c727ae1d7908e6258af57e973f66e8cebafd082e716e9400,7,1,65388,6000000,1000000,6145602995,1600,1146458229,1101,62529301,659851,68,392328000000,398473602995
1124,2026-09-02-finalita-finalized,0xe3a1c895bb89f4a66870b9336570a13b87da2c695624f28332017bc22496157e,46285878,0xbd1f4456762a3f08c727ae1d7908e6258af57e973f66e8cebafd082e716e9400,30,1,60588,6000000,1000000,6145602995,1600,1146458229,1101,62529301,659851,68,363528000000,369673602995
1127,2026-09-02-v2-permit,0xfb8c2864575b82b5a0024863e45ffcf5ee2e37a803df01412d87d4aada7a49fd,46286450,0xb1ff615234eed6e171fb9334b9f8f221907e5f33c7c13fc08d0ab4d67994f185,20,1,81672,6000000,1000000,9355293991,2678,1094852010,1101,55477676,659851,196,490032000000,499387293991
1128,2026-09-02-v2-permit,0x88543787e34752ccc6b84536abb80e1265c92022ce81e86cc19690b17b9c7bd0,46286456,0x267c8ab08c6f1b37ea0cc6bdebe6ba0e13146aeaccb2a4b185749fe6d6d2d8a2,17,1,82858,6000000,1000000,9584268700,2678,1109410042,1101,57162257,659851,196,497148000000,506732268700
1129,2026-09-02-v2-permit,0xf5a4d24aa096d92276bbf484b172388be5c0b88d4c0a87679a55f8f040c78ead,46286453,0x6d62b5777ad5f4ab4a52a1bc0d12941afb5846f5f7f7cb95e7b129d848ba3a89,28,1,83672,6000000,1000000,9584268700,2678,1109410042,1101,57162257,659851,196,502032000000,511616268700
1130,2026-09-02-v2-permit,0xb3e034abaa0074ca5072306c63da271f19e2d60283bfbad9fefaf2f12c27def7,46286498,0x4cda68be799f503cac64864f4b95f8ab17be80afe13ddb51e56a940b2f0b1bd8,28,1,82858,6000000,1000000,9768947752,2678,1131638580,1101,58240987,659851,196,497148000000,506916947752
1131,2026-09-02-v2-permit,0xe640a6d381e23eaa8e63cb8b7bdf6e03d7ca9ecdc45b56b0f89d5b712f08f285,46286495,0xe476db6e47be87adfa34870aad9167408ace7dff78ac9cf3c36c046820b5dbb4,29,1,83672,6000000,1000000,9768947752,2678,1131638580,1101,58240987,659851,196,502032000000,511800947752
1132,2026-09-02-v2-permit,0xd981bc2c8125481e8242a0ee1c2bcca76dfd251fcc363aa5be5f9561371e937d,46286492,0x4151d5b59a41e0e297d506abdc81d62c84e3edfaecfd5851ba10677cdc90aa1b,22,1,83672,6000000,1000000,9552351947,2678,1090564544,1101,57376386,659851,196,502032000000,511584351947
1133,2026-09-02-v2-permit,0x3b5b113fe6f80c4f03bd491fa7daaf133abbfed0d90c12d6490ae8707077923c,46286538,0x6ee505a54e92495bae0732062a2fec5a3e953b99addc5c83e0c9d78f88862ad9,6,1,83672,6000000,1000000,9224620147,2678,1089023761,1101,54450095,659851,196,502032000000,511256620147
1134,2026-09-02-v2-permit,0x32accaaf9a49825c38322c27f9cc31a119669f33b9d3806416e4e8b76d25052b,46286541,0x4e9772092b6c65da6ae9bf17578f834793b3728ae69ad8800f4fb58ce650194e,17,1,82858,6000000,1000000,9224620147,2678,1089023761,1101,54450095,659851,196,497148000000,506372620147
1135,2026-09-02-v2-permit,0xadd7383a7e06264ca7237c60f786be0cfe0594219662971fa745371e2b010ccc,46286534,0xc6fe0bacce6ad75ec9826f296066579799fb8ed5f40c58ddfd3cdd571d54a64a,17,1,83672,6000000,1000000,9113301579,2678,1103960255,1101,53043410,659851,196,502032000000,511145301579
1136,2026-09-02-v2-permit,0xc18a9be3298de2aed1ec348df9f07ab2f8db2e1f34ba1568fcd98f8d86ac45da,46286579,0x951e806e90861f8c7a7602dd353ad57941adaa54f041288aca8ea751028aad6d,26,1,83672,6000000,1000000,10173779784,2678,1019081056,1101,64911452,659851,196,502032000000,512205779784
1137,2026-09-02-v2-permit,0xfe521c24f50e0e38512cadb6381d981d9632b3788b63b06d573ea39f79659749,46286583,0x6d8831e13d91bf15ad9e69c321ce4e09be19f70a34973e978a10f9450c39ee1b,20,1,82848,6000000,1000000,10173779784,2678,1019081056,1101,64911452,659851,196,497088000000,507261779784
1138,2026-09-02-v2-permit,0x9340f585b855bab3bf76ad3bbd3925a28454491b390ea17f86afe8463f67a1e8,46286582,0xf86a12fe9e771cdf62ac4f98849297a1ffc2e35e86f9098242cdd5a6eeafa172,36,1,83672,6000000,1000000,10173779784,2678,1019081056,1101,64911452,659851,196,502032000000,512205779784
1139,2026-09-02-v2-permit,0xeba37cff799b3c87ea13004405764b64e58d90a0b94829f9f24e4fb38ee3fd92,46286627,0x3301ee48bc7acf56a7824286ccd3ce3b23289bd6ce4d2a67d1f9bbe4787df17d,35,1,82839,6000000,1000000,10104659035,2678,1022760613,1101,64187370,659851,196,497034000000,507138659035
1140,2026-09-02-v2-permit,0x0a0f28a4aa1b219c64ba7b471552e0110543f33a7b868f9e2d6e5032a12de49a,46286624,0x105efea57710974f5731363f03cb90f9d5ab19bf77ed80ce96a87419f91e948a,49,1,83648,6000000,1000000,10516577754,2678,1023761810,1101,67890331,659851,196,501888000000,512404577754
1141,2026-09-02-v2-permit,0xe701fac4df56e20880644ad3e24b9791e86f30a218424056f8bc23393fb416ba,46286621,0xee3087bd4f7c9c5c726d059976ce7fc16304b9a609fd761a075b86a3b5bd34fd,18,1,83672,6000000,1000000,10516577754,2678,1023761810,1101,67890331,659851,196,502032000000,512548577754
1143,2026-09-02-v2-approve,0xa99cf95284c4a4f92a7b2efcfa5529ed1362c24f8f6fdde7afd845c9079327b3,46286669,0x174761313b3be5322f07f6dc424aff4010fb89d7b5c94befc2bb83f65bcd1dc0,10,1,60588,6000000,1000000,6007812380,1600,1050664951,1101,62998480,659851,68,363528000000,369535812380
1144,2026-09-02-v2-approve,0x85c783ad49a79d25e2a5157fdb98e0cf77595c335d7ff63b6aac886f89927bea,46286676,0x31af5592f00f10b27d57b62d7ad335f4c002d076cec1fee5d9feba31e0b70583,34,1,60588,6000000,1000000,5937164826,1600,1001720863,1101,63234478,659851,68,363528000000,369465164826
1146,2026-09-02-v2-approve,0x61dc7105663b8be7624ce9e4a759dd602ec09391fa622f4cc81cc9ad8f8a79b6,46286715,0x03da1b8c1b0be919598b82e62cbad537b09a7c5a977af554373dba34718c4243,28,1,60588,6000000,1000000,5742853804,1600,1045588848,1101,59118566,659851,68,363528000000,369270853804
1147,2026-09-02-v2-approve,0x84f91a1ab168f2476eebd1fd4bb393caf2e690d5d318aad4da3d5bb54cd6427d,46286723,0xbaa13c1b5b6d78ce6bfafde0d9b87f114aec69b6ede89c6bba5bcc9fdeda2d7d,33,1,60588,6000000,1000000,5985573680,1600,1107583989,1101,61141890,659851,68,363528000000,369513573680
1148,2026-09-02-v2-approve-b,0x5015600065e576faec17acb828ea930cc197d75bfba82f722d43027483e51ea1,46286769,0xcb623e955b2fdf0274525e5c6a18d0a3b1397640cf52601e7ece1525ba464c60,6,1,60588,6000000,1000000,5563812124,1600,1095816511,1101,55064276,659851,68,363528000000,369091812124
1149,2026-09-02-v2-approve-b,0xaf8fa76f2ef2cdb6af06c81d7cbe058561aabce33695e41c8bf7378b1c110cbd,46286785,0xa21b3394d727c964cea9bcafe29b98aadc607f81ae0a2ca16ebc7e17d560171e,30,1,60588,6000000,1000000,5805567624,1600,1030947953,1101,60459857,659851,68,363528000000,369333567624
1150,2026-09-02-v2-approve-b,0xaa82759d9c0ca2a516fce4e3b15981c89691c19fea103ec99484518fdbc2b2d0,46286788,0x3ce97a8f7f8d8407033a1fa06828d455a5fd37e443a3850e53648806c3d67efc,7,1,55788,6000000,1000000,6021088049,1600,1049362027,1101,63234456,659851,68,334728000000,340749088049
1151,2026-09-02-v2-approve-b,0x5290dbff454c24820231d2e2f46c874dfe42f9c4db5acafd73bd0295072da019,46286831,0xa076726df7bb0d72e606d2c70776aa0ebfc59419beb0fee79771ea29bb3c25f5,23,1,55776,6000000,1000000,5973710282,1600,1004688060,1101,63709107,659851,68,334656000000,340629710282
1152,2026-09-02-v2-approve-b,0xdf498e3753081382567357669beec41c0e62624a71c7251cb6e1e71ea93b515d,46286829,0x691e84e657164e2d27413243ad0b4416ff23625db086edd695bd40bd16bc8ab1,36,1,60588,6000000,1000000,5877153513,1600,1020203147,1101,61831590,659851,68,363528000000,369405153513
1153,2026-09-02-v2-approve-b,0x598d53715eb4c6c8148ad5bac87ec32cceaed60c1225a3974a44aef1666dedfc,46286825,0xe21daf7a7fcfcb1ba14d0179259cd3b9b92462c721b9e7a4d620032216ac613b,4,1,60588,6000000,1000000,5877153513,1600,1020203147,1101,61831590,659851,68,363528000000,369405153513
1154,2026-09-02-v2-approve-b,0xdc8f24a4817a9f368250754a208d05f95dac6d277099d407612c9d24af64dd85,46286873,0xb65fa6c59febf5fd5427dee02b0a2db4c93be86141a0f3e8b4b6d98169739b3e,5,1,60588,6000000,1000000,5984275034,1600,1010685720,1101,63709096,659851,68,363528000000,369512275034
1155,2026-09-02-v2-approve-b,0x6070ffe7154c300fd0c7a1cac806ab18cca8fac28ca04aab59e9b3722473a345,46286868,0x601d87a71bcb4ff3d4d0c58ef54caabffd7ec3fd819e09fdaca5a1476844b197,3,1,60588,6000000,1000000,5905995085,1600,1053831358,1101,61370912,659851,68,363528000000,369433995085
1156,2026-09-02-v2-approve-b,0x1d14315e9b8a3f57fd15c5c0b01e60be864dcaf560e1d7cc4c01d515050cc36b,46286889,0xaa831497a2c0535bd7f411759be4ab593df1a4974763d24fd900ef116738f5b8,30,1,55788,6000000,1000000,5713252766,1600,1102067432,1101,57162159,659851,68,334728000000,340441252766
1157,2026-09-02-v2-approve-b,0xc0c2a2685631ee8b7f7f4893107b099c06bec5ce6e28cc2620278e1d6ff846ee,46286943,0x94c56100ca0656366e468a7e2fe172506b83e19e7fc34c8e5df2e26f2d38218d,23,1,55788,6000000,1000000,5709628949,1600,1131796922,1101,56313554,659851,68,334728000000,340437628949
1158,2026-09-02-v2-approve-b,0x8a1187775d220f31e93098a034647326efbc0c49bb1310359d59799ee6c81e84,46286927,0x536e19d6f3475b6f51811f0d3641028ff4aabce17226c1f9cf453a1f13fa5b18,24,1,60588,6000000,1000000,5695985793,1600,960259591,1101,60686314,659851,68,363528000000,369223985793
1159,2026-09-02-v2-approve-b,0x53aac91767c921d15d0bd5a2c5897046a9dda1f77a1b84a7433967e0622f0796,46286925,0x902849bb43cf8ca2267ad0125137e79924e8714b29d58b705a6bb8af0aa60f26,42,1,60588,6000000,1000000,6055162187,1600,1005891810,1101,64911369,659851,68,363528000000,369583162187
1160,2026-09-02-v2-approve-b,0xbf786b06aa1e114090353e6d81b592c769567b90f20945953ce7b07eac016417,46286987,0xd570e19db9e98f6532a6a3a7fd3b8d941835e7282d2a0ff994fe3523fa16f538,49,1,55788,6000000,1000000,6153399384,1600,1015773749,1101,66136330,659851,68,334728000000,340881399384
1161,2026-09-02-v2-approve-b,0x9bdb13fe210b642358e5a47b22f71cd005d900c16f209e20f3cbeca939f5f978,46286980,0x9e6c11a77c923a1339fce176cba96843a9cda1ff138fcc86abd32881ac6b40aa,42,1,60588,6000000,1000000,6062992402,1600,1037459231,1101,64187282,659851,68,363528000000,369590992402
1162,2026-09-02-v2-approve-b,0x313bcd89c0865c6c25121b9f47f8f264bd5ba890593542427393ed1ad9338814,46286983,0x8973b8b37e676bc69ce04824f913189b33439cd794d691661c2e74ee068537d9,7,1,60588,6000000,1000000,6062992402,1600,1037459231,1101,64187282,659851,68,363528000000,369590992402
1163,2026-09-02-v2-t2,0x20debdf3d55a43b78ec6235a810a533d1ca26b10716d47e0d142e72e311c87a2,46289038,0x56c840467ca61d0fcf654376ce8cc282824140284cfc43e2c2435f1e28b71d7d,33,1,65376,6000000,1000000,6116836990,1600,1094861335,1101,63470833,659851,68,392256000000,398372836990
1164,2026-09-02-v2-t2,0xffdeb4f55e8ce2ebe85d67591c06d2135e6f58921134cae334238fcf9e140fd1,46289039,0x7eae2e9182de18ff20b111c43eca5bf3407fc0778e7eaaa5fb59728525b1397d,11,1,65388,6000000,1000000,6116836990,1600,1094861335,1101,63470833,659851,68,392328000000,398444836990
1165,2026-09-02-v2-t2,0x44680c26fd631d9a49f45aaa855717f7c46d29b8998978e2067d5d41d5c51a4c,46289039,0x7eae2e9182de18ff20b111c43eca5bf3407fc0778e7eaaa5fb59728525b1397d,36,1,60588,6000000,1000000,6116836990,1600,1094861335,1101,63470833,659851,68,363528000000,369644836990
1166,2026-09-02-v2-t2,0x65c3ed4a0cf4555447f32835fbb6ab86c429733f03fd85903649b564bf0b0dc2,46289036,0x514c1b988289e4a9ce276157c69f752f3682694715a53dcb61508f126afc50ba,7,1,65388,6000000,1000000,6083193671,1600,1111057075,1101,62528594,659851,68,392328000000,398411193671
1167,2026-09-02-v2-t2,0x81382668aaecac4753076b6a72b485279e0440be09338e642bc4b9233bf3d931,46289036,0x514c1b988289e4a9ce276157c69f752f3682694715a53dcb61508f126afc50ba,33,1,65388,6000000,1000000,6083193671,1600,1111057075,1101,62528594,659851,68,392328000000,398411193671
1168,2026-09-02-v2-t2,0x66680821bcedd9014c449f3a4e668e7e8799177c0148d993f9e3541c8b89e77a,46289035,0x78fb9188ad529926866ce1ec9c494789405a513574f26e2084bba69294570d6d,19,1,65388,6000000,1000000,6083193671,1600,1111057075,1101,62528594,659851,68,392328000000,398411193671
1169,2026-09-02-v2-t2,0x659e97a31a0bb1b876759ddd6418d5fb220a776ecff121f7b979047061205265,46289038,0x56c840467ca61d0fcf654376ce8cc282824140284cfc43e2c2435f1e28b71d7d,9,1,65376,6000000,1000000,6116836990,1600,1094861335,1101,63470833,659851,68,392256000000,398372836990
1170,2026-09-02-v2-t2,0x407a3b85b7af22f10ded0f76cbce278e99bdf70ff6cbc13f49b8cea5bdf07178,46289037,0x7aed8e072a4bcf98d58e7347d6735880ce367e688d838aa2fb019ed054276b60,15,1,65388,6000000,1000000,6083193671,1600,1111057075,1101,62528594,659851,68,392328000000,398411193671
1171,2026-09-02-v2-t2,0xf42053ff31bac85a458118bb05fdaa807afcdb8d30e815fb917a6132459f63e4,46289084,0x590d061f0c9ab685c849ed71b4edefaaabca934c82504a31f150d495a26c0f3a,9,1,65364,6000000,1000000,6040750491,1600,1086963947,1101,62528583,659851,68,392184000000,398224750491
1172,2026-09-02-v2-t2,0x1caa72fac09096e24f0b9971f5c0755fbf338af81734e5b6e55b1c8fae4cc242,46289085,0xf1418c5fde4be44484988be809791364df8ea4eccc9046abeb1465e0749fc436,23,1,65388,6000000,1000000,6040750491,1600,1086963947,1101,62528583,659851,68,392328000000,398368750491
1173,2026-09-02-v2-t2,0x42b528cf6207b6fd131c90d14a2c1c24a91d1404d556178a829ca8cd435cf852,46289082,0xb13ce47a82abfd4df0404244022f9426e2b3255c1aad3633c9cc4ec737fd8f8d,14,1,65388,6000000,1000000,6040750491,1600,1086963947,1101,62528583,659851,68,392328000000,398368750491
1174,2026-09-02-v2-t2,0x1d711fa5dd4102eaadef954248ea0270e3932ad1a9ce4e4da87626a6d64b7a15,46289086,0xf384f2a3a86dafc90bb7926021fe9a54c5535860ce91a32f311e06adbaaf4b76,19,1,60588,6000000,1000000,6040750491,1600,1086963947,1101,62528583,659851,68,363528000000,369568750491
1175,2026-09-02-v2-t2,0x8bbf158232027d28eeea7afb527e10695e52869e559510b31735526db2d1cf84,46289083,0x28dbc3c9ab5fa22c42d48cbd911fce04fb0f743d9fc45f975c133ebb8e83f38c,11,1,65376,6000000,1000000,6040750491,1600,1086963947,1101,62528583,659851,68,392256000000,398296750491
1176,2026-09-02-v2-t2,0x4f78ddd075f20543a1070c9374b48abe5a20b0ac3500c16eb38f4b6cb55ed765,46289085,0xf1418c5fde4be44484988be809791364df8ea4eccc9046abeb1465e0749fc436,4,1,65388,6000000,1000000,6040750491,1600,1086963947,1101,62528583,659851,68,392328000000,398368750491
1177,2026-09-02-v2-t2,0xfcb1a6e2e0c0a746391582b5bf41bd14a68fef2db738992acd59da3bfe5905bd,46289083,0x28dbc3c9ab5fa22c42d48cbd911fce04fb0f743d9fc45f975c133ebb8e83f38c,28,1,65376,6000000,1000000,6040750491,1600,1086963947,1101,62528583,659851,68,392256000000,398296750491
1178,2026-09-02-v2-t2,0xd40b09fd9e40c4feb1e6fdeb8eb481f2c4bd847740a88e9c378005342842f00a,46289082,0xb13ce47a82abfd4df0404244022f9426e2b3255c1aad3633c9cc4ec737fd8f8d,30,1,65388,6000000,1000000,6040750491,1600,1086963947,1101,62528583,659851,68,392328000000,398368750491
1179,2026-09-02-v2-t2,0xf29bd100198a7947a6cd81b16cdd365ec8255d37ecdc868fe03e30e371c1b904,46289126,0x313f8490defb0fc45836c404507c0c926faafabfc88d80f1cfd522ce1db110ea,16,1,65376,6000000,1000000,6186842666,1600,1196021916,1101,61831087,659851,68,392256000000,398442842666
1180,2026-09-02-v2-t2,0xe86bddb0a335baddadfb4856a2abe2e3b09b0fb80b429694f01ab14c5362a0c3,46289126,0x313f8490defb0fc45836c404507c0c926faafabfc88d80f1cfd522ce1db110ea,45,1,65376,6000000,1000000,6186842666,1600,1196021916,1101,61831087,659851,68,392256000000,398442842666
1181,2026-09-02-v2-t2,0x9421ce2c088f1c855b0f2b6270c1347ae343dad6f2eee983a19743a2a75c77bb,46289125,0x604ae2629c8277588f85323530f87e49ef0500a2c89c06a4939c01c985ee9f32,13,1,65388,6000000,1000000,6186842666,1600,1196021916,1101,61831087,659851,68,392328000000,398514842666
1182,2026-09-02-v2-t2,0x53157a341eed2b5f2f2d9cfff8bd41bb3db6731f222243074cdc0841296f07a1,46289127,0x42ef7697dc7db0808c806f0fb646380e10c1fa231b6d0afb5e645b4a4d1a23e6,11,1,60576,6000000,1000000,6186842666,1600,1196021916,1101,61831087,659851,68,363456000000,369642842666
1183,2026-09-02-v2-t2,0x57eabad44d536f20abc3ea00a382a9f05b16f8867b62fc4859c4528a4bbf67b0,46289124,0xcc70b044e2b561b382327cd09273753d37fe70a47605f0e317a3c1ff46129502,5,1,65388,6000000,1000000,6186842666,1600,1196021916,1101,61831087,659851,68,392328000000,398514842666
1184,2026-09-02-v2-t2,0xc50cefff883f533e25c09a907a0cb749560c30fdc2f021dee6d45887e0b2e9a6,46289124,0xcc70b044e2b561b382327cd09273753d37fe70a47605f0e317a3c1ff46129502,28,1,65388,6000000,1000000,6186842666,1600,1196021916,1101,61831087,659851,68,392328000000,398514842666
1185,2026-09-02-v2-t2,0xcf33271cc79710f8d8cd785e046319b3af3ddf31efba7635c22cd34d474ac019,46289123,0x28995b6ccb50179337aa3378dfe557602f159e6ac770cf2403e29420c936fac2,19,1,65376,6000000,1000000,6186842666,1600,1196021916,1101,61831087,659851,68,392256000000,398442842666
1186,2026-09-02-v2-t2,0x7ff8d591d3692923de1c5b46a3c787cc70a5487e0c16be70d5966d842cd2e377,46289122,0x6302141d1da3ce79a92dcb3e0f10d3966ddc49dc6fb94d70954aed2b2dc5e74a,33,1,65388,6000000,1000000,6186842666,1600,1196021916,1101,61831087,659851,68,392328000000,398514842666
1187,2026-09-02-v2-t2,0xe9a1a68b956bafe4df2f97a466d313891d465b6bf674d7eb8c183b3b528add72,46289165,0xb4d3cf6522f75d197ac57bc8d7706e734c8690e5890c5da77a97546872203658,7,1,65376,6000000,1000000,6726637360,1600,1158802151,1101,71005295,659851,68,392256000000,398982637360
1188,2026-09-02-v2-t2,0x3c064efba86bba0132416b0a1efc79f9d2d762e106a8be462cdb9ccfdc317109,46289163,0x8b8e0649bf0db55a8ecc24f10dbad098eefc99b285929910618f3a9eb7c1ac83,31,1,65376,6000000,1000000,6697082671,1600,1112022235,1101,71806276,659851,68,392256000000,398953082671
1189,2026-09-02-v2-t2,0x4353736f4d747191a550e9d3d6ca8faed19f6471085c1bfd101a302ca9e9c181,46289167,0x45d8855a7b02f015d1166f1ac68a302778bcd9723ef83b41c90d769ca49819da,24,1,65388,6000000,1000000,6726637360,1600,1158802151,1101,71005295,659851,68,392328000000,399054637360
1190,2026-09-02-v2-t2,0xd18f026c723d5a811497fb402b683887bb001908595d7692e4fa7927a33ae587,46289167,0x45d8855a7b02f015d1166f1ac68a302778bcd9723ef83b41c90d769ca49819da,11,1,65388,6000000,1000000,6726637360,1600,1158802151,1101,71005295,659851,68,392328000000,399054637360
1191,2026-09-02-v2-t2,0x7c669fef448854120309255f57bb45a3c35fe532fac817d040354766a9638e28,46289164,0x7948a1721deafca98109e6f559ace96ca898bc5ac05ec0554c706cc1335327f8,11,1,65388,6000000,1000000,6726637360,1600,1158802151,1101,71005295,659851,68,392328000000,399054637360
1192,2026-09-02-v2-t2,0xcce638f2bef2a6c13d43ccfa2daf7a23f13e9b7a380f995c1ecf544d08ad1a27,46289168,0x40afbec47b5fe66a66d2774f2163b305714feffb218fde67316c1f374e043ff3,19,1,60588,6000000,1000000,6726637360,1600,1158802151,1101,71005295,659851,68,363528000000,370254637360
1193,2026-09-02-v2-t2,0x02fa7bec8b4ea9f8ac0d03f6d53049b96f82fa80fae2e352e74d5a32d4ea4582,46289166,0x7c9a6309d04d216de3b5e68a8fd12784226a6ad4e8048c571784202fa24bb28a,16,1,65388,6000000,1000000,6726637360,1600,1158802151,1101,71005295,659851,68,392328000000,399054637360
1194,2026-09-02-v2-t2,0xc59f1334e0ed9383f9e9b87124cb67bf2d0870852950526d5b32c08e2ef5bc77,46289165,0xb4d3cf6522f75d197ac57bc8d7706e734c8690e5890c5da77a97546872203658,37,1,65388,6000000,1000000,6726637360,1600,1158802151,1101,71005295,659851,68,392328000000,399054637360
1195,2026-09-02-v2-t2,0x87a2d13be873dee497f989f36ca935e34cdab92019814c41c3d1c40c9a9e0554,46289212,0xe1907cc1cc2f630e47451f08efeb1ba9ca93cf2dcaae4d3a6d6169a873532374,27,1,65376,6000000,1000000,6821769819,1600,1132044600,1101,73161366,659851,68,392256000000,399077769819
1196,2026-09-02-v2-t2,0xc22740059ab826bf9df0822ecba0e54dca37993323471776d60044690b63ac79,46289214,0x09bb93f5861a110ad7edd92c3bc53031f9a8df347a60c2d6ada3e0cb59555f22,14,1,65388,6000000,1000000,6821769819,1600,1132044600,1101,73161366,659851,68,392328000000,399149769819
1197,2026-09-02-v2-t2,0x51bb6dd459be3428d3b7acf10ec1f4a53e4e181ea159087d5952d322370ec9bf,46289213,0x02ea9263f651687be9419e5abe263f553a3248dd44e2705b617d599ee277d559,35,1,65388,6000000,1000000,6821769819,1600,1132044600,1101,73161366,659851,68,392328000000,399149769819
1198,2026-09-02-v2-t2,0x827a3e20879a161ecbaa54e7c5804ff426a9e39656883d958c04dabb6870366b,46289213,0x02ea9263f651687be9419e5abe263f553a3248dd44e2705b617d599ee277d559,6,1,65388,6000000,1000000,6821769819,1600,1132044600,1101,73161366,659851,68,392328000000,399149769819
1199,2026-09-02-v2-t2,0x5b21615e1fc43c6ff6d6548a751208f43b4bb4953712ebe6b74340ef8a76f9f4,46289211,0x91709168c8d548b9b6e511b2c386f1ac5373a468864509978533c92bee719012,50,1,65388,6000000,1000000,6769928239,1600,1153374394,1101,71806270,659851,68,392328000000,399097928239
1200,2026-09-02-v2-t2,0x1cb6b714fda8f1b1a8fbc482411a4a3f508273da311ce058a9e74f651cf3b364,46289214,0x09bb93f5861a110ad7edd92c3bc53031f9a8df347a60c2d6ada3e0cb59555f22,44,1,60588,6000000,1000000,6821769819,1600,1132044600,1101,73161366,659851,68,363528000000,370349769819
1201,2026-09-02-v2-t2,0x5133563976695de26329fb3985823384d8865542b9656c3c75b768f5954351cb,46289210,0x14a518bc0709372e808885fab7f9e40453207b0b371dde7c853c5546b9a3f3a8,27,1,65388,6000000,1000000,6769928239,1600,1153374394,1101,71806270,659851,68,392328000000,399097928239
1202,2026-09-02-v2-t2,0xb13faa152e90af2f5f3389a75ac9a667b90bcce833af86800b92adc7a740d84f,46289211,0x91709168c8d548b9b6e511b2c386f1ac5373a468864509978533c92bee719012,23,1,65388,6000000,1000000,6769928239,1600,1153374394,1101,71806270,659851,68,392328000000,399097928239
1203,2026-09-02-v2-t2,0x776cbcbc48013a38745f3367292c26b904114f3c8bcd966ab597c8f3dc80771e,46289258,0xf6f02d89ca190ae95d7938e9e3f714a1304bc944f65a07625c734980a0293dfa,20,1,65376,6000000,1000000,6299584168,1600,1061446747,1101,67132422,659851,68,392256000000,398555584168
1204,2026-09-02-v2-t2,0xc68e1011f733e2a36eb7ed276d0ba5c1e17766e3d22eb389a210bfb5a32ed728,46289257,0x4baa87f52d6fb5049af387427c47b4599eaa7477de8fb4a31ae38efebecbf432,50,1,65388,6000000,1000000,6299584168,1600,1061446747,1101,67132422,659851,68,392328000000,398627584168
1205,2026-09-02-v2-t2,0xff1e99aaeda6c29b0156417e56e9d6841d20b68eff5dc56f83abc942ae5ee546,46289259,0x5d3ac70a4a4ce58375eb76f5441a225ed9bcfa5530fc7ed2ee757ac73586ee22,32,1,65388,6000000,1000000,6299584168,1600,1061446747,1101,67132422,659851,68,392328000000,398627584168
1206,2026-09-02-v2-t2,0x56db06b7baded6436c737f88ac6934e48bf836767755fa08f82aa2e76113b937,46289262,0x5ae2b40ef73c07ba9aa8fea1a2ccd88dfceb5fc5a98e813b3ecdd299919408a8,14,1,60588,6000000,1000000,5913788523,1600,1032342939,1101,62062696,659851,68,363528000000,369441788523
1207,2026-09-02-v2-t2,0x3e2a5a9530f9c5faad83df5b125fce50cb92b679dcdb332da24032b4594351fa,46289261,0x75140554817911f5e132ee06c1295ee4e129a380bed1345ae17e4bba9e92c497,16,1,65388,6000000,1000000,5913788523,1600,1032342939,1101,62062696,659851,68,392328000000,398241788523
1208,2026-09-02-v2-t2,0xf0da5977f2bce28b6d69bccc60cf58e64c8890719292c39f1a6c75799e77cb87,46289261,0x75140554817911f5e132ee06c1295ee4e129a380bed1345ae17e4bba9e92c497,66,1,65388,6000000,1000000,5913788523,1600,1032342939,1101,62062696,659851,68,392328000000,398241788523
1209,2026-09-02-v2-t2,0xe6b106efcb80eac688f6e3a94b1507371fdc5afdabeff502d47af49b0f6d661e,46289260,0x8c0cd6b9797291223346d445cfdd0592ddcc8242bb5bfb188721e15d1dc6d4bd,38,1,65388,6000000,1000000,5913788523,1600,1032342939,1101,62062696,659851,68,392328000000,398241788523
1210,2026-09-02-v2-t2,0xb8d62a832f8a97fab744412988889657b0e283cbfa20a9e159019282f08e1014,46289256,0xe14d5f4769a14b08ac62e41713653a55eac18e901a1d0fe9c3da2fd40d7678b9,36,1,65388,6000000,1000000,6299584168,1600,1061446747,1101,67132422,659851,68,392328000000,398627584168
1211,2026-09-02-v2-t2,0xbedba735d5cb5fbe6a1badb4da2914033650a059ed10c17f154a495e015edc12,46289306,0xbd7d5c978d7882280d6f465123b291c36d8484cffae0a30a17de5a29c47f1944,24,1,65376,6000000,1000000,5696328698,1600,1108430216,1101,56735809,659851,68,392256000000,397952328698
1212,2026-09-02-v2-t2,0x2e31629d769c409781fc5a86bf3b8e2d3db55bd2d79df849f8272c2ab4a131bf,46289308,0x54cbec30d534781d2df06a2371ef09a179c47bcaeaebe121b7a85c9f5c8ae6a8,7,1,65388,6000000,1000000,5803653117,1600,1121137620,1101,58023055,659851,68,392328000000,398131653117
1213,2026-09-02-v2-t2,0xacf3979e6fd5e0ca429e07b7bd6037a48f898ec823f0fe52505dfae7309f1fc9,46289309,0x77b8241453da7852a57ee7588b0eea5bc302958cbcb3971b208562fab2cd750f,15,1,60588,6000000,1000000,5803653117,1600,1121137620,1101,58023055,659851,68,363528000000,369331653117
1214,2026-09-02-v2-t2,0xd44f91a5ca5026b2a1f3be006d277dbe0c3b8869e2d0fb336d5e1b2f55b8dde0,46289307,0xb276f2d8be25a9722d3c3c408ba4c15502a0eb6882ac1728dcc324ec512bc85b,17,1,65388,6000000,1000000,5696328698,1600,1108430216,1101,56735809,659851,68,392328000000,398024328698
1215,2026-09-02-v2-t2,0x4b88239a6103cfb65be38cc82840e67b1420fc74daace9a67141a760b39710f0,46289306,0xbd7d5c978d7882280d6f465123b291c36d8484cffae0a30a17de5a29c47f1944,9,1,65388,6000000,1000000,5696328698,1600,1108430216,1101,56735809,659851,68,392328000000,398024328698
1216,2026-09-02-v2-t2,0x450cab3d273f138fb0bf260793fdaadb720f2e9a909b6aff96cee3a771564017,46289304,0xc44305496bc0f2c4e3d33b08126e55f4d47fd12100d52b0a4d72e2c6cb2695ae,28,1,65388,6000000,1000000,5696328698,1600,1108430216,1101,56735809,659851,68,392328000000,398024328698
1217,2026-09-02-v2-t2,0xc4ddb5fac050d3041663480fabf60d945a238af87d6b1614b67d88a315497533,46289305,0xba0e1626d877fb404c9d6f281cf8878290ca7c4298214bb5a458f37a73f056bd,16,1,65388,6000000,1000000,5696328698,1600,1108430216,1101,56735809,659851,68,392328000000,398024328698
1218,2026-09-02-v2-t2,0x3ea4faaaa21f2959f2cbf29193eeec3bb854349cb0c2aca11c5acdd37daab04e,46289308,0x54cbec30d534781d2df06a2371ef09a179c47bcaeaebe121b7a85c9f5c8ae6a8,26,1,65388,6000000,1000000,5803653117,1600,1121137620,1101,58023055,659851,68,392328000000,398131653117
1219,2026-09-02-v2-t2,0x1ce5eeee64c02dcc301cae07badbe8542b714707ac1c1319201aab0256bd4e15,46289346,0xc706f30b9e42c6dd17926d457dfca489e871bfc845a8054c44053aa256ae094d,9,1,65376,6000000,1000000,5583220531,1600,963255014,1101,58897395,659851,68,392256000000,397839220531
1220,2026-09-02-v2-t2,0x7dad55e66ea4678d27fc4d74e18571371380d6639cd27553c05f006ca997cf86,46289349,0xfed0df0edf965ac747916ab8d40740bc21f1a07a563325d74b39dd618706a272,5,1,65388,6000000,1000000,5583220531,1600,963255014,1101,58897395,659851,68,392328000000,397911220531
1221,2026-09-02-v2-t2,0x92c1f4c9010f2f37089b18ed5c69c0a41b0399f95c144e3bcf6644d495325728,46289347,0x676a3a497020b54b09fd8fc9b75d90130d829203b8f2fb7639aff1ba8180c575,7,1,65388,6000000,1000000,5583220531,1600,963255014,1101,58897395,659851,68,392328000000,397911220531
1222,2026-09-02-v2-t2,0x536c4fe48ca0965bd54fbbfd1c894308a97a3e258806e0dd66ff0429688e7b63,46289349,0xfed0df0edf965ac747916ab8d40740bc21f1a07a563325d74b39dd618706a272,36,1,65388,6000000,1000000,5583220531,1600,963255014,1101,58897395,659851,68,392328000000,397911220531
1223,2026-09-02-v2-t2,0xbc00ba124a88a7aa2dc820bad432fe4bd3f0e3bafaf245cfa58cbf0f799efb21,46289347,0x676a3a497020b54b09fd8fc9b75d90130d829203b8f2fb7639aff1ba8180c575,31,1,65388,6000000,1000000,5583220531,1600,963255014,1101,58897395,659851,68,392328000000,397911220531
1224,2026-09-02-v2-t2,0x9c0191877f94726016f4b3b631146f82fc1138752d5c3854ef979de01b2c5de5,46289350,0xbf534b071402aced4ffe5cf0c88c6845ca908fb4d754407ed9fdabf59c192fa2,17,1,60588,6000000,1000000,5824398002,1600,1083603216,1101,59339496,659851,68,363528000000,369352398002
1225,2026-09-02-v2-t2,0xe1706080ec8efa01171c1c53e59d8730091b336d158338db95e21b0424cc8440,46289348,0x706956eb28b0ab75b1608a44b125fa7a5307f56612847576a6cae75d52c55dde,21,1,65388,6000000,1000000,5583220531,1600,963255014,1101,58897395,659851,68,392328000000,397911220531
1226,2026-09-02-v2-t2,0x4297a9f97c55a7ac3ad671e3c75c053f6ac0954e8f212749a1b26444a9f8403e,46289346,0xc706f30b9e42c6dd17926d457dfca489e871bfc845a8054c44053aa256ae094d,30,1,65388,6000000,1000000,5583220531,1600,963255014,1101,58897395,659851,68,392328000000,397911220531
1227,2026-09-02-v2-t2,0x407665b1e1f7ff1c9d9fe5922091b7e4c0e39edc81ba1f12f7f9e218ad706e98,46289395,0x57282b8768e7f26af87a757d575fe8f272585dd816f5e65313238c2789439c97,27,1,65376,6000000,1000000,5739269788,1600,1001785225,1101,60233673,659851,68,392256000000,397995269788
1228,2026-09-02-v2-t2,0xacb386bf518af92b70c91a85dedc845cba8b684bcd34a3c97186b6f745cf93ea,46289396,0x83296c84f026c884c581f53c0d7e7fd54b43f23ca9573445fffca50adc88547a,31,1,60588,6000000,1000000,5739269788,1600,1001785225,1101,60233673,659851,68,363528000000,369267269788
1229,2026-09-02-v2-t2,0x3b27649d32a589e6a8955036e81b6a43e9090a96e5e0e225ea727de9174cc828,46289396,0x83296c84f026c884c581f53c0d7e7fd54b43f23ca9573445fffca50adc88547a,16,1,65388,6000000,1000000,5739269788,1600,1001785225,1101,60233673,659851,68,392328000000,398067269788
1230,2026-09-02-v2-t2,0x275c7b30955af8fc505b7de9a0214be40d973656a7869c36379e30166519f1c7,46289394,0x486ce4efef33a0e5a2846db9b20d1bd792cc83c1ce0c22b3893d7bf6d2063495,8,1,65388,6000000,1000000,5739269788,1600,1001785225,1101,60233673,659851,68,392328000000,398067269788
1231,2026-09-02-v2-t2,0x2ff11035ccd144979c7e16b5da6338b1eb986c7d21ae62f4e7170041ef57614e,46289392,0x2b1c3158888ed96e00ecdcdcb76e3d74844214096f2585c4f74fbd75777dd8c4,21,1,65388,6000000,1000000,5739269788,1600,1001785225,1101,60233673,659851,68,392328000000,398067269788
1232,2026-09-02-v2-t2,0x49ba70026b03a7f7cdb678a23a924472e5ea9fc5263f34ac1d723a0dcbb6d668,46289393,0x9cc00a43d57b1909ab630bad7b6f5992dc717565a703c7dc643cabf14c6ceb18,16,1,65388,6000000,1000000,5739269788,1600,1001785225,1101,60233673,659851,68,392328000000,398067269788
1233,2026-09-02-v2-t2,0x1ca3289689669c723f50935d2246150a43e7b097a9aa0dd4a951cc5895b0a7c1,46289395,0x57282b8768e7f26af87a757d575fe8f272585dd816f5e65313238c2789439c97,12,1,65388,6000000,1000000,5739269788,1600,1001785225,1101,60233673,659851,68,392328000000,398067269788
1234,2026-09-02-v2-t2,0xf5de36838dbd9636c1a49cd1c5ea4c48ffe9cdf34ec083afb72b53e94847f360,46289394,0x486ce4efef33a0e5a2846db9b20d1bd792cc83c1ce0c22b3893d7bf6d2063495,32,1,65388,6000000,1000000,5739269788,1600,1001785225,1101,60233673,659851,68,392328000000,398067269788
1235,2026-09-02-v2-t2,0xc1df616a97269e6b170c02ac909c01135b174edb15a113e5cd558af9dc77beb2,46289437,0x18d56e2775e9f4f7efcdf132aaeb3ac1760eb80e4fc0b2f24473405313185f64,7,1,65376,6000000,1000000,6123151940,1600,989343334,1101,66383543,659851,68,392256000000,398379151940
1236,2026-09-02-v2-t2,0x1eee1242863951c45c4be8c3e54d0b308cfbfcf617b67c6d6e92473a94ba7599,46289435,0x92d2db0a5853e32276f685855eba405ce10215e06f0edab8a0ed762f065c2a3e,33,1,65388,6000000,1000000,6123151940,1600,989343334,1101,66383543,659851,68,392328000000,398451151940
1237,2026-09-02-v2-t2,0xa8fc6aed2acb0e0123545edfb4f2f4d3bf00956674eec38a5555b6064281961b,46289436,0x3bc6eb6adac3d0c15133e07510e5a2e301834578126ff8308dcd3f24ec87a511,18,1,65376,6000000,1000000,6123151940,1600,989343334,1101,66383543,659851,68,392256000000,398379151940
1238,2026-09-02-v2-t2,0xb2824c9aee6e4406f6c17b8afbbca8f46475ff0483746984693c73d91df06b15,46289439,0xdcf86e482b711a8da2bba3967574fd7a48a868f3f7a207246f3b4cde031cb2aa,10,1,65388,6000000,1000000,6123151940,1600,989343334,1101,66383543,659851,68,392328000000,398451151940
1239,2026-09-02-v2-t2,0x2e10040770676ed1a021d63cc121cbec12d0ac70a43b2c4f20e4ecb8c4baa53b,46289440,0x13f37ab8e84fe72b1085f5f21ce8629c515546def8f23e28b68b452cbe443e67,23,1,65388,6000000,1000000,5920316495,1600,1112980020,1101,60008864,659851,68,392328000000,398248316495
1240,2026-09-02-v2-t2,0x7b8e83344f23ad0a9d3b388019568412555e86f248679224ea124f0f4d61a83e,46289438,0xe887d95af5146e92029884ec4d980d3e8728a1fa99602ffe1e1b8fba65e0e8b1,18,1,65388,6000000,1000000,6123151940,1600,989343334,1101,66383543,659851,68,392328000000,398451151940
1241,2026-09-02-v2-t2,0x88ecaac93ab52e75c50773a8f25baa9cda5ebc623142a1ca3235de0f4576e2ec,46289439,0xdcf86e482b711a8da2bba3967574fd7a48a868f3f7a207246f3b4cde031cb2aa,38,1,65376,6000000,1000000,6123151940,1600,989343334,1101,66383543,659851,68,392256000000,398379151940
1242,2026-09-02-v2-t2,0x571febdc9e067dd69419637c875abd4d62a3708c1423b1bad12209fb398dee40,46289441,0x6ed54dea9d75ee6caf8546c06878e289cd4bcbf63cd559942a9913a05a17a848,11,1,60588,6000000,1000000,5920316495,1600,1112980020,1101,60008864,659851,68,363528000000,369448316495
1243,2026-09-02-v2-t3,0xddd23c5f4a46ad7d4025bb280ee2b523cb86ad5a04a9ef1267f5c337e5aa16a8,46290932,0xdd3c3b1e3ac09e3f88bf8d7f5be3dd30dce0b3953b929a56c2061631ef9a66ee,4,1,65376,6000000,1000000,5936153535,1600,1105109092,1101,60459003,659851,68,392256000000,398192153535
1244,2026-09-02-v2-t3,0xd42de503a78d29a58b0dae19a2f443520013d0a66378f0fc2d50d419a7cb8b61,46290936,0xf9c97668530c35863b680b17ca16bd3dc9c2149a21bea049f91170a7f7222b94,15,1,65388,6000000,1000000,6062327377,1600,1081645559,1101,62997564,659851,68,392328000000,398390327377
1245,2026-09-02-v2-t3,0x86c489b2168aa2e1104d9fbeda79719c49304503c712c63e0a51e08850d97888,46290934,0xf6cb4a73eb6eb14c3e9b1924a838cfe471bfba38abefa475150ed1b5b809fcd5,9,1,65388,6000000,1000000,6062327377,1600,1081645559,1101,62997564,659851,68,392328000000,398390327377
1246,2026-09-02-v2-t3,0x1d629cf7439b49debbb45e09b10d596949178282f971fdccb9cdbaae01eb825f,46290934,0xf6cb4a73eb6eb14c3e9b1924a838cfe471bfba38abefa475150ed1b5b809fcd5,37,1,65388,6000000,1000000,6062327377,1600,1081645559,1101,62997564,659851,68,392328000000,398390327377
1247,2026-09-02-v2-t3,0x143043a4a12e835976a5ba9bc7dc1a50c31a6b56d254fabbab6e67ba9ea09297,46290933,0x5e405122b25bd29b116ac21283f9e109c5b21bfac33b5b1bc4edaa87e66191de,12,1,65388,6000000,1000000,6062327377,1600,1081645559,1101,62997564,659851,68,392328000000,398390327377
1248,2026-09-02-v2-t3,0x832735213486e1a6daf1422ec64ac38c2760265e95a967e8cc2f8991c0d9487a,46290932,0xdd3c3b1e3ac09e3f88bf8d7f5be3dd30dce0b3953b929a56c2061631ef9a66ee,31,1,65388,6000000,1000000,5936153535,1600,1105109092,1101,60459003,659851,68,392328000000,398264153535
1249,2026-09-02-v2-t3,0x497c897259fd80f25d09da566a257ed10e929d74a985efb429b3d322fdcdcb7d,46290937,0xa718b15583ae6e68300a077ec1ba329c6e08b065c41615394952e0a3664d58b1,23,1,60588,6000000,1000000,6062327377,1600,1081645559,1101,62997564,659851,68,363528000000,369590327377
1250,2026-09-02-v2-t3,0xda9c0274455a08b86bb2efebd9706437efc0f878a3608b376fd34ec96b8f8fbd,46290935,0xe5ca5c31991ce71ce3da70193e69617c0cdf37ab4d7067a0eec09e33d1968d3b,16,1,65388,6000000,1000000,6062327377,1600,1081645559,1101,62997564,659851,68,392328000000,398390327377
1251,2026-09-02-v2-t3,0xf70a02929c22af971acd29e607801baab8f52202f96b1608229a90ea8d07ea10,46290986,0x940dc45ec5d3e207c4016caa8f2c84aab012fa46ce4de9dbcd637233127ae78a,30,1,60576,6000000,1000000,6085842192,1600,1005090427,1101,65397717,659851,68,363456000000,369541842192
1252,2026-09-02-v2-t3,0x405cf3c66a5a0dc71fb7e869bb8584366654bdbab1a56c4d7765050ff9c8ec60,46290981,0x4b99cf0183d52c721433d5eafb15599d785a4aeb776c66d5a9403d463b065766,24,1,65376,6000000,1000000,6085842192,1600,1005090427,1101,65397717,659851,68,392256000000,398341842192
1253,2026-09-02-v2-t3,0x4230cc07d482e49835de8d69d0f2ea5c1bea6f706c19200eb077be76d1e9419f,46290986,0x940dc45ec5d3e207c4016caa8f2c84aab012fa46ce4de9dbcd637233127ae78a,7,1,65376,6000000,1000000,6085842192,1600,1005090427,1101,65397717,659851,68,392256000000,398341842192
1254,2026-09-02-v2-t3,0x420692685b141dd6a4327d4b558a0297d24fc8c42b9d46428b47d3650e14f6d8,46290983,0x570bc00a2074ad548c62fcdc456a8998d35831e5532d9ec75d2a58220926dd60,10,1,65388,6000000,1000000,6085842192,1600,1005090427,1101,65397717,659851,68,392328000000,398413842192
1255,2026-09-02-v2-t3,0x3d55c0f9bce7dcad7045e2cadcfb158dba137cf0d79157a1e6c4c399af410f2f,46290984,0x9f0f14e039e1b6051af1c787b56b721b1bf7682be39c7aa37223e814c83d6098,15,1,65388,6000000,1000000,6085842192,1600,1005090427,1101,65397717,659851,68,392328000000,398413842192
1256,2026-09-02-v2-t3,0xa5224881c48378da87ca80a89cfccb9600344131e8a09c568816384c17aaa90c,46290982,0xd899db44101e2f9656903216f0b3a96103965cc6fd6cd86937acdc1556788816,7,1,65388,6000000,1000000,6085842192,1600,1005090427,1101,65397717,659851,68,392328000000,398413842192
1257,2026-09-02-v2-t3,0xc3bc81d749036aa463dfef995633e711bc7d371f9eeaa1e05ea302690b8bf75d,46290983,0x570bc00a2074ad548c62fcdc456a8998d35831e5532d9ec75d2a58220926dd60,23,1,65388,6000000,1000000,6085842192,1600,1005090427,1101,65397717,659851,68,392328000000,398413842192
1258,2026-09-02-v2-t3,0x8557ba4cb8c736c87bf5d9c9d2e51aaaca78745740d55dde4513ec55ab580818,46290982,0xd899db44101e2f9656903216f0b3a96103965cc6fd6cd86937acdc1556788816,34,1,65376,6000000,1000000,6085842192,1600,1005090427,1101,65397717,659851,68,392256000000,398341842192
1259,2026-09-02-v2-t3,0x0c604686b95520348587209b67eb21ec68ffb5aa6eead8fae3ee79a7326a2def,46291029,0xfa6debcc271974898fbe4b3368d63dadad2b00773d7ce236d62c9933029d090b,26,1,65376,6000000,1000000,5811623783,1600,1084659836,1101,59117695,659851,68,392256000000,398067623783
1260,2026-09-02-v2-t3,0xa55d5d8885470b2c7b36ad92d1541f6334cc8458a45f6661ba22ee5b7fac25df,46291031,0x7cf58caabf8a68191fe7e2e78af0c64c28f939b03f97b491c0511135a944b3f1,2,1,65388,6000000,1000000,5811623783,1600,1084659836,1101,59117695,659851,68,392328000000,398139623783
1261,2026-09-02-v2-t3,0x2d91dd931c608d44777702ca7eee8627debfeca0b1fed146777c7d8321f855d2,46291027,0xa85be2343b78cff80c1e13a4ea790743d5e2287db74e2b6e3f46a2574bb91b85,6,1,65376,6000000,1000000,5675008570,1600,1096339870,1101,56735479,659851,68,392256000000,397931008570
1262,2026-09-02-v2-t3,0x783cd87370b2c7a9584a771a1fc4fcb939509d0aa1c44310f7ade86dc60f90bd,46291029,0xfa6debcc271974898fbe4b3368d63dadad2b00773d7ce236d62c9933029d090b,9,1,65376,6000000,1000000,5811623783,1600,1084659836,1101,59117695,659851,68,392256000000,398067623783
1263,2026-09-02-v2-t3,0xc214b00c2111cf7a3a26c2e158422fb51c71437dee2c392cfb4a322003965f73,46291028,0x43744c8ecaf51e538a988baf72d6d0fabfa1c4b62f7a6c0641734ab968450b08,22,1,65388,6000000,1000000,5675008570,1600,1096339870,1101,56735479,659851,68,392328000000,398003008570
1264,2026-09-02-v2-t3,0xb9a9f365424ea351d58821c1360ca69ee6644bc1171268a091b4041ab70a6f34,46291031,0x7cf58caabf8a68191fe7e2e78af0c64c28f939b03f97b491c0511135a944b3f1,31,1,60588,6000000,1000000,5811623783,1600,1084659836,1101,59117695,659851,68,363528000000,369339623783
1265,2026-09-02-v2-t3,0xd76bd2cdef40f5e2904158974f20d7d9a121e96052a8812b49b9b93ae148d84d,46291025,0xb75ae46d0ed2a6ccf2d90c5e67f5f93c544513b7b5a71cf19105c40af2ed7e62,40,1,65388,6000000,1000000,5675008570,1600,1096339870,1101,56735479,659851,68,392328000000,398003008570
1266,2026-09-02-v2-t3,0xf67d1017353eb7d89a2930b235ada93ff065b7d9d59698ac4b8fb6e5afef13f2,46291027,0xa85be2343b78cff80c1e13a4ea790743d5e2287db74e2b6e3f46a2574bb91b85,36,1,65388,6000000,1000000,5675008570,1600,1096339870,1101,56735479,659851,68,392328000000,398003008570
1267,2026-09-02-v2-t3,0x6fb6f9e389cfe0ff21c9e1350ac4a9142e424f658ebc728e055948e3da44eb15,46291078,0x9b75dbf89e9f5e812206ca2e8307dd082042a4f28c047e3586e54e41635f95f8,38,1,65376,6000000,1000000,6236232197,1600,1006623973,1101,67635927,659851,68,392256000000,398492232197
1268,2026-09-02-v2-t3,0x812e018beca9bd7c05014a6e1f3ab195884a3b72f58628d17b63e770ec19969d,46291076,0xf1207f43faa216bbf671e26c590db5b4f0b534c4e515565895c495017989f2a6,18,1,65388,6000000,1000000,6036572252,1600,1040407146,1101,63708186,659851,68,392328000000,398364572252
1269,2026-09-02-v2-t3,0x9b03ffedbc0281c53f063795757205329ef875c6de5c78c071c0437cdbf20564,46291080,0x74ba73169036a851bb3b36f3890f20ce65dd876b1e87ccdc02ca51d8cf28105f,19,1,60588,6000000,1000000,6236232197,1600,1006623973,1101,67635927,659851,68,363528000000,369764232197
1270,2026-09-02-v2-t3,0x4048269682e7c355f568e7afb04f64d370de1973f434e391f29d54999c150b5b,46291078,0x9b75dbf89e9f5e812206ca2e8307dd082042a4f28c047e3586e54e41635f95f8,8,1,65388,6000000,1000000,6236232197,1600,1006623973,1101,67635927,659851,68,392328000000,398564232197
1271,2026-09-02-v2-t3,0xc739607cf0cc88a1cf73b94e2415d47d22f398f2e8373aa9594175966bc62f7f,46291079,0x05848c5386800c5fcbf516b9788d8d1d71a0394cfed48990acf29b59f6e0c160,9,1,65388,6000000,1000000,6236232197,1600,1006623973,1101,67635927,659851,68,392328000000,398564232197
1272,2026-09-02-v2-t3,0xaef2d337e990e783186c0788350321f03d64d3bb7eb42534e560b5742befd3d4,46291075,0xaf08e713ddf69d465195d2e4f885ffacdd670ff0c373acf8151a5638e563cb91,17,1,65376,6000000,1000000,6036572252,1600,1040407146,1101,63708186,659851,68,392256000000,398292572252
1273,2026-09-02-v2-t3,0x4dfc4f2482d5fc89bff7985d6d465b81999c30cc00f3ba534d21f5c762cfdc7c,46291075,0xaf08e713ddf69d465195d2e4f885ffacdd670ff0c373acf8151a5638e563cb91,39,1,65388,6000000,1000000,6036572252,1600,1040407146,1101,63708186,659851,68,392328000000,398364572252
1274,2026-09-02-v2-t3,0x32b5b4eba0aff3900853c5cd309b9c6bb2e850c19b718be726b2516165f7cfd6,46291079,0x05848c5386800c5fcbf516b9788d8d1d71a0394cfed48990acf29b59f6e0c160,30,1,65388,6000000,1000000,6236232197,1600,1006623973,1101,67635927,659851,68,392328000000,398564232197
1275,2026-09-02-v2-t3,0x03a9601122367bdcc01318f5a790e01577f447a276c46bc4e243cd1fa55f41a8,46291125,0xb264315905fdccbf6a4d9bfdfb3002f838a8a149507fbea71171b9dda59d3fa0,28,1,65376,6000000,1000000,5710023009,1600,1084192918,1101,57590407,659851,68,392256000000,397966023009
1276,2026-09-02-v2-t3,0x412b28764fa84d1085a92356936ddaf4d72fb62add46cdfa1e4f5af49dfd50f1,46291127,0xd98e582ce8540b819ea2135141620eb2401ee0be6be708cecbdc5da3d3b69e85,11,1,65388,6000000,1000000,5710023009,1600,1084192918,1101,57590407,659851,68,392328000000,398038023009
1277,2026-09-02-v2-t3,0xca1419be0b1c4670567dbcd4f0a2c59d51171cfaad08fae547fa1061cc71a1da,46291123,0x4a687a2d5b190cf4b1964eb942cf0089e5c453a5adc35bfea473c9776cb8e09a,6,1,65388,6000000,1000000,5399652049,1600,963735680,1101,56102594,659851,68,392328000000,397727652049
1278,2026-09-02-v2-t3,0x3785bac95079fcbc08403ad89e555c351b31d245cfaf9d39e02b9505d2e21104,46291123,0x4a687a2d5b190cf4b1964eb942cf0089e5c453a5adc35bfea473c9776cb8e09a,28,1,65364,6000000,1000000,5399652049,1600,963735680,1101,56102594,659851,68,392184000000,397583652049
1279,2026-09-02-v2-t3,0xa1b96b3d9c391c141d55e6a0b1bd637bd1cb989d09972182e27d63c45c75c5c4,46291126,0xfb03b544a04aeb01520f2796e55b35e6340aea5e8e2e9d868029e9115eef65c1,24,1,65388,6000000,1000000,5710023009,1600,1084192918,1101,57590407,659851,68,392328000000,398038023009
1280,2026-09-02-v2-t3,0x01fdcf0163a645bce4f3e83b7ee976d9dbe2ad35ec954a0e1750c3a1bfec7e84,46291128,0xf07d5f3a8302c541324ea18da53b52f66a437ad81fc9ac45bd72f16ee1c97c9e,41,1,65388,6000000,1000000,5710023009,1600,1084192918,1101,57590407,659851,68,392328000000,398038023009
1281,2026-09-02-v2-t3,0x3835e491e112d70ca08c14785adf9ff7ffa8f49ddcf1aa9324645849b79111c2,46291132,0x506d77ddd32d70bb9a41f391276984da321f7a6209151ac64048e667cd002e4a,12,1,60588,6000000,1000000,5922079262,1600,1062995244,1101,61370019,659851,68,363528000000,369450079262
1282,2026-09-02-v2-t3,0x83cb2647fa002d245b7c5d6adac6f31641c682ffae047b024e0c2257bb3cca0a,46291130,0x0b031ffe2d0758e2279cba49b31d6308897558f11cdfbdffe4ce34e7a0b774f5,17,1,65388,6000000,1000000,5710023009,1600,1084192918,1101,57590407,659851,68,392328000000,398038023009
1283,2026-09-02-v2-t3,0xf1ae813d54ccd1a3b3a16af6d60f853afeca67a1c5e98f7f4cb4b0a443f618a5,46291193,0x2c35370ec3aa3f73af72a1ecb12f820f2e51f219370fc31d066f00ad27a0db96,24,1,65376,6000000,1000000,5518583526,1600,1039092604,1101,55893194,659851,68,392256000000,397774583526
1284,2026-09-02-v2-t3,0x77d2f6752af30fe2914e72353dd758a7159a70309c79fb23974a39269de35262,46291192,0xc8390c45072bfd8c9f88c92e3c6d6612680087d9e21dc4754c4922cf7151d3c5,31,1,65388,6000000,1000000,5518583526,1600,1039092604,1101,55893194,659851,68,392328000000,397846583526
1285,2026-09-02-v2-t3,0xf5b12c8d478ad00ab0e6b7cdd42c8d950c375caee29b892b4ce52a0df550ce6b,46291194,0x12ed7ab4c1d2ffba7c65e13f9147141e9028ed82cb9ad0e2c7e14c84d2b9165d,20,1,60588,6000000,1000000,5518583526,1600,1039092604,1101,55893194,659851,68,363528000000,369046583526
1286,2026-09-02-v2-t3,0x3b03c35ddf2d9e3706bb353dd8ce6b329f47d1de6b270c4cca924e1828f24ddc,46291191,0x15ba3500a2fecc33528c372e500a0b3c174061ef5373102cd82785b3cb8fcbd1,13,1,65388,6000000,1000000,5518583526,1600,1039092604,1101,55893194,659851,68,392328000000,397846583526
1287,2026-09-02-v2-t3,0x8ea32e3d0a515766d21903cac4f5cd4807a9b5518f2588015ac1df027ae02a9a,46291190,0xd9203ca8101005efd2fbbd6b07a0b9ba2cd8bf7609159aed9cfa91d440fff438,28,1,65388,6000000,1000000,5587453179,1600,1101541351,1101,55269719,659851,68,392328000000,397915453179
1288,2026-09-02-v2-t3,0x5c2c1bc79d227387f4e32930b80e28b39e9535c14d9730b6b8f82a4be6142aea,46291192,0xc8390c45072bfd8c9f88c92e3c6d6612680087d9e21dc4754c4922cf7151d3c5,15,1,65388,6000000,1000000,5518583526,1600,1039092604,1101,55893194,659851,68,392328000000,397846583526
1289,2026-09-02-v2-t3,0x4c2d2ffd37b6dc685bfc2774fec645fb4c5ac060b61c6a86a69b8411d95dbeea,46291191,0x15ba3500a2fecc33528c372e500a0b3c174061ef5373102cd82785b3cb8fcbd1,35,1,65388,6000000,1000000,5518583526,1600,1039092604,1101,55893194,659851,68,392328000000,397846583526
1290,2026-09-02-v2-t3,0x9f01c3227d22389c3e1e74b14f5e15e09a0f607d7adf48db63ca44cc4531f019,46291193,0x2c35370ec3aa3f73af72a1ecb12f820f2e51f219370fc31d066f00ad27a0db96,6,1,65388,6000000,1000000,5518583526,1600,1039092604,1101,55893194,659851,68,392328000000,397846583526
1291,2026-09-02-v2-t3,0x18c48de03b55d7d999a4b2ee0fe38c5c2271bf314845ea8fe7f9ebf66f25f370,46291241,0x87d5e40d7c6cb22ba13f1e43662078de111367780c5e770725ba56929b9536f1,27,1,65376,6000000,1000000,5719503491,1600,1121599574,1101,56735440,659851,68,392256000000,397975503491
1292,2026-09-02-v2-t3,0xa5e7c06a83dda5e1da7fa5dcac3c0dd57e8329373ebf5cd6151ce781dc5ccc4f,46291238,0xfcbbca9ce021d4aa6623099a6b12a4dc6e72b6e2326fdef75cb074722f5b9f5c,13,1,65388,6000000,1000000,5991689964,1600,997017627,1101,64186365,659851,68,392328000000,398319689964
1293,2026-09-02-v2-t3,0xeda6c2c6f8aa61ad607ea397a9e59df6bd0b5938892f769d76ff2848553a43a3,46291242,0x5dfa7527829c0a475d974722405526bc433fdc6e57240e484c93034b2a4c56b5,26,1,60576,6000000,1000000,5719503491,1600,1121599574,1101,56735440,659851,68,363456000000,369175503491
1294,2026-09-02-v2-t3,0xbf0e99c58d61f06fcc1b943d3fef5ba4864ad7bbee04d4f46a508b136783d19d,46291242,0x5dfa7527829c0a475d974722405526bc433fdc6e57240e484c93034b2a4c56b5,12,1,65388,6000000,1000000,5719503491,1600,1121599574,1101,56735440,659851,68,392328000000,398047503491
1295,2026-09-02-v2-t3,0xc93d7721aa711097488ab33d332b33433efc44cfa2c752ee63d6782a6b3c03fa,46291237,0xa12861baaf06506ac862d5c8f23eda1152f19f1eb07c70c1f9a4b0ccb2b7f7cc,36,1,65388,6000000,1000000,5991689964,1600,997017627,1101,64186365,659851,68,392328000000,398319689964
1296,2026-09-02-v2-t3,0x62c7df1038810aedd212cd44d8eb41aa83d4d4c276fcecc625bc92e9b61b7604,46291240,0x89c055ec7a47bafec0c9a84c51c71e5530279ba87b315f3e28df7bd2b4915c0c,35,1,65388,6000000,1000000,5719503491,1600,1121599574,1101,56735440,659851,68,392328000000,398047503491
1297,2026-09-02-v2-t3,0xa001bd1924f0ddee22c1ed87bde28c52afbb4e4af590caeeab23927789e33e74,46291240,0x89c055ec7a47bafec0c9a84c51c71e5530279ba87b315f3e28df7bd2b4915c0c,10,1,65388,6000000,1000000,5719503491,1600,1121599574,1101,56735440,659851,68,392328000000,398047503491
1298,2026-09-02-v2-t3,0xfbc719e1618b95d88070d2729f567022f41aba013767c81bf170bcbfea6735b6,46291241,0x87d5e40d7c6cb22ba13f1e43662078de111367780c5e770725ba56929b9536f1,14,1,65388,6000000,1000000,5719503491,1600,1121599574,1101,56735440,659851,68,392328000000,398047503491
1299,2026-09-02-v2-t3,0x397ab2aace72dac7587383484ee7e2ae8571760c847e24cebdfff037ce262e5e,46291291,0xc54fb38034a6c8416c13a9646dd35a852ef55dd9a6788bb58c044d7ad459dd19,44,1,65376,6000000,1000000,5910934144,1600,1073796575,1101,60912753,659851,68,392256000000,398166934144
1300,2026-09-02-v2-t3,0x58d44f2229e827d28bc15d2d07dea30e6ceee0d78ae2d4d005c808d3dc3a4bb5,46291295,0xff3f0321ae9e9268a806526c7dd8832067f2889f70c5e670ec0df711b4c77e59,13,1,60588,6000000,1000000,5840704513,1600,999547770,1101,61830643,659851,68,363528000000,369368704513
1301,2026-09-02-v2-t3,0xbc1f5bf0dc98ea59c14eff9b1da922c07fe82c3ab7760c4a71fb5d8616fc4430,46291293,0xc617b6947ed3e9db4dafc7dba6d2af7ddf0b073d0c03a7ba3abeb2728ca43647,42,1,65388,6000000,1000000,5910934144,1600,1073796575,1101,60912753,659851,68,392328000000,398238934144
1302,2026-09-02-v2-t3,0xa72e3550ada09d28a7029418a9f70a89646ddcb206cabd28f5b4a930b412aace,46291294,0x051691fd87491aa4ce98a616ad7832076952b33489857e6d0b6d4a6a88fd3104,15,1,65376,6000000,1000000,5840704513,1600,999547770,1101,61830643,659851,68,392256000000,398096704513
1303,2026-09-02-v2-t3,0x6109d6a7221eee36b752c43d374b2384959915fcc3d84443edc35964b0ae080d,46291291,0xc54fb38034a6c8416c13a9646dd35a852ef55dd9a6788bb58c044d7ad459dd19,22,1,65388,6000000,1000000,5910934144,1600,1073796575,1101,60912753,659851,68,392328000000,398238934144
1304,2026-09-02-v2-t3,0x36765b47a3b490d0369bdfc42a10fc5092a9274fe36c39b4456130a95d6b3ad7,46291294,0x051691fd87491aa4ce98a616ad7832076952b33489857e6d0b6d4a6a88fd3104,26,1,65388,6000000,1000000,5840704513,1600,999547770,1101,61830643,659851,68,392328000000,398168704513
1305,2026-09-02-v2-t3,0xa1014f5df111ff0eb929e059345f9adbbbb108b44c7a2fe35fcf8c1c751b2401,46291293,0xc617b6947ed3e9db4dafc7dba6d2af7ddf0b073d0c03a7ba3abeb2728ca43647,11,1,65388,6000000,1000000,5910934144,1600,1073796575,1101,60912753,659851,68,392328000000,398238934144
1306,2026-09-02-v2-t3,0xb0dc1f9a9a01a94b81b4af4a0caaef5ec9286b942bf136c50e8d5d9003a5e375,46291292,0xe1daf7f5d1fca40ec41f8f546445b0efc518671e18e36cacd949d82e76692130,19,1,65388,6000000,1000000,5910934144,1600,1073796575,1101,60912753,659851,68,392328000000,398238934144
1307,2026-09-02-v2-t3,0xce6510964cb63a060430fdc137a0486cbab9cc4b2800c7ee43c5584f1dd0c14c,46291337,0x8722ebba242710def99a609c5c024c964436dae49c5ebd0028981aaaed0a75cb,29,1,65364,6000000,1000000,5849357909,1600,960753306,1101,62997478,659851,68,392184000000,398033357909
1308,2026-09-02-v2-t3,0x5ea4d83a6734b08b30adf565a2222b3addc7aeaca413c460a84b3a674d5f8c1c,46291338,0x1f6444063453c5ec133309a056e1b238f1f247d108bc111131a28cdad0180b3b,21,1,65388,6000000,1000000,5849357909,1600,960753306,1101,62997478,659851,68,392328000000,398177357909
1309,2026-09-02-v2-t3,0xa299c62f66a52a8998dce53de3c0d29c8834a5c05b4687deefe07603c21cbf30,46291340,0xf03b79910b2efa30f1ff3371522bfd5b72d3ca3aba1d52e30991f872f3d7dae5,24,1,65388,6000000,1000000,5849357909,1600,960753306,1101,62997478,659851,68,392328000000,398177357909
1310,2026-09-02-v2-t3,0x547a49b58df488b3ded6b18c6429b60cbca7f795e99a63d071b5d98f335ef5ad,46291341,0x5f0744df413e368c62ef0272fdcf6e44d7396c3e089e48be1ab3b058a18d75d4,23,1,65388,6000000,1000000,5849357909,1600,960753306,1101,62997478,659851,68,392328000000,398177357909
1311,2026-09-02-v2-t3,0xc9dc014e8d6e32218c982ea8de7b72287c00a3740ddf67f7e3fb1093a829e1ff,46291339,0x1b535784ee839f979aa8eddc005f9ef444c247bde1264b6da8c7e3db59367add,38,1,65388,6000000,1000000,5849357909,1600,960753306,1101,62997478,659851,68,392328000000,398177357909
1312,2026-09-02-v2-t3,0xcc199e410944563abba6e199626d7c884465af0e3423943a00aba0860f6f98a1,46291340,0xf03b79910b2efa30f1ff3371522bfd5b72d3ca3aba1d52e30991f872f3d7dae5,43,1,65388,6000000,1000000,5849357909,1600,960753306,1101,62997478,659851,68,392328000000,398177357909
1313,2026-09-02-v2-t3,0x5b0c88146ce693769701eb08dd70d107e315572f2ca120f662104efa1dd9bf56,46291339,0x1b535784ee839f979aa8eddc005f9ef444c247bde1264b6da8c7e3db59367add,17,1,65388,6000000,1000000,5849357909,1600,960753306,1101,62997478,659851,68,392328000000,398177357909
1314,2026-09-02-v2-t3,0xc35afed384bab8eafa45a48808eea23f5ae19ad838120196f14f40b9faf402d1,46291341,0x5f0744df413e368c62ef0272fdcf6e44d7396c3e089e48be1ab3b058a18d75d4,42,1,60588,6000000,1000000,5849357909,1600,960753306,1101,62997478,659851,68,363528000000,369377357909
1315,2026-09-02-v2-t3,0x7162a5a8050b63e892129f8784ae30228f11e7083de626f121d927fe0b941db2,46291379,0x1f912b1cff5d18bf0e16d7cd2f9d1821efe1bdb9f02a0b9b5aabfaece274c5e8,39,1,65376,6000000,1000000,6040081780,1600,960729526,1101,65888521,659851,68,392256000000,398296081780
1316,2026-09-02-v2-t3,0x58057a7a06a3c6b2246fc3d4a6e4183b4ce63ff18c0398f8419417853ea26ce0,46291381,0x43e9c45298ba6b996d635572b30db4e0dce87aa6ae2fb9eb8730dd84e40bd08d,7,1,65388,6000000,1000000,6040081780,1600,960729526,1101,65888521,659851,68,392328000000,398368081780
1317,2026-09-02-v2-t3,0x7d2578ea64a4be28ceb076604b2014935fe50be17cd5fe7bb85350f360ce4368,46291381,0x43e9c45298ba6b996d635572b30db4e0dce87aa6ae2fb9eb8730dd84e40bd08d,25,1,65388,6000000,1000000,6040081780,1600,960729526,1101,65888521,659851,68,392328000000,398368081780
1318,2026-09-02-v2-t3,0x47db706684898fe90e5bc5b75d252491a11ebfd58ed7a5a657bb0fac110d8d41,46291378,0x361fef8f766b10101a46eb23fe994955045e5be977ff6ccd7c323975a589b82b,15,1,65388,6000000,1000000,6040081780,1600,960729526,1101,65888521,659851,68,392328000000,398368081780
1319,2026-09-02-v2-t3,0xd8dbe3e302386b228fbbc0757997fbfdb6348df276cfa0a7a783ecec9b7af39e,46291380,0xc18fa6c1db4fda7afa814443aeb28e525a816e5b3d48d0ae6bd1e997956b7255,25,1,65388,6000000,1000000,6040081780,1600,960729526,1101,65888521,659851,68,392328000000,398368081780
1320,2026-09-02-v2-t3,0xb80fd426df0dc70caa540776c57352e8d51961f9032cc90126e2f02c3ae0a7a3,46291379,0x1f912b1cff5d18bf0e16d7cd2f9d1821efe1bdb9f02a0b9b5aabfaece274c5e8,10,1,65388,6000000,1000000,6040081780,1600,960729526,1101,65888521,659851,68,392328000000,398368081780
1321,2026-09-02-v2-t3,0xd11cfa237ce1170c8bf10b593bed4b860ba85e1d5439199b27d43aa67f294293,46291382,0x1c1c931df26e5714fd1ae906c0c028ebd8874582854832dd9ca21bae0e822da4,48,1,60588,6000000,1000000,6040081780,1600,960729526,1101,65888521,659851,68,363528000000,369568081780
1322,2026-09-02-v2-t3,0x04ed1291e6db3422b25ba52eca72c5938b9e939fc891ba5ea31a1d149afc8098,46291382,0x1c1c931df26e5714fd1ae906c0c028ebd8874582854832dd9ca21bae0e822da4,20,1,65388,6000000,1000000,6040081780,1600,960729526,1101,65888521,659851,68,392328000000,398368081780
